,baseMean,log2FoldChange,lfcSE,stat,pvalue,padj
SOCS3,180976.923813598,6.36919451559793,0.276361121029904,23.0466372833563,1.5896687887865402e-117,2.3706730647173702e-113
LOC100506860,813.454961427778,5.31976837858205,0.250281081091275,21.2551758022893,2.95254344330782e-100,2.2015640185024698e-96
CDK2,916.013268288045,3.03568594432941,0.166822143344891,18.1971402804326,5.43732080693792e-74,2.70289217312884e-70
OSM,59086.9221896857,3.24144968905106,0.183352445513159,17.6787916843925,6.1091481248431e-70,2.27764314964463e-66
PDE4B,210479.624635389,3.28197369249416,0.206140881863398,15.9210228598372,4.5291176459057997e-57,1.35085462906786e-53
HCAR2,117809.200137172,3.31223344020611,0.211583017455807,15.6545335255838,3.0937331669279898e-55,7.68947378639952e-52
ZNF155,421.560306466166,3.42736986373837,0.229616002252102,14.9265287703048,2.215002703449e-50,4.71890504521927e-47
IL1RN,231523.983057724,3.25344301262822,0.219990450163279,14.7890192970353,1.7244813103168498e-49,3.2146487225944002e-46
EGR2,1914.71097773752,4.05393059376402,0.278823171799831,14.5394321698426,6.81556511167743e-48,1.12933913900495e-44
HCAR3,167334.844333616,3.47432601318172,0.251601889185116,13.8088232343339,2.25484917642456e-43,3.3626565768019397e-40
NFKBIZ,60696.3788881226,2.4742779475492,0.179653454302098,13.7725041645375,3.7305428884035796e-43,5.0575987358875e-40
ECHDC1,3470.68906697833,3.44668372982302,0.252264982342265,13.6629495612937,1.6899728811060498e-42,2.10021379799455e-39
SYN2,452.727953784332,3.97086864083277,0.29181249692766,13.6076031103533,3.6088644601175395e-42,4.1399227456717603e-39
ZFP36,228125.826255964,3.15129438316516,0.239465990464752,13.1596740608099,1.4973038586743e-39,1.5949494603149897e-36
EIF3I,1669.62069221682,1.23504789317486,0.096237860087846,12.8332850714626,1.06740413637579e-37,1.06121319238481e-34
EXOSC4,627.332611112104,2.76913087960232,0.217207801473154,12.7487634459786,3.1672931181650996e-37,2.95211514194976e-34
C1orf74,1148.97144874461,-3.3152529877587,0.261788835332374,-12.6638440617591,9.37917439816442e-37,8.22774281175447e-34
ADPGK-AS1,556.93594075949,3.7646627692937,0.312239628629821,12.0569665862527,1.78227020360402e-33,1.4766108636859298e-30
TNFRSF10D,978.683786026998,3.29539549367167,0.287372302146664,11.4673386024163,1.9248847728554397e-30,1.51083192724175e-27
SERTAD1,1334.66029403045,2.92037170437508,0.255888133256817,11.4126890809904,3.6138153122158e-30,2.69464138755371e-27
ICAM1,130172.537358869,3.0116030896036,0.273194225743215,11.0236703627635,2.93828504029658e-28,2.0866021336163302e-25
PLEK,223262.454634321,2.47581252602195,0.225742325191546,10.967427237764,5.48097987247548e-28,3.7153569471921304e-25
FLJ32255,2356.65202128968,1.97358432966837,0.181069010452052,10.8996250917877,1.15733158994484e-27,7.50403739167278e-25
POU5F1P3,717.101626461017,3.20833503589935,0.296013560436818,10.8384731806371,2.26214829007254e-27,1.40564239374382e-24
LOC81691,264.687117187795,5.0320311936282,0.46564192018896,10.8066541594584,3.20134231554583e-27,1.9096647180694e-24
LOC731424,23763.158620493,3.09803565507712,0.286938479283043,10.7968637138456,3.56162070108449e-27,2.04286344289511e-24
LINC01262,170.365218365883,4.25353275512937,0.40275435762829,10.561109208544,4.51297174079518e-26,2.49266472483254e-23
MIR3945,675.164064272391,2.68456677918172,0.255439140049975,10.5096140656303,7.801213580190001e-26,4.15498207576334e-23
LOC100507144,152.389459728415,5.39904873105594,0.519481014393258,10.3931589056472,2.6638155168632203e-25,1.3698441656200399e-22
SCNN1A,137.974423136531,3.52022091139942,0.345360487309767,10.1928884187669,2.13329910725028e-24,1.0604629862141201e-21
TP53INP2,55322.1922228187,2.36666428226523,0.232556986091561,10.1767068882353,2.5194353574034202e-24,1.2120109511276501e-21
IDI2-AS1,158.204554027701,3.10839589862379,0.306175237397766,10.1523425768934,3.23503306960222e-24,1.50762650521806e-21
SPTA1,94.5701171561216,6.17912079690667,0.609977400767616,10.1300815229067,4.06310548245019e-24,1.83615430484181e-21
LOC101928674,412.312469082661,3.30818108578979,0.329491912867061,10.040249719648,1.01417082645418e-23,4.44833221615035e-21
LSMEM1,2702.79300779519,-3.25739255079447,0.326877608793684,-9.96517492530499,2.16492423911614e-23,9.224432907982571e-21
TRAF3IP3,2616.908844585,-1.62524298031114,0.163284235721174,-9.9534592125992,2.43566450464099e-23,1.00897402104753e-20
ZNF226,277.024908620355,2.46972189601488,0.24895352342291,9.92041350553387,3.39347364097442e-23,1.3677533083203102e-20
HSPA6,11716.4118280794,1.64651576023559,0.168940771326672,9.74611248253278,1.9166786954157099e-22,7.52195510124592e-20
LINC00211,1308.41560208556,1.47487418725306,0.152147290930235,9.69372624537462,3.2061310973352397e-22,1.22597520652719e-19
DNAJB9,3076.32400644923,2.18860225270104,0.226681057875867,9.65498517260114,4.68227006996136e-22,1.74566733883334e-19
FAM86EP,302.760844349394,-1.91967111572642,0.200207680332119,-9.58839896922002,8.94624084903085e-22,3.25403145808773e-19
PTX3,1315.71106386636,2.95707149125328,0.309702453303676,9.54810483323408,1.3209044277686001e-21,4.69015422174122e-19
PLAC9,161.788742050079,3.59113767839974,0.376555266503943,9.53681437452992,1.47287155849718e-21,5.10812408182987e-19
LYRM1,2732.79546526254,2.37094261604332,0.251577612616038,9.42429889285058,4.3298850421373404e-21,1.46753580984987e-18
NFE2L3,770.809094191498,2.06641831593503,0.221005057793314,9.3500951361374,8.75689238869197e-21,2.9020341376125198e-18
WSB1,37461.3111942707,2.34722018657455,0.251926354193689,9.31708869477756,1.1957625258069999e-20,3.87661011899125e-18
RHOH,6551.03110217803,5.0309060139569,0.549317470696147,9.15846715667219,5.26396877065434e-20,1.67024609099507e-17
UPP1,2220.71202747668,2.43032943247192,0.266608631658856,9.11571923740897,7.815036179974981e-20,2.42803405316598e-17
SERTAD3,633.494141042127,1.57907135534832,0.174711059467304,9.03818773787376,1.5929062271149101e-19,4.84796133978869e-17
CD274,994.839046016608,2.33792049977988,0.260890105770711,8.96132297878176,3.20805891611164e-19,9.568356523194591e-17
VPS9D1-AS1,642.824758662905,2.95321053867336,0.330814984183669,8.92707609953282,4.37416520540096e-19,1.27905736682636e-16
TGM2,253.320151730866,4.21836221184419,0.474723995074187,8.88592583398902,6.339063663562591e-19,1.81797031566748e-16
LOC101927780,624.864085803896,2.38597897522291,0.269081097279057,8.86713708004718,7.50504986566437e-19,2.1117511065406199e-16
DLGAP1-AS2,992.636325850419,1.47663162716578,0.168989995520624,8.73798252148934,2.3731020844101598e-18,6.553716923112729e-16
LINC00309,318.64802540663,2.40225405961524,0.275581172035974,8.71704711126512,2.85551346175039e-18,7.74259495546973e-16
IL1A,34313.2027487413,5.34017370704377,0.613763820646746,8.70069809819782,3.2984870866451003e-18,8.78398891484614e-16
C11orf71,229.098073455282,2.23884142379745,0.258505345054466,8.66071617716741,4.68809470714e-18,1.22655362048384e-15
PLSCR2,81.8044717956327,3.18953332170489,0.368861373296064,8.64697025119201,5.28847499719579e-18,1.3597763385031201e-15
NXT1,531.577014973985,2.61068516343893,0.302920530773226,8.61838303523031,6.79061963848694e-18,1.7164154350636601e-15
DCUN1D3,7723.09425206503,3.41193571371566,0.402606786684861,8.47461052956949,2.35867299233154e-17,5.76637546469513e-15
JUNB,136756.825065914,2.00892894989487,0.237559286142342,8.45653723968151,2.7543433188423302e-17,6.625084179660581e-15
TKTL1,228.491865925401,-2.49604299831855,0.297345627343148,-8.39441635856989,4.6821418536255203e-17,1.10832986449393e-14
HSPA7,5704.08793067865,1.54542996357183,0.184522089174247,8.3753114355456,5.5078024384723504e-17,1.28340402757716e-14
HBEGF,2377.22112446809,4.95320742634068,0.600621061242724,8.24680942105522,1.62679548477943e-16,3.73236939454087e-14
DAXX,1304.69503154487,1.41396506324896,0.171545267310615,8.24251863905234,1.6862283897727e-16,3.8101096934364e-14
PPP1R15B,48111.8621047935,1.50282308001496,0.182389712039886,8.2396263649252,1.72749272425304e-16,3.84508940250532e-14
TXNRD2,171.078205715982,1.44590550119468,0.17555403464257,8.23624193051759,1.77704406605805e-16,3.89721443487114e-14
EGR1,91993.7410722787,5.0283929598331,0.611295186853641,8.22580165519447,1.93889639102227e-16,4.19054519990075e-14
POU5F1P4,90.5912207841565,2.58708558741716,0.316568736353909,8.17227126473072,3.02637113248885e-16,6.447467528400891e-14
UST,319.839126258858,1.91943655732693,0.235897642621383,8.13673479733599,4.06080897407736e-16,8.529414680340241e-14
LINC01136,2026.8766837795,1.80388974427231,0.226279085262355,7.9719685192329,1.5616659181893902e-15,3.20282209639128e-13
CLEC4A,4493.71701878705,2.30376271536444,0.28900047605651,7.97148415393603,1.5677999935396202e-15,3.20282209639128e-13
TNFSF14,6828.07700910427,-1.34566716898963,0.169526656042007,-7.93779102595044,2.05813712740944e-15,4.1477025650077e-13
NABP1,34328.6251339158,1.92858159681024,0.243664638004858,7.91490145062323,2.4744901840476402e-15,4.92027628196032e-13
GBP1P1,390.249687571697,1.65674242968235,0.21122863212823,7.84336106800426,4.38644383349495e-15,8.60724169590923e-13
SERPINB1,25468.454135026,1.48461661153018,0.189855895564738,7.81970244913438,5.294834318915151e-15,1.02547875581794e-12
IDI1,5427.12395984574,2.1183499770251,0.271010074741558,7.81649899563776,5.4312751082496804e-15,1.0384180216580399e-12
RGS2,121696.901912051,-2.16919986457696,0.27786802748262,-7.80658316190279,5.875920350156351e-15,1.1092101288845799e-12
CXCL1,66641.5645888369,2.73347518636477,0.350701589842429,7.79430508881616,6.476389728469791e-15,1.20728000025837e-12
LOC100130476,1308.97057161869,2.32124109392803,0.298227477826845,7.78345815363056,7.05685016422923e-15,1.2992445246808699e-12
IL1RL2,186.377773788535,2.0293732279099,0.261878763566017,7.74928520463369,9.24112520877144e-15,1.6806451248586399e-12
POU5F1B,162.221615436538,2.72822891332029,0.353939440708823,7.70817998654389,1.2762467413479501e-14,2.29309248840023e-12
GBP1,13018.7963839323,1.54542509359529,0.200842580042608,7.69470842919579,1.41817191993274e-14,2.51776164785202e-12
KLF2,11420.519806103,1.86443563867131,0.246040042043597,7.57777320791119,3.5153619796066404e-14,6.167599200220449e-12
LINC00664,2010.32546914916,1.92319834924704,0.255901658281617,7.51538056518016,5.6745620475233997e-14,9.84008649008331e-12
ATF4,8398.4303090798,1.33179405480351,0.177267121866097,7.512921972127,5.7821994862449e-14,9.911487464180479e-12
GZF1,3009.61385662381,2.3584789798766,0.31537359840771,7.47836531588036,7.525276897364611e-14,1.2752778905727099e-11
EMP1,51.8429094011404,4.90767147001336,0.657512484082349,7.4639973974984,8.393625997466521e-14,1.4064510618002e-11
PPIL1,72.8829514501816,3.73951514877553,0.501679550948145,7.45399158029876,9.05577797723571e-14,1.50054241082796e-11
LRG1,15172.721043659,1.56508157352445,0.210259075397701,7.44358630210908,9.798803636481541e-14,1.5883647677266198e-11
SIK1,2722.84093159261,-3.0475683140732,0.409350879214207,-7.44488034305272,9.70323270572172e-14,1.5883647677266198e-11
SRSF3,6361.37213139041,1.45357587558227,0.19644758185803,7.39930653171775,1.36897512568418e-13,2.19521785476648e-11
ZNF200,2613.30333462656,1.46936200251966,0.199013971481496,7.38321029212904,1.54517675632213e-13,2.4514064858544598e-11
TNFSF8,1827.30847525431,1.14419585779263,0.155863588775133,7.34100803647852,2.11991079137881e-13,3.32781364545602e-11
PLEKHG6,801.90918559325,3.18244479149031,0.433779057444063,7.33655702569436,2.19158458514421e-13,3.40448967898496e-11
C2orf80,24.9744094547492,7.6610858398488,1.0445315984224,7.33447016004082,2.22600355482128e-13,3.4223083518608e-11
BTG2,112132.688700058,1.62019778980407,0.222225421666929,7.29078508503145,3.08153999249827e-13,4.689286317155779e-11
PELO,363.853789569785,-1.94589086218006,0.267314605417729,-7.2794034547392,3.35299524801583e-13,5.050830114511119e-11
CISH,4818.85577206134,6.09769455490608,0.842328648672432,7.23909196786369,4.5169866576614e-13,6.73618220257044e-11
MIR22HG,7047.16614207979,1.62887382173006,0.225458095532454,7.22472980126629,5.02099137700175e-13,7.41366776289377e-11
IFRD1,11933.5777637107,-1.32873565524256,0.184610428000682,-7.19751137372178,6.13214356650748e-13,8.965554608561379e-11
CARD6,1152.16189133422,1.42534790571364,0.198510746359069,7.18020526271887,6.96068340985327e-13,1.00781234651594e-10
LOC101929709,301.461607649793,2.2190829455395,0.312378474114777,7.10382798247534,1.21347880446144e-12,1.7400585972051401e-10
FLJ23867,665.458473704861,1.44366212206534,0.203661714294927,7.08852975662741,1.35544239116032e-12,1.92511546470227e-10
DHCR7,165.607642619001,-1.65082443036628,0.233010248116941,-7.08477178024281,1.39273629159947e-12,1.95942229402102e-10
LUCAT1,12396.3332362913,1.17790390719494,0.166307469874169,7.08268791585945,1.41384843577248e-12,1.97053474043692e-10
C9orf66,455.616340217246,1.22585891479992,0.173466392101481,7.06683813474811,1.5850365282073699e-12,2.1886712726996801e-10
CXCL2,3829.7241238245,2.45577888023601,0.347886278376695,7.05914269368471,1.6753296849165499e-12,2.29212766891381e-10
GPR132,5429.76988732179,1.32269061228719,0.188697317784653,7.00958883685185,2.3901948820792697e-12,3.2404523887680203e-10
MAFF,12599.8862934924,2.18916030055885,0.312372032498353,7.00818278464281,2.4143326922825097e-12,3.24368859819902e-10
ETS2,40818.3785611761,2.09560054113411,0.299429847400818,6.99863610566828,2.58466199355388e-12,3.44152359909545e-10
ECE2,23.184519573862,4.98556161631185,0.714048162138049,6.98210832359509,2.90782775208648e-12,3.83756064308546e-10
FFAR2,49406.8215835467,1.41510079239182,0.204658836195247,6.91443779657671,4.69722459311804e-12,6.14471143483941e-10
ATF3,335.170263133736,2.47034926511539,0.358512934146671,6.89054432860363,5.55793036238784e-12,7.207427434286081e-10
TMEM170B,6412.75448861501,-1.63549277492305,0.238576451170128,-6.85521461527979,7.120553748402109e-12,9.15420845257937e-10
LOC100289230,495.614608729164,2.04278415182791,0.298402065772844,6.8457440015947,7.60794233923687e-12,9.69720035085807e-10
FAM86B3P,1215.99924108899,-1.74168014896856,0.255032089720304,-6.82925882338444,8.53544593124558e-12,1.07872123027682e-09
GPX3,969.270493689918,-1.86739323097783,0.273571156358079,-6.82598727087144,8.73226729144884e-12,1.0943218665325801e-09
FFAR3,277.667197469742,2.30094266539069,0.341033856668912,6.7469625680729,1.50972203086481e-11,1.8762070538572503e-09
MIR5696,64.1533699394085,2.95726272158815,0.439990637298572,6.72119465937952,1.80240609199783e-11,2.22142826859203e-09
DNAH17,2027.689560778,1.96294319791834,0.292167144100413,6.71856243097517,1.83526110632733e-11,2.24338105562783e-09
POU5F1,954.982064452958,1.43878842381312,0.216149734828308,6.65644315944212,2.8053355238320897e-11,3.4012982656022804e-09
HNRNPA2B1,13741.9504687267,1.21069877361469,0.182075584440825,6.64942956153556,2.9423111573022596e-11,3.5386037329716604e-09
RPL36A,1360.05936474822,2.5872493457017,0.390368557705358,6.62770936499067,3.4093588735270396e-11,4.06750151047269e-09
ACTG1,43782.4886975762,1.71637526717148,0.260829783193927,6.58044202680396,4.690516965872509e-11,5.55156186603625e-09
SOCS1,360.124819333535,2.23146389243587,0.339224192141427,6.57813901287306,4.763727609351139e-11,5.59381652269713e-09
TMCC3,13188.4641584116,-1.32022775208099,0.201530243708005,-6.55101550908583,5.7147122878448004e-11,6.6580862772366804e-09
PAF1,5439.04284554942,1.06800902476182,0.163112213238884,6.54769501041397,5.84318952313132e-11,6.7549988649967e-09
TRIM38,9998.91090953012,1.16799855245266,0.179279991869791,6.51494090484435,7.271828108874501e-11,8.34190558366503e-09
LINC01366,699.067165989647,2.25963160311605,0.347723717064816,6.49835341169683,8.1203864843459e-11,9.244223178706131e-09
MLK7-AS1,78.9620636779684,3.50387252183716,0.541921945228185,6.4656405829105,1.00870574917695e-10,1.13960824526332e-08
IER3,28785.2244451232,1.71134982857349,0.265900464229646,6.43605430901195,1.2261917551326002e-10,1.36464161524571e-08
PRDM7,530.382954794414,1.31791121728711,0.205103189458771,6.42560079521354,1.31349695139629e-10,1.45097629897577e-08
FAM207A,127.870378701399,-1.62392236545688,0.252951179067938,-6.41990431292166,1.36360029063536e-10,1.49524787751802e-08
CAMK1G,244.713544603637,3.37092254108401,0.527197459156001,6.39404170589246,1.61557332242899e-10,1.75861642024697e-08
RLIM,16515.6896090596,1.45938651900628,0.22884456959201,6.37719532348141,1.80360377142228e-10,1.94906833646525e-08
MTMR9LP,39.8855214633138,2.53278128751815,0.397457461855392,6.3724587675238,1.86021441298066e-10,1.99578255689069e-08
PDYN,35.2477168019909,6.72472001219846,1.05551793646535,6.37101443744077,1.87781962432379e-10,2.00028028982433e-08
BEST1,2896.28744652326,-0.894119040991394,0.140810802886978,-6.34979009180893,2.15608922261104e-10,2.28040840970201e-08
ZNF473,270.927059805244,-1.17899700186162,0.186159439400916,-6.33326467707346,2.40027283366573e-10,2.52079357524346e-08
ZNF230,1133.01800456082,1.52406693391612,0.240746539864638,6.3305870762381,2.44230141037711e-10,2.54699586943733e-08
CD69,4943.87198007745,5.71726531502833,0.906700499779193,6.30557203444869,2.87131420118871e-10,2.97360476960606e-08
TIPARP,2788.8802671613,1.51866941504443,0.240951372650036,6.30280457978627,2.92307353804757e-10,2.98573942965092e-08
LOC286059,454.806583797796,-2.05782015944292,0.326471830940256,-6.30320892775433,2.9154546281042004e-10,2.98573942965092e-08
SRFBP1,281.87159554633,0.922004752777292,0.146760148029936,6.28239181517601,3.33403274788935e-10,3.38234220199142e-08
KIAA0226L,14512.9240547555,-1.35484372435132,0.215825078329957,-6.277508317546,3.44041864740505e-10,3.46668670869942e-08
ARRDC3,4159.27655644394,-1.4216823867286,0.228428980663149,-6.22373913590705,4.854439757224401e-10,4.85867517446225e-08
CSRNP1,38022.3724103002,2.0082697027713,0.322813982704501,6.22113604233072,4.93567961826395e-10,4.90705267647802e-08
DUSP5,1194.39001201563,1.71655228351919,0.277446769317738,6.1869607915793,6.133521262357381e-10,6.05756308513481e-08
TMEM52B,468.186433944265,1.42486517383478,0.231246378995265,6.16167561207068,7.19791862367634e-10,7.06201055492666e-08
FBXW2,2826.84113433215,-0.997768768024948,0.162150699120137,-6.15334237495767,7.58667772432872e-10,7.39477940541923e-08
CLEC4D,2581.66384197228,1.34245256470829,0.218437278698396,6.14571181580165,7.96057020565487e-10,7.70883009590462e-08
LOC101927905,196.752016591965,-1.68244191818084,0.274080050617637,-6.1385055730597,8.33013908350437e-10,8.01466865498714e-08
CDKN1A,2004.85359171355,2.26805762686834,0.370930371045223,6.11451044161552,9.68538286834823e-10,9.2588535074152e-08
CLK1,10832.9413610524,-0.966905793044843,0.158946542218686,-6.08321376198627,1.17797125840846e-09,1.11892263545512e-07
CCRL2,1398.39465652411,1.49839370342121,0.247168271993464,6.0622412874288,1.3423762694002e-09,1.26701628516235e-07
ALG1L2,327.608253807543,-1.83630327897321,0.30305892344557,-6.05922854240923,1.36775942461219e-09,1.28285511315985e-07
KRT8,156.409293823255,1.51224199216453,0.250017175871492,6.04855241202236,1.46153076526412e-09,1.36223801889899e-07
C5AR1,89767.8431012128,-0.920445664051357,0.15249175583136,-6.03603558128924,1.57946440621023e-09,1.46301569501945e-07
FRMD6-AS1,537.382610064658,0.844716070527619,0.140062188919211,6.03100720505558,1.6294092212632602e-09,1.49996171090734e-07
ICAM4,4035.6653661338,3.69692435298787,0.614111379814506,6.01995741245593,1.74462966864353e-09,1.59617559806632e-07
LOC100130331,425.314190418488,1.6232854831476,0.270698003859653,5.99666587858998,2.01409864235177e-09,1.83147884471902e-07
RGS1,944.1680258094,-2.24600861712634,0.375133273029163,-5.98722848280039,2.13446843043713e-09,1.90606752713227e-07
FOSL1,2491.69841924894,1.98863701245823,0.332141737705388,5.98731441039839,2.13334148075514e-09,1.90606752713227e-07
CCNL1,28512.2386906828,1.1275603411871,0.188288249574017,5.98847959837159,2.1181170166771304e-09,1.90606752713227e-07
LCP2,71744.445308,1.20414674221024,0.201533936149208,5.97490807363943,2.3021996302128302e-09,2.04361327889071e-07
CXCR4,29319.7676069598,-2.33403237409769,0.390841251420476,-5.97181685816138,2.3462583414241202e-09,2.07039944648863e-07
ZNF276,4433.49384848368,1.55753064214825,0.261529454694813,5.95546931402349,2.5932655660299603e-09,2.27490408154146e-07
NEAT1,36956.7423779403,1.46604590773545,0.246727726965756,5.94195847286725,2.81636775975017e-09,2.45616914626633e-07
ACTN1-AS1,42.5329776459701,2.56343856009112,0.432092457974599,5.93261583899668,2.9814589309184403e-09,2.5850288974876e-07
LOC105747689,4229.77204005232,1.53662836155664,0.259475754339144,5.92204988658869,3.17953132991445e-09,2.74082952156152e-07
MIR222,32.0778995123235,6.72869853414407,1.13725926233296,5.91659154337497,3.2868157220035104e-09,2.81702775070335e-07
PRNP,696.172455018758,1.84896974565931,0.312595993293563,5.91488625998774,3.3210499695573e-09,2.83010389691474e-07
CASS4,43649.1333850092,2.22168498755893,0.376971425871862,5.89351031691751,3.78076484010248e-09,3.20281650258266e-07
LPP-AS2,181.915401495322,1.74576126939393,0.296262697101465,5.89261249044809,3.80137142732603e-09,3.20281650258266e-07
TNNI2,412.6965931056,-1.39653823944844,0.237576315101562,-5.87827216215314,4.14570908448257e-09,3.45390835625076e-07
PDSS1,222.706854805775,2.90815865577271,0.494912520193055,5.87610645743675,4.2002826577902e-09,3.47993418197918e-07
TARP,696.593134609507,3.67880912769633,0.629525328344627,5.84378254862273,5.102863054743271e-09,4.20436446051858e-07
PPP1R15A,144358.502997098,1.4366197839195,0.246012189961133,5.83962845152698,5.2317366222046806e-09,4.28686199159002e-07
KCNE3,2783.05977107013,-1.88633708022252,0.323598348258739,-5.82925435303602,5.5675587282137805e-09,4.53710400622143e-07
CSNK1A1L,205.368922897205,1.3495936518035,0.23168968173688,5.82500541968968,5.71107463703832e-09,4.62876391642133e-07
LOC284395,43.1477559099115,2.55236560184529,0.438475595356203,5.82099808718391,5.849723920224461e-09,4.71550988228688e-07
VNN3,8039.26221671436,-1.34419210561335,0.231398560109004,-5.80899079484396,6.2850544517385e-09,5.03919446445033e-07
DLX2,33.4408496511788,2.71603159003712,0.468399923527082,5.79853124139139,6.689824147977441e-09,5.33504532186029e-07
KMT2E-AS1,803.166944367119,0.805574521201997,0.139020987241926,5.79462523741199,6.847391093170921e-09,5.40291763875439e-07
CD2BP2,1586.42870100373,1.26761850192481,0.219498703873671,5.7750614448018,7.69250080127685e-09,6.00619185599171e-07
TRA2B,2136.90071826721,1.35910987963091,0.235692002495756,5.76646583354214,8.09511113818462e-09,6.28762460436184e-07
SNHG5,128.040495066719,1.26248797435422,0.221139845859034,5.70900268764317,1.13640096942315e-08,8.73564312216876e-07
PIGA,822.271948999025,1.45870342501745,0.255504310465942,5.70911474001097,1.13565313616173e-08,8.73564312216876e-07
OTX1,536.15216880136,-1.60727904161898,0.283143096906434,-5.67656093042632,1.37429618138704e-08,1.05101943348846e-06
CLEC7A,28621.3290213605,1.04888845412028,0.184894411621612,5.67290511877041,1.40395998155142e-08,1.06280483273484e-06
PPIF,59413.1975573791,1.94648177845171,0.343403910759377,5.66819921807939,1.44306122932801e-08,1.08688748045296e-06
ALOX12,578.946837267039,1.05573693868961,0.186525990252778,5.65999910928707,1.51373780703788e-08,1.1287185958178e-06
TIFA,1795.8990643938,2.38495054894471,0.421355704339179,5.66018336617771,1.51211339053655e-08,1.1287185958178e-06
VPS9D1,2309.74965443092,2.01310117993965,0.35839030082908,5.61706378571813,1.94229735898332e-08,1.44106868231434e-06
DNTTIP2,8523.2323339148,1.72848678185056,0.308885625709501,5.59587963305279,2.19505958632058e-08,1.61255781333984e-06
SLC1A5,215.284763911078,2.26448479298909,0.405243412579186,5.58796200677687,2.2974989116323e-08,1.67953927790061e-06
TNFAIP3,205719.242112942,1.21478250554736,0.217596522807325,5.58272940153097,2.36772991180702e-08,1.72243688657454e-06
PGS1,3683.55489980825,1.64482268053563,0.295335692936526,5.56933252523981,2.55717047568834e-08,1.8512176361136e-06
HNRNPU-AS1,1251.99487703417,1.21084892456579,0.21794170775709,5.55583847179613,2.7628227887098e-08,1.99043363517049e-06
MAP7D3,636.073603264337,0.777033798534984,0.139901056205649,5.55416677764587,2.78939067917069e-08,1.99991265377271e-06
MED29,2925.53118295616,1.04540164348877,0.188640144274413,5.54177716259604,2.9941718580063e-08,2.13646339322718e-06
NFKBIE,4940.68103090202,-1.22668702516078,0.221556077850687,-5.53668866618716,3.08243769724266e-08,2.18897111328475e-06
MIR5684,48.4222103406311,2.37639324415418,0.430490508469071,5.52019892983289,3.38616098359435e-08,2.39326155205415e-06
SLA,25140.6954668081,-0.912408734490801,0.165716070305691,-5.5058554840681,3.67379817937407e-08,2.58430906834931e-06
POU5F1P5,51.8354889563921,1.84517291652735,0.336117831202391,5.48966090232891,4.02706120069475e-08,2.81951003220473e-06
CYB5D1,7322.80992355415,2.13909537871344,0.390932458624081,5.47177736594745,4.45544337859578e-08,3.09041986534878e-06
TSC22D2,5919.55103430767,1.13598467338471,0.207598165629907,5.47203618075254,4.44893971861335e-08,3.09041986534878e-06
MIR29B1,26.7475835708653,4.06006883287738,0.744465487654366,5.45366964648649,4.93408286220686e-08,3.40657304278199e-06
C10orf55,205.162948647099,1.72441459503473,0.317332705836391,5.43409035160655,5.50766700222821e-08,3.78386454377052e-06
TSSC2,52.0476169496845,-1.75073530887081,0.322221611673661,-5.43332677090548,5.53129799867212e-08,3.78386454377052e-06
HCAR1,435.919923974361,1.29885172437378,0.241541295548844,5.37734850441393,7.55907697118306e-08,5.14742077037685e-06
ZAK,716.281951921528,1.25362463350809,0.233669210586745,5.36495428884376,8.09697222884717e-08,5.48864303858172e-06
C5orf28,216.480031608318,0.948237584328475,0.17767200653482,5.33701173765177,9.44909252299721e-08,6.34749174754312e-06
RIPK2,2959.59880765361,1.6486152204962,0.308954628831499,5.33610785095354,9.49629299286638e-08,6.3505927086375e-06
TBC1D7,448.523590501847,1.37290028861054,0.25830231644994,5.31509088838006,1.0660410353985e-07,7.09726337540084e-06
OR2B11,125.512056261326,2.48425791995706,0.467657542279569,5.3121305557218,1.08350931141456e-07,7.18149971605571e-06
FANCA,349.247199623683,1.16165540918935,0.218801482625544,5.30917521787275,1.10122428295107e-07,7.26661846533154e-06
SLC51A,160.311307194056,1.21442851801941,0.228885853924993,5.30582601412047,1.12163904428803e-07,7.36872381826755e-06
P2RY13,21980.2839978869,1.13272918439284,0.213610078664905,5.302789041943,1.14046688334428e-07,7.45955378566368e-06
TMX2,311.901119064124,-1.09272516073142,0.207099030278384,-5.27634127143219,1.31788559827266e-07,8.50806403767976e-06
PIGU,67.8548422852151,2.07854799306069,0.393906531168587,5.27675432771918,1.31491977475148e-07,8.50806403767976e-06
ICAM5,57.7399416573608,2.67313939396602,0.507524286258662,5.26701769026999,1.38657849911253e-07,8.91295049882117e-06
LINC01132,8.49049023577041,6.96365295968587,1.32584602442629,5.25223354099443,1.5026576062591e-07,9.61765359748579e-06
SLC25A25,260.825098504932,2.18573593205628,0.41631780827529,5.25016198829276,1.51965514395074e-07,9.68487912894759e-06
MRC1,22.9724992371431,4.28317628894193,0.818870102230229,5.23059307853164,1.68967074383835e-07,1.07225786395155e-05
SSSCA1-AS1,102.931055061414,1.39334163154315,0.267639412145147,5.20604054677683,1.92912510704156e-07,1.2087833076181e-05
OLR1,11810.348173078,3.51672261958793,0.676659459233887,5.1971823811782,2.02331833388951e-07,1.25723942972059e-05
MIR616,113.462834746027,2.1419477608423,0.412090748618787,5.19775745517585,2.01707070929454e-07,1.25723942972059e-05
LINC00615,30.9099897342667,2.25523663258805,0.435511762030749,5.17835987269804,2.23845114610825e-07,1.38514613866856e-05
ATAT1,99.979729437297,1.65927605072108,0.320631119615727,5.17503120941506,2.27872887377886e-07,1.40424312787868e-05
LOC100289650,23.2200399303849,4.34969733314961,0.841810383684935,5.16707493451111,2.37785947304156e-07,1.45670161266187e-05
ZNF222,395.565988911317,1.72796602870901,0.33509520594798,5.15664204690907,2.51417771227944e-07,1.53036458053973e-05
MID1IP1,6840.6320162299,-1.16151658033942,0.225337258328594,-5.15456959472569,2.54214136982071e-07,1.54109570114375e-05
MTVR2,78.1625344227688,2.28514284105617,0.443652751906315,5.1507464593361,2.59451736375538e-07,1.56647924881312e-05
PLAUR,66613.0865497557,-0.812634467715466,0.158245632197807,-5.13527265447475,2.81735270676988e-07,1.68735666329555e-05
RSBN1,1805.26340595254,1.55952233112131,0.303737370023098,5.13444338772906,2.82980255172131e-07,1.68803381815279e-05
IL22RA2,13.9421759575243,6.16651617974471,1.20404183820665,5.12151320998061,3.0309350190377e-07,1.80081011708802e-05
LOC441454,48.3304298320657,1.46723068647164,0.287643065200192,5.10087279681323,3.38090739732858e-07,1.99842946741441e-05
GYG1,2557.34144633949,1.45044961851421,0.285795283139541,5.07513490978794,3.87221166611282e-07,2.27347608569845e-05
ZBTB18,4835.03344251269,-1.13611472279341,0.224136956763333,-5.0688415654409,4.00244209111949e-07,2.3272240806875e-05
DDIT3,7352.13451917783,1.30616629905434,0.257705006358953,5.06845527570002,4.01057190864808e-07,2.3272240806875e-05
DCTN6,321.38037056439,-1.1839557848971,0.233664768437224,-5.06689901441081,4.04348654066553e-07,2.33722925507539e-05
SLC25A25-AS1,518.988102938673,0.778536547540776,0.153907059142697,5.05848498358315,4.22600520980993e-07,2.42393906514982e-05
OMG,281.950712648889,-0.956261425148321,0.189303938471014,-5.051460803573,4.38443915860113e-07,2.49561607527552e-05
IER2,18609.9033290662,1.37137683169372,0.271535656516598,5.05044843570994,4.4077408527015e-07,2.49933989872005e-05
TPT1,54836.8452321691,1.04639262717905,0.208138705422673,5.02738126027117,4.97223171072481e-07,2.80874589022875e-05
FAM179A,50.5049059284115,2.29979730773998,0.459632366265012,5.00355822725934,5.62816554945552e-07,3.1672767109068e-05
LOC101928280,57.9503288807776,1.92934818290986,0.386639998283568,4.99003773917576,6.03674973515276e-07,3.38443792482455e-05
ADRB2,596.244957383467,1.30983341257351,0.26259949928017,4.98795091446857,6.10230674008883e-07,3.40837829269456e-05
MESDC1,843.271706968489,1.47489004554126,0.295733748686561,4.98722263553509,6.12534653082348e-07,3.40848107515562e-05
TXNIP,74595.7080282127,-1.35164193171585,0.271691391980096,-4.9749162896367,6.5275841904211e-07,3.61880531716542e-05
LOC153684,54.4327377864216,1.33754336693865,0.269249910177626,4.96766504418243,6.77638784373068e-07,3.72901372374744e-05
C5orf58,2698.35550186556,1.26618254524503,0.254957951097473,4.96624066750896,6.82632324817703e-07,3.74268230147294e-05
MIR497HG,40.3930731944636,3.03279549923318,0.610930536912431,4.96422312520268,6.89766091742292e-07,3.76794202423179e-05
G0S2,115886.484809854,1.51639108201444,0.306068740254795,4.95441344565957,7.25488011062624e-07,3.94861412736384e-05
LOC101927692,118.134906215727,0.975530609911627,0.197176008733501,4.94751169869827,7.51681876432923e-07,4.06242825510699e-05
UBE2S,1873.02269914823,1.23444799699883,0.2495110222414,4.94746879680735,7.51847514523924e-07,4.06242825510699e-05
LINC01531,678.96249528436,1.08925968822191,0.22034875204903,4.94334403119079,7.67937913096957e-07,4.13438920505954e-05
ANXA2R,50.0072895896381,2.35150270976978,0.476523336475499,4.93470629825216,8.02714601837836e-07,4.2906390169203e-05
ID3,66.3840133528749,1.92797440502374,0.391130947761483,4.92923000866564,8.25543363241308e-07,4.36805768355489e-05
PITRM1,501.218142743735,2.11985947785372,0.430068078037962,4.92912537830023,8.25985560760731e-07,4.36805768355489e-05
UBR1,1097.42438661569,1.21703729242172,0.246859974910247,4.93007136075505,8.21995849849677e-07,4.36805768355489e-05
MIR221,63.814971715001,5.85887559046052,1.19070316151093,4.92051737145465,8.63157383076587e-07,4.54850390594387e-05
IGSF9,73.4733943492475,1.88371338207368,0.38312896991883,4.91665608704235,8.80350098702558e-07,4.62276796547579e-05
CCR1,6984.69366002906,1.6351496125232,0.332839796276068,4.91272266963819,8.98202837053857e-07,4.69996452946813e-05
THEMIS2,21116.1449817691,-0.721356910971043,0.14687412043665,-4.91139561432935,9.04304252772943e-07,4.71534591664437e-05
PDE2A,132.390843747289,1.35652796945851,0.277185204572658,4.89394075542341,9.88366033369207e-07,5.13571521102264e-05
MIR21,150.133950257739,1.85693556800674,0.379570972645078,4.89219593128132,9.97171009064206e-07,5.16347613131059e-05
PHF12,8660.19437259602,-1.18552208794823,0.242528993812435,-4.88816643862828,1.0177946734261e-06,5.2520318217313e-05
LOC100506023,178.197328873686,1.1018805538962,0.225698657884323,4.8820873115734,1.04968756749511e-06,5.39792782553606e-05
PTGS2,175576.471767124,1.4083682379811,0.289136937093296,4.8709384976526,1.11069411804167e-06,5.69202109359291e-05
EGR3,27643.803099003,1.27786546583811,0.26263275757577,4.86559817455157,1.14111149453392e-06,5.82787524588506e-05
GSG1,599.646351036154,0.860781770137358,0.177085341842391,4.8608301578313,1.16894512683837e-06,5.92941451583016e-05
HCG26,1009.03853123542,0.920220461609439,0.18958422414654,4.85388731974952,1.21064542427469e-06,6.09944432844882e-05
SGK1,33548.303915282,1.91502533616057,0.39514395266375,4.84639920021798,1.25722418732919e-06,6.31278932849837e-05
GLA,4375.08271909587,1.58158755298206,0.326696035122085,4.84115931309367,1.2908383039288e-06,6.45982269345306e-05
ADM,12292.9198478159,0.868300477039635,0.179395163997132,4.84015542946028,1.2973761931594e-06,6.47082647778802e-05
CLN3,1311.64347634903,-0.741965874568593,0.153551447861104,-4.83203437612482,1.35144912030095e-06,6.71805357701602e-05
HSD11B2,68.6387106834008,3.10265708206723,0.643487165884876,4.82163009078928,1.42389811873405e-06,7.05468194175445e-05
LINC00927,102.723435750586,1.13822963760493,0.236104788387992,4.82086638469388,1.42936074789532e-06,7.05829696468968e-05
CXCL3,323.392348988498,2.10855560239434,0.438180114640851,4.81207506215245,1.49371227950455e-06,7.35172647665061e-05
MMP25-AS1,1206.64724324994,-0.845771070632726,0.176553345756508,-4.79045620465988,1.66402541658096e-06,8.16302994653678e-05
SUMO1P1,425.320407034073,1.23616911257929,0.258504153687715,4.78200870254734,1.73552163678836e-06,8.47331942240212e-05
DNAH2,168.111479128468,1.4370555621221,0.300670424843468,4.77950421252851,1.75727990630006e-06,8.53625903669471e-05
CKS2,121.628729590292,1.30368518936011,0.272867018184042,4.77773091829226,1.77284402396622e-06,8.57490680822415e-05
CDKN1B,1570.43569966966,-1.85941057486069,0.390652954569591,-4.75975044629915,1.93832470896248e-06,9.32459238217981e-05
MIR29B2,84.3219691892851,-1.77455442411264,0.373257550392867,-4.7542358412974,1.99198400651348e-06,9.55191559136193e-05
LINC01093,466.631376102185,1.79006637624331,0.377780593601446,4.7383756777401,2.15438136613595e-06,0.0001026462917354
FLJ45079,87.9896057508487,-2.03594113549295,0.429804606114777,-4.73689929453493,2.17012934442686e-06,0.0001029545325504
GAB3,954.063403068015,-0.810444109233373,0.171281275386376,-4.7316562035469,2.22695353000423e-06,0.0001050967025093
CCDC85B,173.593945617109,1.60156213741919,0.339049184334324,4.72368674345473,2.31607084730413e-06,0.0001089576168638
LOC100133315,17.5333668003106,2.33829387206614,0.495280941298751,4.72114647887429,2.34518964251033e-06,0.0001099805444614
LINC00824,391.513976376751,0.74866748317911,0.15867695705056,4.71818654135496,2.3795625660585e-06,0.0001112426851022
ZSCAN31,29.9299086892402,2.66935204693679,0.566032814226386,4.71589628701134,2.40649003394328e-06,0.0001121499558631
SNORA64,20.1744810905944,3.08304311914437,0.654531005827207,4.71030874274317,2.47341814174868e-06,0.000114909921333
SNORA67,148.263810217769,1.5704979965869,0.33375013722619,4.70561004001189,2.53107933090238e-06,0.0001172235591979
CCL2,33.5213614519894,2.6929370531709,0.573047248931157,4.69932812380435,2.61018790386336e-06,0.0001201411487972
FBXO6,1082.3752612394,0.990363297770706,0.210814240490661,4.69780075323981,2.62977782162977e-06,0.0001203002351348
LOC102724050,137.575411289348,2.15085584387709,0.457833182505133,4.6979029176265,2.62846307870521e-06,0.0001203002351348
GADD45A,710.261498001027,1.50489091462997,0.321429049239549,4.68187588579908,2.84261579384815e-06,0.0001296389276258
ACP6,120.468963810461,-1.03135029938686,0.220799511423439,-4.67098089455905,2.99764822649591e-06,0.0001362924634199
C2orf61,103.328329085561,-1.55301776206555,0.332750774503615,-4.66721005948755,3.05317146935734e-06,0.0001379755943106
OR6W1P,389.314584737641,0.806368011020777,0.172763098764485,4.66747827972244,3.04918971862575e-06,0.0001379755943106
TSPAN16,548.523910472331,-0.932934638202806,0.200315678534609,-4.65732210792287,3.20349023833835e-06,0.0001438965359166
CTH,65.9589588241037,-1.25916558008144,0.272331472591913,-4.62365061260583,3.7704474372137e-06,0.0001678468138243
USP3-AS1,106.456992520992,-1.31788048673651,0.28506852595464,-4.6230304882771,3.78174114026467e-06,0.0001678485286451
HLX,3462.99211026871,2.7874870277878,0.6031643347111,4.62143874790431,3.81087855023652e-06,0.0001686398570316
ENO1-AS1,10.9069708239359,5.07711681026207,1.10180894815779,4.607982916413,4.06594060300687e-06,0.0001784009490172
LOC100130357,2694.26913762212,1.06585091313536,0.231308915748931,4.60791106855677,4.06734544798834e-06,0.0001784009490172
MIR7845,9.4913203799164,4.30163184357489,0.934808958277911,4.60161598311947,4.19225604284409e-06,0.0001828044279734
SNHG8,63.5965148672624,1.32830188323589,0.28880089902956,4.59936893444343,4.2377270842908e-06,0.0001842484664957
SASH3,8512.12602158971,-1.10087073099397,0.239945862555265,-4.5879963057934,4.47520556163519e-06,0.0001928865333545
APOA2,70.3381725262871,-1.95113178755378,0.426005764582047,-4.58005959019834,4.64843468921445e-06,0.0001997755231131
NFKBIA,120420.404741468,-0.63410819922773,0.13857793315343,-4.57582376066802,4.74349754545236e-06,0.0002032752267107
IL18BP,422.996645570032,-1.00280690903939,0.21978057562871,-4.56276404850944,5.04845404950301e-06,0.0002157237685966
NUAK2,2829.33379049612,-1.39029336430613,0.305716671923625,-4.54765307877437,5.42474608224238e-06,0.000231140680927
TMEM144,65.5857533013838,2.59345064274014,0.57115846592276,4.54068493679801,5.6071770034445e-06,0.0002382331357617
HES1,804.18007566834,1.62390876892642,0.358027455582503,4.53571016302188,5.74099769858183e-06,0.0002425368234531
TCP11L2,3070.41000728948,-0.752680061541827,0.166718949858167,-4.51466412295755,6.34171937140775e-06,0.0002649133360946
LINC01353,592.652618913394,1.16116196364143,0.257387815341755,4.51133229480836,6.44217065744006e-06,0.0002683577961296
ENO1,3833.02834609335,1.3768802714737,0.305301373926653,4.50990525776175,6.48565845025105e-06,0.0002686684013016
DYNLT3,438.872221182668,-1.14313855007568,0.254064514458038,-4.49940265177995,6.81446765521972e-06,0.0002807297131002
SLC10A1,214.284123794141,1.43580013149085,0.32033100232025,4.48223906237902,7.38639314599542e-06,0.000302752136533
PIK3R2,412.290373112269,0.918117536167897,0.20483886725321,4.48214515379531,7.38964512157331e-06,0.000302752136533
PIM1,2723.3555496726,2.65534462657409,0.592561004241893,4.48113292566607,7.42478475842927e-06,0.0003033583975409
MBD4,1944.59146831636,-0.831353710852274,0.185753631945793,-4.47557176752743,7.62070943361212e-06,0.0003105126770039
NUP50,6188.73085160688,-1.18040630924546,0.264322162211197,-4.46578636982508,7.97751840115224e-06,0.0003241654820609
NOLC1,966.507302681295,1.50208105290116,0.336546463407424,4.46322043527981,8.07369170771882e-06,0.0003271819685793
TRIB1,67073.6820875651,1.19978848604475,0.269053915668474,4.45928647075747,8.22329512531274e-06,0.0003323414639669
SEC24B-AS1,282.2877427881,0.760811060078823,0.170915950701121,4.45137540971379,8.53220308845639e-06,0.0003438939044814
LINC00884,90.5240011245173,1.92601667049817,0.433279993221056,4.4452010262,8.78097191420715e-06,0.0003523768259021
LOC101060498,27.3478956010972,3.97214868310297,0.893625390388464,4.44498189714177,8.78992685815118e-06,0.0003523768259021
PNP,262.089737468172,1.74134734651043,0.392686401977379,4.43444778770501,9.23085868927581e-06,0.0003680743198747
RAB22A,1620.11140674348,-0.585314023000703,0.132036678909236,-4.43296535353676,9.29458065803333e-06,0.0003696268836086
ZNF708,1733.82632559325,-1.00158032433105,0.226158649521951,-4.42866247410021,9.48192757040001e-06,0.0003750768855633
INTS6,3621.10041071422,0.953039313686416,0.215306522829024,4.42643028722,9.5805325102043e-06,0.0003779748183192
LOC101928053,195.694786794271,1.01660187066103,0.22992566235039,4.42143717351484,9.80465738556107e-06,0.0003857964527463
LINC-PINT,3127.0221974532,1.18442399864812,0.268412178280992,4.4127058847836,1.02086637113545e-05,0.0003998976487296
SEMA7A,760.332091005951,1.89409733780659,0.429511458607454,4.40988779192891,1.03424195153322e-05,0.0004008998804395
HAS1,280.730174215931,-1.65862040768972,0.376127133314221,-4.40973346717873,1.03497923938324e-05,0.0004008998804395
HLTF,138.413782639829,1.75106787109766,0.396960782524563,4.41118606216297,1.02805928160679e-05,0.0004008998804395
TET2-AS1,46.047294224283,2.3949840320845,0.543106391900333,4.40978796751855,1.03471880621946e-05,0.0004008998804395
RNASEK-C17orf49,15.8713604033629,3.37349816162106,0.76758347787744,4.39495932214385,1.10793498843832e-05,0.0004231232179679
CENPU,367.994620126478,1.47000803974374,0.33445328096227,4.39525674711372,1.10641902135541e-05,0.0004231232179679
SLC23A1,72.8160454920101,-1.18952084829135,0.270673097321445,-4.39467704793247,1.10937556645519e-05,0.0004231232179679
P2RY2,980.506021193144,-1.25035537005732,0.285244174736128,-4.38345628342451,1.16811098113064e-05,0.0004432579913893
TAP1,10690.4199218617,0.697562987917382,0.159294469868152,4.37907849842341,1.19182199251737e-05,0.0004511076490967
FAM110A,575.408125640221,-1.41539437860051,0.323379836653429,-4.37687888412599,1.20390827450791e-05,0.0004545287113351
ZNF658B,177.746814106591,-1.20886222492386,0.277893908256113,-4.35008537074423,1.36084541266296e-05,0.0005111911244091
METTL22,462.317668712103,1.21125837565887,0.279157403811079,4.33897994150497,1.43145585731248e-05,0.000535020080203
LIMS2,32.6894380441546,2.03269119178846,0.468950976802716,4.33454943552363,1.46058964208957e-05,0.000544544333312
TOMM40L,433.567931203124,-1.08512066155039,0.250487195247483,-4.33204044812862,1.47733792084704e-05,0.0005480482689948
AP1AR,115.019757242272,1.27992726006016,0.295819732664983,4.32671359861474,1.51350547283843e-05,0.000557306348554
ASB4,32.0596564740522,1.76495392471583,0.407830793995942,4.32766223320888,1.50700337057641e-05,0.000557306348554
VPS18,1780.98974894529,-1.08008998090432,0.249685941044372,-4.32579414117826,1.51983311029662e-05,0.000558257910686
ZC3H12A,12967.1582459843,-1.46947997867449,0.339899110008407,-4.32328280776651,1.537244700833e-05,0.000563266098858
PLAU,5966.11266987186,1.3743795252989,0.31796664028861,4.32240163323867,1.54339901103494e-05,0.0005641350355775
TUNAR,43.4094940097766,1.8186029536595,0.420980520865884,4.31992185747443,1.56084460922368e-05,0.0005677531208597
EIF1,46676.281569947,0.938256639803429,0.217193443441345,4.31991235525861,1.56091181889969e-05,0.0005677531208597
KATNBL1P6,954.228354330578,1.40580981076501,0.325521058147869,4.31864475608338,1.56990238999289e-05,0.0005696339255952
TMEM81,131.852109386924,-0.935350791447821,0.216916291588483,-4.31203569173262,1.61758313526887e-05,0.0005855101285501
GTF2IRD1P1,27.2765031732518,2.13397601761935,0.495744116028074,4.30459172106139,1.67293971691116e-05,0.0006040811137601
RNF19B,29002.9127368249,0.637924904108138,0.148497982039417,4.29584897617537,1.74026033140044e-05,0.0006253615017391
SGK494,554.22939840423,1.06753023061329,0.248645934461549,4.29337496679791,1.75977434068618e-05,0.0006308537197753
ALOX12-AS1,87.6974883341072,1.04053090032746,0.242743625460023,4.28654263672445,1.81475384520161e-05,0.0006459051096298
MIR29A,17.1235860862231,3.71091388704434,0.865569186248604,4.2872527650014,1.80896415447472e-05,0.0006459051096298
SDHAF3,108.155140532621,1.06727310242833,0.249067967148244,4.28506770520635,1.82683545282658e-05,0.000648657074
USP36,954.204564655701,-1.17046066479649,0.273209844589811,-4.2841086731475,1.83473224029259e-05,0.0006499135843107
EREG,1086.64425365559,-1.38596032754891,0.323630964198295,-4.28253313456035,1.84777605558831e-05,0.0006514393455552
EDN1,1038.0628172763,3.46439419164264,0.808891755070226,4.28288973144728,1.84481609399931e-05,0.0006514393455552
RRM2B,2335.63055632091,-1.13742126310801,0.265683621975033,-4.28111170215415,1.85961979087955e-05,0.000654068630693
RGAG4,134.702667048256,-1.19877065085981,0.280064173630417,-4.28034273473962,1.86605712884712e-05,0.0006547884697058
LINC00921,1633.25898521166,1.42711771780829,0.333625633018373,4.2776021281605,1.88917292661955e-05,0.0006582531741747
CHST2,401.448407875945,-1.04877338810387,0.246146515664081,-4.26076877535468,2.03724919634174e-05,0.0007049071291193
GNAT2,335.4913349052,-0.989523205091649,0.232273954594905,-4.26015567185488,2.04284570912055e-05,0.0007052073625026
NLRP3,10859.6528235257,1.34673423072835,0.316244573829336,4.25852122748238,2.05783681253167e-05,0.0007087418102837
ITPRIP,19459.8550751633,-1.12194199207158,0.264244272237023,-4.24585169840585,2.17764635287136e-05,0.000744844955513
LOC283575,304.90924329085,-1.00626890729712,0.23725068962959,-4.24137400345671,2.22155589690948e-05,0.0007581250135151
HOXA3,42.1451018146551,-2.05444449029914,0.484671750897321,-4.23883687567006,2.24680837379393e-05,0.0007649920839814
ALAS1,1134.24551200702,1.33382521741199,0.314780530243571,4.23731803355152,2.26205615148805e-05,0.0007666828042532
MTRR,199.375761653766,1.51359280234049,0.357167473919659,4.23776775004142,2.25753117917662e-05,0.0007666828042532
UBXN2B,9694.76048295437,-0.723033062170871,0.170699012275683,-4.23571907377622,2.27821462305517e-05,0.0007704084960004
LOC101928449,44.2076514383385,5.20910510236276,1.23025184299274,4.23417784905811,2.29389357111828e-05,0.0007739555390517
FOLR3,275.887784899013,-1.6916338641934,0.40088199798438,-4.21978006670011,2.44540763206702e-05,0.0008213595499327
BCL6,94339.3866341312,0.864446389397816,0.204845940648099,4.21998301095374,2.4432072960361e-05,0.0008213595499327
LOC102724699,5656.05358179599,0.691842752322805,0.164030540306521,4.2177679292525,2.46732561606394e-05,0.0008268590317384
SDE2,2138.95065683742,-0.836027447241788,0.198637766368783,-4.20880410872953,2.56725833909877e-05,0.0008564994096416
KATNBL1,8365.68424843236,1.33910272889797,0.318720822479028,4.20149119371104,2.65162563762258e-05,0.000882671721738
LOC101929897,16.8030251812445,3.68229853552546,0.876907925065044,4.19918492041491,2.67877492596502e-05,0.0008897231730716
TRIM25,33308.4731803074,1.14874080610567,0.273752267999563,4.19627868108662,2.71336351200863e-05,0.0008972148570861
DUSP1,85939.5252733491,0.702360548037251,0.167677322738552,4.18876289629453,2.80479256501498e-05,0.0009253953876563
ATP1B3,728.976299444214,1.70274408403283,0.406899823896972,4.18467638478007,2.8557263581012e-05,0.0009401202467629
ZBTB1,1459.51932665539,-1.07497925726482,0.257003548019442,-4.1827409214736,2.88015544171347e-05,0.0009460739670104
CHP2,898.541713455081,1.22489687556187,0.293172391202786,4.17807717342188,2.93983911893642e-05,0.0009635565006747
CIDECP,293.039565448732,-1.02981796092092,0.24667376418104,-4.17481755443236,2.9822495952276e-05,0.0009753133380181
SNORA31,36.0278149837397,2.05477086417039,0.49285286101101,4.16913652475376,3.05755805391863e-05,0.0009947116175352
CYCS,785.023184394989,0.624599605427113,0.149825854246046,4.16883727157922,3.06157468281823e-05,0.0009947116175352
LOC100129550,2906.77108461956,-1.04134905294618,0.249921149904194,-4.16671039383971,3.09026681347067e-05,0.0010018510649845
SPATA1,152.039375536902,-0.872941273309728,0.209641575117718,-4.16397020876969,3.12760941386478e-05,0.0010117578999775
LRIF1,1402.06099082435,1.23382351612594,0.296663456139257,4.15900068105043,3.19642946605709e-05,0.0010317825244006
TMEM132A,135.716287073179,1.44442627584754,0.347350912375266,4.15840645406749,3.20475421404929e-05,0.0010322354123999
ADORA2A-AS1,399.307350521153,1.10495189790597,0.266078393597816,4.1527306406402,3.28531361899644e-05,0.0010559026293123
KCNJ1,34.7739077430818,1.65233580169074,0.398987197904712,4.14132536173594,3.45304731710267e-05,0.0011050492412006
ETV7,164.935387564516,1.01866537787565,0.246684692236276,4.1294227405889,3.63675182382504e-05,0.0011539336159298
SNORA10,26.6209088834906,2.29976551465072,0.557278807410776,4.12677726852,3.6788238682224e-05,0.0011639582425247
MXD1,72614.0306777251,-0.862645424924851,0.209052346167945,-4.12645655854937,3.68395554530746e-05,0.0011639582425247
TRIM55,8.64621847228039,4.8915236462776,1.18789834493444,4.11779649928511,3.82512233401705e-05,0.0012060052720337
NQO2,1858.95690670136,-1.09126967498102,0.265055690879165,-4.11713354035667,3.83613816117253e-05,0.0012069267594423
SLC25A52,44.6148438748648,-1.60123068014203,0.389197818210464,-4.11418205658117,3.8855469519414e-05,0.0012198981409326
CALML4,1219.12959128315,-0.474118180561438,0.115510509966383,-4.10454581751412,4.05109980356343e-05,0.0012692027598853
DAPP1,4727.03520533538,1.09336499847081,0.26654034388198,4.10206193383969,4.09484624052127e-05,0.0012802189095365
ZBED6,882.021286389355,-0.837150396947131,0.204234332182549,-4.09896998218139,4.14992848084159e-05,0.0012920226186803
LINC01105,323.207381995043,0.56890276075047,0.138812142606335,4.09836452394408,4.16079653894014e-05,0.0012927074746919
HIST2H2BF,612.839780277079,0.980175181054966,0.239217211343568,4.09742750343838,4.17766943764817e-05,0.0012952512333398
NHLH1,267.541825090581,1.22663251270943,0.300121064222716,4.08712569338072,4.36750523558932e-05,0.0013485011506903
HCG27,1009.64441685241,-1.37797236706665,0.337211894404164,-4.08636940135655,4.38175947017578e-05,0.0013501070036928
ZNF18,584.92874668995,-1.05469309710921,0.258798090852588,-4.07535114975003,4.59449635773523e-05,0.00140693478815
BRE-AS1,11248.6621036609,1.19353461924112,0.294055665077274,4.05887306720471,4.93101065934082e-05,0.0015007379992397
SYNJ2,196.416340732418,-1.51649615797423,0.37388972741925,-4.05599845826667,4.99205885196975e-05,0.0015162234961186
NCR1,485.593016206863,-1.17132067495742,0.288923096435929,-4.05409151918449,5.03295111608661e-05,0.0015255365852479
SNX32,18.0643116932182,4.0552607527718,1.00115209828348,4.05059407029633,5.1087766217826e-05,0.001545379021514
LINC00152,723.581856575092,1.33827627818642,0.330767884693317,4.04596800389871,5.21073504077716e-05,0.0015730301956095
ERI1,1480.30529473523,1.42311017226391,0.351964365318895,4.04333595241811,5.26960302059001e-05,0.0015843868920576
FFAR1,19.1047095788327,3.61798729250358,0.895293750964752,4.04111755343417,5.31970820349991e-05,0.001596233570197
HDGFRP3,21.3017036260819,-2.61895047606567,0.648746106298042,-4.03694211131417,5.41524242207171e-05,0.0016158582901056
HCP5,8187.03740249456,0.630760241147205,0.156240743265322,4.03710471394822,5.41149184681635e-05,0.0016158582901056
SH2B3,4853.28530245929,-1.08589964136022,0.269034912000107,-4.0362777949049,5.43059107501087e-05,0.001616495103825
BATF2,428.936707591377,2.8331256751825,0.702078433170933,4.03534069888275,5.4523122373716e-05,0.0016197277369705
RAB3D,5452.14967696256,-1.03184280168915,0.255791878456804,-4.03391541558814,5.48550707008354e-05,0.0016263492432635
MAN1B1-AS1,407.170289783048,0.578361090699969,0.14353849218885,4.02931006087925,5.59407940700373e-05,0.0016519704197355
XBP1,4096.05584032485,1.36188540000838,0.338161725544448,4.02731976191484,5.64162841725081e-05,0.0016595934083913
PILRB,66.0723690421881,-1.67108202111757,0.414938754727323,-4.02729800983694,5.64215019147314e-05,0.0016595934083913
SPECC1L-ADORA2A,108.484152737269,1.2362180316488,0.307398349989514,4.02155064167055,5.78162743931898e-05,0.0016972718504441
SMAD4,977.623758352919,-0.837613190591697,0.208360189775156,-4.0200250897044,5.8191943768363e-05,0.0017049439241996
FLT1,1073.65809932104,1.18397937734787,0.294728391434878,4.01718806791464,5.88967195447297e-05,0.0017222093697461
CD300E,383.453621414101,0.907832977225207,0.226193993045453,4.01351497005838,5.98212067441405e-05,0.0017458192880144
DNAJB1,7439.8622742615,1.28070382559885,0.319208511869511,4.01212304176395,6.01751201565096e-05,0.0017493012999883
TGIF2,1857.10825935851,-0.670248580411803,0.167300506104055,-4.00625554590331,6.16889066072366e-05,0.001786343037347
C21orf91,680.96617151266,1.22339699576806,0.305499729253053,4.00457636659538,6.21287187327586e-05,0.0017955922140729
NBEAL1,145.201716250012,1.12723178633285,0.281608023254293,4.00283973910416,6.25866994205094e-05,0.0018018444950927
CHCHD7,199.987522811181,1.07681598929015,0.268997270143775,4.00307404128902,6.25247236383253e-05,0.0018018444950927
SEPHS2,1024.24644163486,1.3004217857665,0.325167665054508,3.99923462730686,6.35476575555903e-05,0.001822473494474
GK,21964.2915767722,1.1375121253293,0.284580337295899,3.99715643089757,6.41079386231653e-05,0.0018350128381713
C15orf39,11328.3779426865,-1.0554415176259,0.264169421346414,-3.9953205493904,6.4606778434138e-05,0.0018457488252649
TAF1A,171.222093420197,0.684049061815299,0.171290364691346,3.99350578211397,6.5103490356678e-05,0.0018563830816235
HSP90AB1,2991.81161649212,1.04138564476097,0.261120975279699,3.98813478559313,6.65948259084849e-05,0.0018952836617809
KLF9,115.61965567075,1.29992426998902,0.326643495028781,3.97964230046731,6.90190374248263e-05,0.0019493956536296
GOLGA6L1,14.5717982848957,-2.73674262118516,0.68893171248797,-3.97244396153842,7.1138975129879e-05,0.0019979200303425
ERCC5,95.022659669628,-1.27103573514924,0.320390679598088,-3.96714329125828,7.27392633770839e-05,0.0020313869564465
LINC00656,68.6842082990226,1.64820511608448,0.415908600983903,3.96290221501881,7.40441149666816e-05,0.0020639624046693
TNFSF15,968.545118455575,1.43587511706009,0.36266019445657,3.95928513525365,7.51744424381342e-05,0.0020876656612288
CASP4,19860.7432980161,0.743426831675169,0.18797732064223,3.95487513671984,7.65746333042757e-05,0.0021217355505929
LOC101928063,18.9120597876322,3.03477151571123,0.767416823924407,3.95452825778832,7.66858084737894e-05,0.0021217355505929
ZNF182,337.878657774784,-0.727764648086123,0.184541293010459,-3.94364121012675,8.02536995370606e-05,0.0022081612937199
HSPBAP1,1238.91001811186,-0.96259485520686,0.244306829333174,-3.94010620920514,8.14455425801181e-05,0.0022368275810263
LOC644656,36.4381625208784,1.61169860614303,0.409454276945223,3.93621143285466,8.27780492799165e-05,0.0022692445752047
ZFP14,802.540764176488,0.711071564224855,0.181226714674607,3.92365753306065,8.72146905220081e-05,0.0023734172988224
CCNH,2236.39862484109,1.03046559187359,0.262609368775627,3.92394832171437,8.71094292043475e-05,0.0023734172988224
CA13,136.543627286783,0.84260775233471,0.215202987698383,3.91540917413127,9.02510159679759e-05,0.0024515726796546
SWT1,4852.70480382175,0.848962752901125,0.216947887756982,3.91321050266277,9.10770736752294e-05,0.0024695134540339
KRT8P41,24.7580518562583,1.97019117894396,0.503998954981978,3.90911758738549,9.26338688143053e-05,0.002498099250683
SLC14A1,169.484002093705,1.04691328042885,0.267923467551517,3.90750870013858,9.32526846560613e-05,0.0025102478091621
LOC102724190,297.470429383478,-1.30161640164595,0.333152368668475,-3.90697027563746,9.34606457835952e-05,0.0025113128118392
DDTL,53.9922494214293,1.14840075081207,0.294253936783068,3.90275407482041,9.51043208319723e-05,0.0025452944139138
NET1,410.667267505523,3.17142502628863,0.812829341051293,3.90171080953696,9.55152275907084e-05,0.0025481548999288
IER5,6708.61298468022,1.26636678733233,0.325054924726617,3.89585479560845,9.78530027752294e-05,0.002601215383934
ODF3B,1548.10072032869,0.78684094917175,0.20266879637419,3.88239809604925,0.0001034313656114,0.0027300388590504
NAPA-AS1,56.7658193594527,1.88915651026396,0.486781860774148,3.88090983353316,0.000104066420285,0.0027371120382906
HRH4,1384.35518907372,2.7568572513029,0.711476940188715,3.87483711077362,0.0001066960452262,0.0028013347226399
DDIT4,4954.64774359282,-1.47351671407648,0.380973142406607,-3.86777058552809,0.0001098349224573,0.002878678732174
RBM5-AS1,244.023924496728,-0.674759898918079,0.174751394755553,-3.86125615685043,0.0001128055590801,0.0029410302492357
N4BP2,1403.58767024073,3.07886029227726,0.797319204967749,3.86151527906794,0.0001126859637295,0.0029410302492357
TRMT10A,90.4723756650202,1.41747312479492,0.367269349189073,3.85949202655949,0.000113622964139,0.0029571714907602
MAP2K6,475.4778332506,1.35130388236399,0.350540227164122,3.85491814533261,0.0001157683568427,0.0030025278358185
SLC13A1,145.460288734546,0.709943113653905,0.185386626472816,3.82952711941174,0.0001283897344519,0.0032954838380078
CLN5,428.63398208595,-0.797149885714049,0.208492568074683,-3.82339712669521,0.0001316255230128,0.0033669492704808
DYNC1I1,9.13800191607445,3.37263628966942,0.882315992240717,3.82248119645244,0.000132115555992,0.0033736974084055
TDP2,10349.54703532,-0.770611034888129,0.201825122892896,-3.81821164700628,0.0001344225818021,0.0034208941338149
CD55,68772.9673009104,0.763400754602304,0.200120561550975,3.81470423971326,0.0001363461316624,0.0034463217991211
PFKFB3,44809.4637288552,1.00382001744569,0.263141046868751,3.81476029449095,0.0001363151869488,0.0034463217991211
HSPA8,10997.4393971912,1.10763663706012,0.290599023098801,3.81156352574364,0.0001380905560553,0.003478622402792
EXTL3-AS1,378.801257110372,0.879018346286629,0.230751995770467,3.80936400290555,0.0001393247154016,0.0035037933908675
PRSS8,32.9008898106415,1.8693911532088,0.491090613714028,3.806611450117,0.0001408838200195,0.0035310931226065
LOC102724297,36.0723527109704,1.58606624342232,0.418631257394672,3.78869521901712,0.0001514405659066,0.0037703391642162
ALG3,44.6961376988397,1.84159959970659,0.486272234729068,3.78717818575978,0.0001523678359924,0.0037871025635934
LINC01004,2860.77833671054,-0.765016552187605,0.202504892632017,-3.77776824176669,0.0001582400293351,0.0039199892981313
PROCA1,125.122844659455,1.93779588043429,0.513203541818777,3.77588173605896,0.0001594426327038,0.0039432304834377
LINC00477,28.3562827446641,-1.52209680431499,0.403276241851825,-3.77432798254019,0.0001604395679483,0.0039613166834661
CHSY1,14056.1622278577,-0.56407994059688,0.150120631419927,-3.75751111130755,0.0001716117490516,0.0042231782402758
KLHDC8B,600.614450951559,-1.4579255129888,0.388113472326891,-3.75644139392526,0.0001723466083382,0.0042342750743804
FAM20A,99.3132806947853,-1.14011290656743,0.304536446071242,-3.74376506088442,0.0001812831707233,0.0044319277458973
LOC101928865,102.035383828729,-1.32605195595418,0.355032344607099,-3.73501731911686,0.0001877022691069,0.0045664012058601
SLC16A14,96.7790215646162,-2.48200740487572,0.664633728772231,-3.73439880858995,0.000188164126506,0.0045701817892252
ADAMTSL2,321.040940750578,0.635576138966871,0.170503536033038,3.72764198182796,0.0001932796783235,0.0046791880565559
HAUS8,126.332117135887,-1.14995496526654,0.30859524212447,-3.72641832501976,0.0001942199669584,0.0046943312273126
KCTD12,1268.92279554454,-0.64125618268246,0.172257399810156,-3.72266261646342,0.0001971328624381,0.0047570265008741
ERI2,50.8198100507683,2.17603641754402,0.584857302771747,3.72062793305543,0.0001987280392769,0.0047800504028013
BATF,180.445909933412,1.39376138842409,0.374732130152579,3.71935384312148,0.0001997330827902,0.0047964886693255
TMEM206,36.7542731010154,-1.61279416950583,0.434349962688034,-3.71312146437133,0.0002047185722809,0.0048925770327345
RILPL2,10533.7062409191,-0.900925841767271,0.242732628241432,-3.71159760553976,0.0002059552200756,0.0049064060654752
AKAP12,225.205258598857,0.699574591909193,0.18846865867842,3.71188820897199,0.0002057188483135,0.0049064060654752
SCARF1,6415.80107999726,0.9155578720283,0.247276836875539,3.7025622116362,0.0002134330008998,0.0050602962518594
ZNF658,119.513307884232,-1.14230082613467,0.308475572429174,-3.70305115941374,0.0002130219031307,0.0050602962518594
CA4,1070.84885452503,-0.889773107656584,0.240513259002195,-3.6994763255379,0.0002160447913838,0.0050979050220041
HOMER1,55.711690557515,1.18649868724758,0.320768295758455,3.69892755280602,0.0002165123856561,0.0051008676260507
POM121L9P,45.4774672284954,1.32094822792454,0.357203237561017,3.69802983014367,0.0002172793598979,0.0051108629245401
ATP1A1-AS1,27.965568323063,1.42520656426964,0.386159511059408,3.6907198280826,0.0002236203375133,0.0052352434746249
OASL,1179.07920909212,-0.56248293896492,0.15245542964139,-3.68949102231391,0.0002247031572148,0.005244128612746
ZC3HC1,36.9238342928527,1.25744033184807,0.340784645513598,3.68983857812306,0.0002243963940269,0.005244128612746
AP3M2,112.760549600623,-1.24888080387502,0.338633062497142,-3.68800611099679,0.0002260182235928,0.0052665777631876
NFIL3,15856.5915499023,0.660073333629221,0.179343883506296,3.68048979828212,0.0002327863731216,0.0054073881345221
RFX8,26.0332370645235,2.28424507715137,0.622192470624967,3.67128370238383,0.0002413352701495,0.0055885603784789
PITRM1-AS1,47.3471999266364,2.48921699915136,0.679919351902799,3.6610474347952,0.0002511862439383,0.0058076596214767
MCMDC2,251.703556907865,0.857530390311041,0.234428431454791,3.65796241091352,0.0002542283197002,0.0058598252421784
CDK10,180.6743562363,1.35985207798895,0.372051643739327,3.65500892381949,0.000257173032357,0.0059094320979065
LOC101928694,107.386530196507,1.08812239711776,0.298093384889492,3.65027354606057,0.0002619611768507,0.0060009631803002
UPK1B,273.184545732573,0.716863837746999,0.19674394352412,3.64363865492568,0.0002688107363831,0.006110936755612
LINC00881,22.0426152335669,3.92250775119582,1.07696767537648,3.64217779314927,0.000270341246933,0.0061363759749045
FKBP14,811.473873502816,0.474109425174541,0.130268222605725,3.63948640498075,0.0002731823589953,0.0061726795752998
LINC00936,2249.85846394734,0.884378365280797,0.243138936867557,3.63733746916289,0.0002754709087461,0.0062055855923436
LOC101928381,26.2634418005547,1.55646042972754,0.428099584663529,3.63574384439281,0.000277179659238,0.0062159101627319
CHGA,63.3306437021922,1.87637828910128,0.51674570886675,3.63114440411372,0.0002821672411089,0.006308785707133
RPL21P44,207.138168444587,-0.801789829704178,0.221735490584426,-3.61597427453273,0.0002992200925451,0.0066402816073296
MRPL16,149.102900422166,-0.80646001627652,0.223080874394663,-3.615101556621,0.0003002299045698,0.0066418961322488
GPR4,269.04774096392,1.86954177695004,0.517222576467025,3.61457883319838,0.0003008362693436,0.0066418961322488
CD14,16510.0656821169,0.538851638882139,0.149051952401942,3.61519342885922,0.0003001234501266,0.0066418961322488
LOC221946,275.326193902089,0.692501788010959,0.1916429057533,3.61350077264226,0.0003020904547801,0.006654468171546
ISLR2,34.7018246083043,1.41269805767101,0.391070044689876,3.61239137810032,0.0003033862042662,0.0066731540770248
SMIM15,72.3071283560931,-0.8548603266187,0.236940699252246,-3.60790834717939,0.0003086754854261,0.0067794956025927
CLMP,44.3015171379476,1.9315666471255,0.535585564898454,3.60645763014864,0.0003104055147541,0.0067974705455641
CATIP,63.6614875594179,1.00204766757551,0.27802621912775,3.60414809336771,0.0003131784577432,0.0068381117720709
MGAT3,71.8264029076765,-1.48615619668783,0.41254125483978,-3.6024426145332,0.0003152410067245,0.0068630498296095
NICN1,348.467670970301,0.591423035340846,0.16416090958606,3.60270320645852,0.0003149250346456,0.0068630498296095
FOXQ1,93.5452426538848,4.01661885219925,1.11558819481276,3.60044940496469,0.0003176676414607,0.0068957460510972
PUS7L,163.635760398615,1.23266708830781,0.342695942613779,3.59697018559988,0.0003219453685164,0.0069683182593411
HTATSF1P2,2634.68601882076,-0.965933709318136,0.268820490599401,-3.5932294713262,0.0003266047190412,0.0070589219928444
LOC148696,216.402579247091,-1.32713577975576,0.370989804493194,-3.57728369804865,0.0003471833028909,0.0074928286483549
NFKBID,12355.1320052542,-1.00843432638518,0.283044171561979,-3.56281608209821,0.0003668977360971,0.0078840719573727
SPHK1,179.980471680087,1.76985226501638,0.497049308892405,3.56071768605858,0.0003698425560078,0.0079245144220478
GRTP1,395.779639381643,0.803764522656573,0.226619938187841,3.54675113356685,0.0003900128247636,0.008298917641939
ZNF284,23.8108612558372,2.05605243672166,0.583781851878282,3.52195332915272,0.0004283795521583,0.0089851255433712
SLC15A4,5962.27611398079,-0.904233364618028,0.25689972628879,-3.51979107833516,0.0004318868480284,0.0090346837548106
MTHFD2P1,136.620113277271,0.803603789607661,0.228312755664548,3.51974985921665,0.0004319539674901,0.0090346837548106
FREM2,96.3373193925547,0.86538810104633,0.246633354131623,3.50880400622737,0.0004501264785168,0.0093362116469012
HNRNPH3,3600.43472069592,-0.705688184495834,0.201172460160457,-3.50787669412091,0.0004516983599068,0.0093558022795715
SASH1,142.322059084177,0.645163590290895,0.183963896931571,3.50701197926285,0.0004531687473322,0.009373239291214
THUMPD3-AS1,282.988314141086,0.785108239295399,0.223984249890743,3.50519395751427,0.0004562747464095,0.0094244117634425
XKR8,3177.4189020755,-0.839980434090118,0.239737915271219,-3.5037446335505,0.0004587650624041,0.0094627432581361
C17orf96,28.8365917206998,2.18816559280187,0.624902219863983,3.50161276955962,0.0004624512167327,0.0095256008220106
AEN,85.942250629111,1.40911519864766,0.403182277817091,3.49498297960141,0.0004740919870831,0.0097519086943048
FBXO33,2269.02430754511,-0.7194944083517,0.206037152027112,-3.4920615106203,0.0004793078557111,0.009805100208807
USE1,146.660456079974,1.02116548711851,0.292491861608906,3.49126119783777,0.0004807460121882,0.009821048328442
MYB,93.8715892628956,-2.38696319683371,0.684558364304244,-3.48686587046484,0.0004887163969173,0.0099702156323224
HRH1,217.928634872621,0.863545191394377,0.248248160059745,3.47855626074549,0.0005041226027598,0.0102146472485831
APOF,24.7745082222816,1.57695293754238,0.45339469625904,3.47810186257982,0.0005049779874705,0.0102180959662798
LOC102467147,24.6945885605726,1.528964844616,0.440054493510938,3.47448978970144,0.0005118258422264,0.0103286316442809
SNHG9,59.2916540841055,1.55340190991051,0.447901408191826,3.46817822292986,0.0005239996449037,0.0105457580356947
ABCC6P1,55.2924193805099,-1.14408227990523,0.329938611161839,-3.46756105893905,0.0005252044088771,0.0105557592312466
PDE7B,115.181017488437,1.01851112054109,0.294262286172448,3.46123566763906,0.0005377018780341,0.010792393145523
LRRC17,112.898739738812,-0.877926660618246,0.254176505277475,-3.45400397908472,0.0005523292261296,0.0110562224822435
NOP2,1624.83869598419,0.996642729589186,0.288707403711141,3.45208580305877,0.0005562708029015,0.0111078417629689
IL23A,304.13752688019,1.47725729816919,0.427939426844639,3.45202429479698,0.0005563976260268,0.0111078417629689
FAM229B,50.1029311478111,1.01771684011972,0.295050765096192,3.44929402161668,0.0005620543485853,0.0112057707225308
SLC20A1,7391.84512725879,0.932472625885863,0.270490821032324,3.44733555958422,0.000566144932422,0.0112572258362804
LINC00462,12.6145486102602,3.47880560660986,1.01004298561457,3.4442154008853,0.0005727192308703,0.0113727854726626
KIAA1875,385.295036382753,0.698717710970913,0.20310388515256,3.44019864733793,0.0005812873704363,0.0115275778661125
LOC102723604,25.9042696250197,2.50878812282781,0.730066705270392,3.43638205210118,0.0005895389855774,0.0116447614462467
CFB,50.1791399174858,1.33573218510937,0.38906015796791,3.43322788970733,0.0005964405546236,0.0117654999882301
SNORD10,44.7409773287008,1.430836597604,0.416865256313508,3.43237191378676,0.0005983264328961,0.0117871097672121
PRSS23,332.237262357385,0.668520470739154,0.194824250552636,3.43140275834675,0.0006004683659922,0.0118032858796572
MCM6,136.148002791805,-1.11112609589455,0.323822212240322,-3.43128437115962,0.0006007305024247,0.0118032858796572
CD300LG,287.519455383479,0.618006192376721,0.180693130548446,3.42019749450866,0.0006257568848454,0.0121985783316346
LOC143666,477.022783656309,1.04275133408535,0.30520391142131,3.41657264230114,0.0006341474263121,0.0123460059642213
ANKK1,60.3276266325592,1.3751834694334,0.402645287645966,3.41537206972744,0.0006369494154919,0.0123682638453537
LOC646736,188.258779568449,0.737902367034876,0.216081823324348,3.41492105019519,0.0006380050123741,0.0123726511697471
SREK1,1436.47712277568,-0.537656749673523,0.157529034808753,-3.41306445714125,0.0006423674688575,0.0124249365279803
LOC101927189,49.4798577035114,0.964847918299723,0.282809586100773,3.41165209992536,0.000645704663055,0.0124733078240163
CCDC174,833.002144707403,-0.508472415453764,0.149383838975205,-3.40379802086999,0.0006645587401393,0.0127878251505787
ZNF92,177.052298956401,-0.619275441641988,0.181926273671941,-3.40399123855358,0.0006640888344257,0.0127878251505787
LOC285847,24.3468138635628,2.14785801277831,0.63196375922314,3.3987044058011,0.0006770584852288,0.0129448374233571
PPP1R35,502.024629737842,1.10883878405386,0.326229985401712,3.39894808470306,0.0006764555526308,0.0129448374233571
MET,42.364378050531,1.11876427678667,0.329453750137151,3.39581588104835,0.0006842436988857,0.0130654625883258
SNORA48,27.6216965107132,1.52891799466108,0.450432451048881,3.39433358120807,0.0006879583824728,0.0131195950867242
C2CD4B,12.4146116126767,-3.68793835594306,1.08907558564748,-3.38630156120017,0.0007084149007198,0.0134455354039166
CLEC4E,8749.19621563778,-0.428769362593718,0.126858349878745,-3.37990650992663,0.0007251049004334,0.0136706566120916
PPP1R3B,10962.4794976384,1.08359595210724,0.320751125036865,3.37830756472857,0.0007293345832752,0.0137120782069193
ZNF184,227.612224001959,2.46314323005714,0.729294490066425,3.37743293499008,0.0007316579235121,0.0137247982557692
ADAM33,37.5532237114408,1.8219065234769,0.539735589219121,3.37555380795399,0.0007366728513862,0.0138015103426178
PTCH2,118.645586452846,1.10689933283906,0.328238345056535,3.37224260818281,0.0007455874007583,0.0139122786011369
TTC21A,156.63584976858,0.705786548336603,0.209354157764261,3.37125641961857,0.0007482617584954,0.0139311206047976
LINC01032,32.4491009937375,1.56939583772656,0.466058945859235,3.36737627647762,0.0007588706889145,0.0140584330233332
TRIM7,272.577113565705,0.667392442161463,0.198156487973959,3.36800701801482,0.0007571366878822,0.0140584330233332
LINC01215,108.619880956428,1.24998347455588,0.371449081515021,3.36515430178908,0.0007650086422474,0.0141399897571547
SUCNR1,201.713246390781,1.40577308690837,0.417751218424564,3.36509631787517,0.0007651694316384,0.0141399897571547
SBF2-AS1,118.143417614555,1.14396709212296,0.340018844679568,3.36442261957871,0.0007670398985418,0.0141570123848452
CASC1,23.98819973865,-1.46887567257675,0.436659487564768,-3.36389272283675,0.0007685140941797,0.0141666881168135
LOC101927924,93.6069646714932,0.966430865895706,0.287539051423743,3.36104213014005,0.0007764898048351,0.0142784124038303
RPL39,1508.01306007336,1.00871190870978,0.300196380274578,3.36017345641259,0.0007789355117263,0.0143057454265696
FAM65C,113.050833864136,1.11394545531486,0.333133171060198,3.34384430037309,0.0008262609570957,0.015100526535747
GCNT7,453.137311242663,1.41987432068589,0.424743496660713,3.3428983182763,0.0008290827340569,0.0151335505666961
HSPA2,180.597144495369,0.895452266854419,0.268135998226806,3.33954512924814,0.0008391571509148,0.0152987171046376
UBE2C,147.8861305888,-1.13519911735417,0.340251533165918,-3.33635268823495,0.0008488540156154,0.0154377560181374
MRPL40,28.0089241684662,-1.59054529777971,0.477569835936459,-3.33049782061893,0.000866908422287,0.0157277436758719
FOSB,125298.481030695,0.636559172209819,0.191301583965687,3.32751647432253,0.0008762380801371,0.0158776895371638
LOC101928988,67.7603107960745,-1.29208171998205,0.3884504183231,-3.32624617978229,0.0008802414790005,0.0159308752139987
EMC1,569.22177794713,0.670210068726071,0.201703233054741,3.32275322797716,0.0008913372835035,0.0160843039239419
LOC101929057,130.774842574915,0.737726270891669,0.222242908820344,3.3194592115784,0.0009019197953138,0.0162443597916852
SOWAHC,159.398525248774,0.66084888867431,0.199391419530605,3.31432962476539,0.0009186314391787,0.0165054827138222
SLC52A1,43.7675180941033,1.24216585491543,0.375246778432918,3.31026387515673,0.0009320805641477,0.0166668074977645
MIR17HG,72.9445344155549,0.957834651191488,0.289595935610935,3.30748651278833,0.0009413724477504,0.0167443531831259
MFAP5,177.25671363947,0.664519600271663,0.201256155978069,3.30185974705825,0.0009604608239211,0.0170313344436817
DCLRE1A,37.7639800815513,1.67061556820945,0.506202356737929,3.30029196026514,0.0009658429258072,0.0170645662926191
SIGLEC9,1958.17192516942,-0.875006645130072,0.265145181488647,-3.30010389107349,0.0009664904270432,0.0170645662926191
FAM225B,14.8583436426484,-2.09203398326293,0.633953244145925,-3.29998150901707,0.0009669119906969,0.0170645662926191
CRNKL1,992.170013690656,-0.637260288539517,0.193251948784036,-3.29756203002988,0.0009752812966926,0.0171919266874439
NAA38,948.067824252888,1.03047707538164,0.312701557386781,3.2954011613925,0.0009828126946654,0.0173042334303973
LOC344967,142.322265690463,0.703878819249985,0.21372551996155,3.29337750296088,0.0009899146635245,0.0173473529696149
STARD4,270.73781769629,1.27219000249347,0.386268083064007,3.29354160561761,0.0009893369846077,0.0173473529696149
ZDHHC9,160.946941277485,-1.34534920881923,0.408435798825812,-3.29390619697612,0.0009880546564569,0.0173473529696149
NUDT16P1,141.254555091498,1.32220169098738,0.401635792413756,3.29204148624603,0.0009946293826153,0.017409516411905
TPRG1-AS1,100.214389179358,0.994382455892526,0.302144664424164,3.29108064108181,0.0009980329876843,0.0174486118937128
KLF17,44.0298722742935,1.62544970119221,0.495124679064208,3.28290988093006,0.001027415045876,0.0178576230526224
INCA1,109.184557972855,0.864414201509595,0.263501258243061,3.28049363890412,0.0010362560152976,0.0179903212527746
LINC01547,78.9914257536252,-1.3749756093328,0.419474455123774,-3.2778530195053,0.0010459984534389,0.0181172763485891
CNOT7,1092.72187688029,-0.613036372344867,0.187367354667701,-3.27184195684514,0.0010684928689724,0.0184213111618344
PF4V1,60.006770556287,1.65684999885345,0.507475761169026,3.26488499674688,0.0010950852874338,0.0187928732928672
OLFML3,21.284605194928,-2.23158306746026,0.683664120148523,-3.26415121357467,0.0010979255122618,0.0188199576601851
RGS18,6562.54635936516,-1.02254810827761,0.313498913946935,-3.26172775338766,0.0011073543760365,0.0189597885302326
C17orf105,11.5164792635479,3.89058372441866,1.19321123238631,3.26059931286253,0.001111770256572,0.0190135663259846
DGCR10,66.0161536416768,1.14425689235473,0.351849666554351,3.25211873457317,0.0011454815973402,0.0195006473300626
RPS2P32,68.7554954412194,1.19058192838181,0.366079632809033,3.2522484773221,0.001144958813294,0.0195006473300626
FADD,306.051990854854,-1.38811126299059,0.426886964931766,-3.2517068381614,0.001147142750806,0.0195066588857126
MCC,425.029783882595,-1.1690906997016,0.359788279380746,-3.24938517095053,0.0011565476144449,0.0196218368307369
ZBTB20-AS4,115.483843121972,0.69932734977543,0.215513191516971,3.24493987979553,0.0011747542281766,0.0198854821847878
LINC01565,155.209526229447,0.777117708941621,0.240462956184656,3.23175644711304,0.0012303187085263,0.0206154414609593
AZIN1-AS1,16.0772138619963,3.43971427805046,1.06518223756873,3.22922609552858,0.0012412571986799,0.0207753856385111
INHBE,101.365301491178,1.2042110844805,0.373949464847346,3.22025085654844,0.0012807846703317,0.0213091763071985
FLJ42393,51.3493455496135,1.33133210960468,0.41347094042759,3.21989281333262,0.0012823853543991,0.0213091763071985
C11orf95,21.1563690256376,-1.61243040407721,0.500937960235066,-3.21882255303745,0.0012871811245581,0.0213285912339288
C1orf162,1122.03432828024,-0.945918662231893,0.29419818203996,-3.21524305715598,0.0013033411537309,0.0215484774119616
BRD8,793.301413022748,-0.649598447059006,0.202308305938809,-3.21093315494168,0.0013230470672612,0.0218017689658195
PISD,5702.95775717691,-0.581790129280983,0.181914065391455,-3.19815913095587,0.0013830793634548,0.0225913061853248
AHR,672.273077555796,0.961572660732585,0.301108501378372,3.19344241803481,0.001405873727479,0.0229134370468794
RPL13P5,60.9282711551644,1.28716937125808,0.403562839654195,3.1895141097754,0.0014251218195541,0.0231545332720055
LOC101929319,874.949602954654,0.756558455181367,0.237636908803149,3.18367403023271,0.0014541866965526,0.0235502462322589
ZNF99,186.311098790185,0.726068877511907,0.22811827892748,3.18286145645842,0.0014582737277788,0.0235614692333333
RASSF2,46166.1733824848,-0.674093853282997,0.212034864561758,-3.17916515605224,0.0014769990871148,0.0237867034407605
LINC00330,227.740703955819,0.645004833671005,0.202947626792595,3.1781836716434,0.0014820083542636,0.0238159381326865
GOLGA6L22,13.7017999369298,-2.12442066016925,0.668901746539454,-3.17598312631098,0.0014932963688546,0.0239457298373432
SNORA4,48.922771240579,1.00344072559473,0.316300384580278,3.17242967290813,0.0015116916741992,0.0241886887739621
ENC1,1001.01040917832,-1.19230005069441,0.37645081750341,-3.16721333905354,0.001539073645711,0.0244954165191977
VN1R2,240.493512555747,0.75775329046397,0.239540002011273,3.16336847333043,0.0015595480370274,0.0247420636980747
FAM134B,370.306722130195,-1.05722471429677,0.334570837276133,-3.15994281780215,0.0015780010555566,0.0249023595148323
OSGIN1,215.384745840838,-0.832511006467599,0.263762257936107,-3.15629314437119,0.0015978818071729,0.0251628420172859
LOXL1,139.835744302894,-0.684294651724014,0.217728926640749,-3.14287431753657,0.0016729765622701,0.0261247114901929
LOC100129520,11.2345110400262,3.66389440674842,1.16656757185181,3.14074769019369,0.00168517142437,0.026287616581203
TNFAIP1,259.650199979366,0.594790887388435,0.189462419961405,3.13936076352027,0.0016931685696304,0.0263847678985354
C9orf40,61.580392397429,1.27325420461517,0.406136661335448,3.13503883256558,0.0017183136383926,0.0267207625540656
PDE1C,33.3142416157253,1.91344713735956,0.612275128014785,3.12514268473332,0.0017771883303087,0.0275215052646879
HSF2,72.9382454420307,-0.966706922592053,0.309797711450305,-3.12044565489673,0.0018057761464284,0.0278174092605736
ILF3-AS1,496.039317061373,0.459994410295911,0.147469529565231,3.11925054383822,0.0018131171641088,0.0278465667027344
IL1RL1,758.192243363655,3.11229162060674,0.998697708210032,3.11635001764939,0.0018310479631833,0.0280353370379397
TLR1,12410.1624980611,0.880448981363227,0.283059140445872,3.11047712494411,0.0018678536252525,0.0285110553872985
MT1E,17.3485033776119,1.98473701368127,0.638400323481834,3.1089223182979,0.0018777108022096,0.0286029634252831
PDE6A,608.506264765756,0.44772333506041,0.144115128492598,3.10670600473014,0.001891844424632,0.0287302198620554
NANOG,293.168351711071,0.562985681868124,0.181522407746289,3.10146658397678,0.0019256460500666,0.0291841052282961
VSIG8,71.158998785655,-0.968608844470105,0.312659353749335,-3.09796854901279,0.0019485210633337,0.0295008067182698
UCA1,106.208741288011,1.01830562803836,0.329146303838969,3.09377810463445,0.0019762523473983,0.0298600316684406
CABP5,20.7917804236967,1.97219172151899,0.639283075648221,3.08500537030364,0.0020354847783228,0.0304160165321925
NKD1,93.5393006204689,0.862208534465701,0.279626152108174,3.08343310511298,0.0020462710914364,0.030546587373966
LOC101929450,354.15030509732,0.519701684974656,0.168659663864563,3.08136322026579,0.0020605512234801,0.0307290003957589
AVPR2,64.5511916900539,0.861316521432006,0.279688338718461,3.07955821604355,0.0020730785063032,0.0308541115414177
HNF1A-AS1,439.784289512406,0.568267634569239,0.184621403135675,3.07801600961524,0.0020838371969499,0.0309548267853812
GCC2,3001.552213589,-0.475649197289001,0.154840195468298,-3.07187158896596,0.0021272121432946,0.031378293546618
GDF15,60.8514578291592,-1.16978508378453,0.380981417557402,-3.0704518117561,0.0021373517326973,0.0314963699503111
SLC38A2,10497.2564670448,-0.518510232219214,0.168981711084724,-3.0684399447183,0.0021517957386042,0.0316154973889705
CRYM-AS1,196.707739621284,0.530328132458762,0.17291350358887,3.06701397780768,0.0021620874659469,0.0317354432870734
ABCC6P2,19.3848623036705,-1.3920585734138,0.453949811693823,-3.06654730887455,0.0021654653755247,0.0317537710375625
ZEB2-AS1,10.3327626136986,2.76313519449722,0.901259031835601,3.06586130834054,0.0021704396662228,0.0317642460671068
MIR7848,41.1613424010586,-1.23581083354611,0.403073422716571,-3.06596953283891,0.0021696542192047,0.0317642460671068
FANCF,152.207405512248,0.653232110156022,0.213615269523206,3.05798415822076,0.002228313556981,0.0324519922609948
PKI55,85.6566231507634,-0.770612353560582,0.252432391595467,-3.0527475047478,0.002267566479959,0.0329592776955448
RFX5,1004.66681553511,-0.390900823724081,0.12827711899778,-3.04731527164128,0.0023089539716984,0.0333657273061422
TMEM205,318.849880922605,-0.624824360227206,0.205474985997405,-3.04087797935218,0.0023588940606679,0.0338903536866486
LINC00700,126.377900996817,0.638240847560958,0.210169783338813,3.0367869130457,0.0023911442526924,0.0342546918735855
SLC41A2,187.357432816094,0.660168727723654,0.217797717854464,3.03110948189452,0.0024365688151328,0.0347207640781772
LOC101928052,29.9107389293189,1.26485594400723,0.417301143083067,3.03103877133509,0.0024371395094186,0.0347207640781772
PDZD2,51.2525793104179,-1.01767723775265,0.335758943140816,-3.03097581923779,0.0024376476892544,0.0347207640781772
POMGNT2,25.1162554105127,-1.55553883304969,0.513541720057476,-3.02904082043342,0.0024533153177123,0.0348672622280188
IL1B,492812.247020395,3.96371827648872,1.30975321774956,3.02630924877531,0.0024755896623225,0.0350602741065685
ZNF266,755.522501948819,-0.562634269988612,0.185999422198162,-3.0249248268588,0.0024869493169632,0.035187737347128
LOC101927580,81.8114655935223,0.867435336604873,0.287224666382808,3.02005864443679,0.0025272574612471,0.0355103407883064
SEMA6B,224.784966412511,1.16622426865248,0.387188535471673,3.01203202525556,0.002595052183274,0.0362699280310839
CLEC5A,584.886464996409,1.27285085873895,0.422742363922569,3.01093755290655,0.00260442408829,0.03636683186205
KCNJ2,23889.3597738935,0.501408407170067,0.166587150963183,3.00988644244767,0.0026134538076185,0.036458780760538
FLJ22447,19.4641643484219,1.3632377084884,0.453778546429795,3.00419162433741,0.0026628755065545,0.0370943587464316
SIAH3,26.851639126269,2.05218561983229,0.684375725072838,2.9986242127654,0.0027120158206832,0.0376576274989288
LOC442132,30.439338246981,-1.26015229582799,0.420559158128716,-2.9963734506105,0.002732116123555,0.0378662153815759
MRS2P2,125.692100070171,1.08827781931402,0.363249026317784,2.99595522759075,0.0027358660010159,0.0378753439434854
RAB13,104.381509822349,1.13609269061833,0.379684268341562,2.99220374755244,0.0027697134301185,0.0381391841028231
ZNF677,228.622066533319,0.570487202326692,0.190629230995938,2.9926533268072,0.0027656370613058,0.0381391841028231
BTBD19,2201.88296167418,0.982989607510697,0.329360733062387,2.98453795135469,0.0028400696756979,0.0388568431868655
TMEM185B,3692.1763797616,0.717068316728323,0.240448372596742,2.98221322516882,0.0028617261188999,0.039113062766207
KBTBD12,459.881414438918,0.516346571732696,0.173345984736735,2.97870511691911,0.0028946921102704,0.0394233273428892
ZBTB49,158.982110103217,-0.862768946583649,0.289640403202905,-2.97875896126012,0.0028941835219152,0.0394233273428892
TULP2,779.228945023918,1.92904219998828,0.648684430368899,2.97377601446556,0.00294159713666,0.0399526758643095
MIR3181,11.3005582184221,2.33290208769614,0.785412294753249,2.97028974881156,0.0029751898547003,0.0402902764625528
METTL12,22.8553294623563,1.71525722379154,0.579311039252924,2.96085713471562,0.0030678420986714,0.0412540389697806
LINC00106,55.4044019606276,0.927911995668258,0.313650156290236,2.95842988456736,0.0030921057638068,0.0415064854089644
DNAJA1,14934.8373182943,0.719288897902076,0.243196853090258,2.95764064691711,0.0031000328855492,0.0415744518185214
CLK4,775.046063051734,-0.930760227243057,0.315815233598354,-2.94716697683676,0.0032069997982036,0.0426636824180291
SLED1,184.904853123663,1.02857361819115,0.349064794784294,2.94665527306117,0.0032123109675999,0.0426962508554534
SLC8A2,9.30734860025202,2.98477153779909,1.01478625845526,2.94128099679099,0.0032685787926644,0.0433282804755597
BCL2A1,55278.3402679963,0.747135218449807,0.254107280210928,2.94023539124746,0.0032796299049471,0.0434361640963384
SH3TC2,67.9291605785113,0.95758241000764,0.326072331230119,2.93671777177514,0.0033170583143971,0.0438004256245127
GINS4,439.657075940382,0.74029826474745,0.252254410273844,2.93472872860297,0.0033383940498233,0.0438638506299702
RAP1GAP,162.064220699184,0.689065447937768,0.235254508676895,2.92902121967044,0.0034003120832476,0.0444424663430961
LINC00624,19.3483844663258,1.47835919419229,0.505552764606124,2.92424312098082,0.0034529494307454,0.044967894236001
EIF1B,2406.98933237562,0.579621103011323,0.198228477642116,2.92400521814923,0.0034555895389564,0.044967894236001
MTMR7,68.3320559155933,-0.908422777738362,0.310825472151348,-2.92261368236909,0.0034710688363507,0.0450513921292416
KL,25.8457490563427,-1.88446041774329,0.645130600690515,-2.92105259884783,0.0034885092543485,0.0451598424566837
LINC01602,149.751550448229,0.940826592858762,0.32214944895403,2.9204662491694,0.0034950805254298,0.0452056685825973
EPM2AIP1,2438.76466875426,-0.720076190229239,0.246646087612381,-2.9194713656309,0.0035062560460038,0.0453109154367893
TSEN54,82.6535249099441,-1.23374823818548,0.422721836606535,-2.91858175127546,0.0035162766054917,0.0453617932679047
C11orf72,2052.70067227865,0.493037083704233,0.169334156705457,2.91162216351796,0.003595572756423,0.0462054583272053
MAPT,13.2062502355326,1.73364871682617,0.596389561521906,2.90690654008453,0.0036502223860997,0.0468063340016389
ANGPTL1,17.380728442087,1.4200207143085,0.488663430264163,2.90592793805106,0.0036616576672905,0.046819433582183
LINC00641,2822.27796917941,0.907167335384692,0.312166718386767,2.90603476268323,0.003660407804991,0.046819433582183
CDK5R1,277.493072626933,-1.48163110333082,0.510327817858056,-2.90329284723202,0.0036926116898177,0.0471068589651431
FBXL3,1956.15663047109,-0.72626400983365,0.250263417583624,-2.90199828982585,0.0037079056449666,0.0472615357977676
MGST1,25.2911152778012,-1.22983436144219,0.424098888165053,-2.8998764103422,0.0037330982073574,0.0474813941399052
DCBLD2,84.6547871277683,-1.05693512263822,0.364492888911602,-2.89974140728588,0.0037347063183872,0.0474813941399052
NUP210L,19.0596498688597,1.42439745437187,0.491348662403755,2.89895457820826,0.0037440912979231,0.0475601648432094
MC1R,53.5399670671087,1.17009343797966,0.403811347155833,2.89762396777848,0.0037600110709622,0.0477217405117106
LOC102723809,20.2465609313185,-1.99355555545753,0.688907801450948,-2.89379152226,0.0038062078413046,0.048103370794387
WFDC8,149.86325507271,0.722441810158638,0.249999651205816,2.88977127237621,0.003855222191694,0.0485582166762955
SCARNA10,71.3575505150012,-1.12052194810227,0.388121024361017,-2.88704264332766,0.0038888152057466,0.0488164151206221
HIP1R,590.895508320467,1.09864542382883,0.38059197130337,2.88667524978633,0.0038933585574175,0.0488323432857597
CCL3L1,100.155993311176,1.75641452035917,0.608641534173486,2.88579471124053,0.0039042673203712,0.0489280155871396
ID1,24.9088143991472,1.5153795146886,0.525283144566523,2.88488128805108,0.0039156128125978,0.0490289956962815
LOC100996351,266.483253404297,0.625335819332686,0.217156059802357,2.87966092174371,0.0039810307462819,0.0495982552375131
SH3GL1P1,77.4739896664778,-0.853028803576924,0.29636703430739,-2.87828504803328,0.0039984366724474,0.0497320150927513
UNC13A,45.6310427588333,0.989761529768081,0.343978247718252,2.87739569677319,0.0040097244279966,0.0498308503289286
SNORA40,34.3696389419738,-1.14394982334074,0.397758826677376,-2.87598853027743,0.0040276434686938,0.0500118626549797
LOC100288254,427.977103651455,0.415969338668101,0.144764399355701,2.8734228893253,0.0040605018808813,0.0503360470071355
TCEANC2,843.469639410589,0.463171466244089,0.161276236870122,2.87191389898989,0.0040799411176647,0.0505350181791815
FLG2,227.234611801672,0.566293875763043,0.197422336648577,2.86843872571055,0.0041250309096366,0.0509243261220286
SYDE2,142.788932916288,0.557847966050936,0.194678130516041,2.86548861226593,0.0041636624801109,0.051173122240555
LINC00957,138.617084566721,-0.807902689529286,0.28226566611215,-2.86220673118738,0.0042070239897281,0.051594859176658
LOC440600,201.207418899624,0.619906699105234,0.218619997710597,2.83554434908489,0.0045747662926975,0.0550633492518145
MAPK6,1387.87555274707,0.887856149413369,0.313464670944693,2.83239622104023,0.0046200560566781,0.0554295221023657
RNASEL,1929.38668443332,-0.545175253262206,0.192860750536501,-2.82678176739245,0.0047018358732491,0.0561396944577784
SLC22A18AS,27.9157302792388,-1.3936261892294,0.494167041179656,-2.82015203989038,0.00480009004587,0.0569937288419841
LINC01205,235.203828637507,0.500465873997197,0.177495452606878,2.81959828630452,0.0048083802995167,0.0570010933280551
LOC101927686,16.5525322901768,3.75388026414883,1.33516645934119,2.81154476124355,0.0049304230059261,0.0581642815603727
STEAP4,28011.9736630524,0.8067180116285,0.287032467409679,2.81054620374036,0.0049457487237774,0.0582590448007051
CD22,77.1744251122619,1.21864594912839,0.434848106556365,2.8024635056573,0.0050713953776088,0.059410620004934
FEZ1,124.2000717887,0.553404758013174,0.198215258511813,2.79193823002376,0.005239335692286,0.0609471241646347
DDX51,664.616580871325,0.403145861322343,0.144684678132174,2.7863756309708,0.0053301066994199,0.0617591602832355
KDM6B,99794.6844752629,0.505718508379021,0.181861843598198,2.78078401919396,0.0054227801448237,0.0625094194768834
LINC00939,37.6387670237718,0.954331710432628,0.343585421292976,2.77756753136178,0.005476745801609,0.0628750655422595
HSD11B1L,25.2916559252537,1.30654012623108,0.470821332729301,2.77502321030614,0.0055197768358204,0.0632236523455664
CA2,162.421778473048,0.790376381349256,0.285381124983007,2.76954679955207,0.0056134339246538,0.0638544165662568
FBXO28,820.323494754709,-0.447854713828976,0.161823030789982,-2.76755855852319,0.0056477898120589,0.0640498018762247
RGPD1,504.190647811956,-0.92537348574007,0.334562108117353,-2.76592436288535,0.0056761698562921,0.0640792740854542
LOC101928093,99.807467917831,-0.869572760507581,0.314348712432553,-2.7662679251284,0.0056701927710057,0.0640792740854542
EIF2B5-AS1,434.020563757325,0.464712042369747,0.168672750826882,2.75511035476445,0.005867234244562,0.0659367477687669
GOLGA6L7P,10.2362107813602,-2.05464178998997,0.746416269184717,-2.75267551742164,0.0059110451318883,0.0662294636001886
NOP9,204.03090221864,-0.875515471187867,0.318458663381225,-2.74922799050938,0.00597358201669,0.0668297288933976
CALB1,10.7031659734956,-2.29301464507934,0.836091087945459,-2.7425416657819,0.0060965714838764,0.0676978187185772
DNAJC3-AS1,524.690000318352,-0.833403721172374,0.304284392165612,-2.73889736913874,0.0061645613845701,0.0682171587153125
MIR6732,12.8752119390006,-3.60319626326607,1.3165314551338,-2.73688581401944,0.0062023817585675,0.0684649290640398
LINC01485,23.2506244042104,-1.56920559125456,0.573561400449107,-2.7358981793856,0.0062210271900765,0.0686199545011918
MKRN2OS,138.089953057948,0.512224952662157,0.187386464569988,2.73352162248007,0.0062661008974634,0.0690591756147342
ISL2,145.521480655195,-0.911508306966743,0.334091661535655,-2.72831803935778,0.0063658199842753,0.0698553888340673
SP2-AS1,198.168226424448,0.593963378130758,0.218130668697919,2.72297050972376,0.0064697832824405,0.0707359810051579
KLC2,61.8799520062304,1.19012000062253,0.437362141374638,2.72113173051961,0.0065058830185185,0.0709745672678617
LOC643733,32.0238185755838,1.15258135729942,0.423707952749672,2.72022592405852,0.0065237327397303,0.071013449888758
PLK2,1273.20501967353,0.747532173473529,0.274802056210557,2.72025684153091,0.0065231227581197,0.071013449888758
SNORA78,11.1190352340133,2.67254003969273,0.983160631564757,2.71831474317603,0.0065615388463351,0.0713208664835249
EGFEM1P,203.151047341604,0.542420973320447,0.19971459694403,2.71598061243596,0.0066079787541385,0.0716689361167036
IKBKE,108.164306342721,-1.03655005904901,0.381949757341354,-2.7138387683871,0.0066508527289279,0.0718256142258687
SLC30A4,122.643616133812,-1.55489131443196,0.573008785839774,-2.7135558002888,0.0066565356555904,0.0718256142258687
TFB1M,28.6580125098194,-1.37398905585382,0.506182763098028,-2.71441296705658,0.0066393343425694,0.0718256142258687
PIN4P1,228.257809584695,0.732397361122217,0.269973182864598,2.71285226684734,0.0066706838374582,0.0718696909242347
TCTEX1D4,1272.17333994659,0.903372570886987,0.333578177628016,2.70812850322112,0.0067663817632179,0.0726472651078974
SNORA12,39.6193908734278,-0.909847651591612,0.336495369989585,-2.70389352346742,0.0068532245465968,0.0734738588521918
KCNRG,107.827512917841,0.794846349116002,0.294168490380565,2.70201049775152,0.0068921586273363,0.073838190811399
LINC01179,239.699363742591,0.497363445892571,0.184117928859762,2.70133087512297,0.0069062594650185,0.073936143145601
OSGEPL1-AS1,127.79796702677,0.701826879829999,0.260181712498389,2.69744892171984,0.0069873003226949,0.0746586309934433
IGF2BP2-AS1,20.5484469015308,1.73537823940316,0.643357179456723,2.69737914616665,0.0069887647600648,0.0746586309934433
TM9SF2,6906.76865513236,-0.546988335265328,0.203319647429542,-2.69028764401572,0.0071390454848204,0.0758835248147735
MT1M,20.3111855643079,1.47449442631875,0.54804182772099,2.6904779010215,0.0071349760474748,0.0758835248147735
LOC102546294,29.0770510260958,1.10800453384802,0.413541029473489,2.67930980212218,0.0073774101900201,0.0774995438616817
GHDC,158.969862656711,-0.799496043732883,0.298768150500658,-2.67597480652853,0.0074512246014024,0.0780886243715489
EXOSC3,91.9576349748733,-0.766154115133347,0.286392723560685,-2.67518708439184,0.0074687558954981,0.0781624959084656
SOX9-AS1,64.3432830109521,0.966362925469993,0.361832488466875,2.67074670260977,0.0075682733775077,0.0789270355795614
CASP8,8500.88357956182,-0.607132873551345,0.227425705175572,-2.66958773671886,0.0075944429115952,0.0791062834119172
INHBA,89.6140012935158,1.74426120589535,0.654647107160003,2.66442971612954,0.007711897975851,0.0798421553889208
NRARP,152.522955061548,-2.59200966212166,0.972867736666561,-2.66429809976322,0.0077149162418986,0.0798421553889208
ZBTB22,361.18479063883,0.478888750840312,0.1804069545709,2.6544916296567,0.0079428010143892,0.0816340396468553
LOC101929486,124.017242605881,0.530940003247046,0.20054846057257,2.64743993412466,0.0081103766349854,0.0827291701487942
ZDHHC19,92.9747890445866,0.841907460048713,0.31869379761041,2.64174410158403,0.0082480347704535,0.0838465865928928
KANK2,107.743551934494,0.755108232749796,0.286144714562339,2.63890330424149,0.0083174701183355,0.0842324782195219
JAG1,580.819192171743,-0.499508317611923,0.189326394077709,-2.63834485437302,0.0083311812092667,0.0842324782195219
ECHDC3,120.874373873672,-1.2795937915603,0.48533282268756,-2.63652844345964,0.0083759177769019,0.084560288708775
SMIM17,383.860127354848,0.451184569467853,0.171205894134414,2.63533315689253,0.0084054737142902,0.0846393176915672
MARCH1,122.670531727295,-1.03288372298124,0.391975613560643,-2.63507138517799,0.0084119590005918,0.084647465975591
SPSB2,99.6768504590697,0.9993928210144,0.379384599775065,2.63424720351573,0.0084324069987145,0.0847388716791311
AIRE,20.3764509390597,1.56718759982846,0.595367824495428,2.6323014703669,0.0084808572169145,0.0850053109868987
LINC00311,156.776449970863,0.48167574651649,0.183342191746897,2.62719531127588,0.008609190355654,0.0858214276563296
KMO,30.3539881218302,1.08632362950285,0.414770993833567,2.61909257313869,0.0088164018512208,0.0872020538407237
FAM225A,18.783963414845,-1.39314948982878,0.531993441304922,-2.61873433328715,0.0088256651254941,0.0872214340732235
DGCR9,225.851096014629,1.01370045514437,0.387200613710593,2.61802388542194,0.0088440614291763,0.0872875500286606
TSFM,36.2216540281693,-1.14550168805232,0.438630539625422,-2.61154111391913,0.0090135149214466,0.0885497681314449
GPR12,114.748562661536,0.605908584765638,0.231999940539475,2.611675603695,0.0090099702420341,0.0885497681314449
LOC101929586,512.139151321405,0.481855789168525,0.1851769034193,2.60213763310129,0.0092644663579433,0.0903603576167491
TBCC,344.030433937283,-0.967293332132766,0.371853370737296,-2.60127622405266,0.0092877636895744,0.090425801605934
CYP1B1-AS1,8.86194827932692,-2.01911628948197,0.7782888535848,-2.59430194866844,0.0094783204190675,0.0916073832855178
ZNF414,399.971637687111,0.711680146760734,0.274417811220873,2.59341820268335,0.0095027140839306,0.0917242557499399
ZKSCAN3,812.083246593473,0.42314898098784,0.163568485781576,2.5869835437182,0.0096820216068194,0.0929137633349414
EIF5A2,407.133805896061,0.521477631659227,0.201819122749764,2.58388612810397,0.0097694043349327,0.0936920429883291
LOC100129917,78.3205537484374,0.689279379971379,0.267695659818588,2.57486199230309,0.0100280090192647,0.0949922603042069
SLC11A2,425.556631432246,0.684233812316645,0.265874595358056,2.5735208412642,0.0100669583602388,0.0951384981154891
RRAD,26.2165397845144,1.61368401963544,0.62698507187618,2.57372000071179,0.0100611659216871,0.0951384981154891
NEIL1,60.6031643764455,1.04152776194905,0.404758120675219,2.57321029214082,0.0100759964296981,0.0951555949178026
IGF1,150.999638170734,0.542158758219838,0.210931496640085,2.57030726494551,0.0101608348358633,0.0957828886897788
CLUL1,17.0697699875494,1.39843476255577,0.544505245859638,2.56826683156741,0.0102208447122651,0.0962119102393546
PSD,235.307307663061,0.874207649599896,0.340560722327454,2.56696557261625,0.0102592797721204,0.0964061999002085
LINC00092,174.465124198967,0.556331213948559,0.216820592934411,2.56585966498511,0.0102920458486986,0.0966531988297496
EGOT,9.24313797883149,3.02516667322998,1.181308826272,2.56086012899512,0.010441338406131,0.0976861227419265
CFAP58-AS1,1086.30977859951,-0.548408689389613,0.214397468526059,-2.55790655160164,0.0105304386003219,0.0980889636768275
LENG9,8.5515760558527,2.69482014367266,1.05362982308714,2.55765363187692,0.0105380997442316,0.0980990521134372
TFAMP1,98.8067533100638,0.609289589660504,0.238622596438998,2.55336082480463,0.0106688907173884,0.0989604713159358
LOC101060091,50.2506967621531,0.925449811987517,0.363241207035728,2.54775557965947,0.0108418403401883,0.100176186488989
NPTXR,166.941359833123,0.582628646232535,0.229134907865156,2.54273192880505,0.0109989578089019,0.101307761934159
HCG18,1982.04599135433,-0.873251759785855,0.344053239493598,-2.53812974140621,0.0111446660155548,0.102193282660634
SLC16A6,908.841821677318,-0.944158360689447,0.372144726283216,-2.53707306326547,0.0111783621760423,0.10239736801678
TMEM252,105.187886604644,-1.2014142307446,0.474221555347737,-2.5334450051804,0.0112947461983065,0.103083567965328
RNF217-AS1,41.9381620432936,0.849797805580899,0.335631938348151,2.53193367044647,0.0113435447186152,0.103339207323585
LINC00269,160.830222332294,0.481182286568182,0.19033839533053,2.52803584758919,0.0114702639750656,0.104175424275368
HMGA1,1098.13966834257,0.575279281164188,0.22758413135635,2.52776534873347,0.0114791044076888,0.10419226051848
ALDH1B1,90.5203706486972,0.696573050223586,0.276113007995771,2.52278244795426,0.0116430406466728,0.105423597549382
TNFAIP6,12327.0548094162,0.603917307995033,0.240145622702436,2.51479623571297,0.0119101197386913,0.106994659630682
CRLF2,89.8270445760175,0.620461919280922,0.246947876329131,2.51252178599006,0.0119871703429691,0.107366168963782
EZH2,162.366418795726,0.988085132644223,0.393415143776754,2.51155845999898,0.0120199375403005,0.107595035137156
KIRREL2,333.495235584381,2.49270078378071,0.994040428316181,2.50764527555799,0.0121538609432758,0.108533250447348
GDF6,8.88853408024059,1.74043194395751,0.694138071619818,2.50732817448854,0.0121647709933061,0.10856566715929
DUSP13,36.854466477549,-0.99244711974078,0.396104402454154,-2.50551903385029,0.0122271817068442,0.108862066145771
MRFAP1L1,294.647329934339,-0.731462703663574,0.292047565372596,-2.50460127181807,0.0122589504783988,0.109079790265132
ZNHIT2,11.9829972979003,1.71857562828306,0.686480595695018,2.50345842119996,0.0122986130182033,0.1091072075791
LOC728485,21.7276842876533,1.27309851461164,0.508935205071721,2.50149430010886,0.0123670433153828,0.109583907880156
FAM86B2,12.8161866381294,-1.34276570658988,0.537493644977108,-2.49819829339018,0.0124826347893843,0.110411347932436
SYAP1,11185.3009180255,-0.816041651035228,0.327065090324027,-2.4950435713783,0.0125941664428452,0.111130951453278
TNFAIP8L2,411.573925775972,-0.802126241866803,0.321983187351351,-2.49120535909074,0.0127310511525266,0.111756042319922
N4BP2L2-IT2,193.144375303404,-0.634997794880795,0.255276874419199,-2.48748656268034,0.0128649313477777,0.112723102931498
ZNF114,165.264417682294,0.435415384610841,0.175088799978089,2.48682602579566,0.0128888411495686,0.112799732565109
LOC101929297,32.2131027768213,-1.05630545711844,0.425276634032392,-2.48380788547623,0.0129985913150372,0.113427731001258
PSTK,9.54694601802896,-1.74481251038336,0.70329623617048,-2.48090693600757,0.0131048583012715,0.114021442151028
LOC284865,399.178039242336,0.469475078323058,0.189253050299915,2.48067377291445,0.0131134327478053,0.114029517532374
TMEM140,2770.04177004,-0.642995557010168,0.259764879290849,-2.47529827267462,0.0133124943605041,0.114823151184614
LOC101927018,83.2277171103966,-1.10066772727432,0.44657439380712,-2.46469063729998,0.0137131593327513,0.117194467122819
MIR29C,111.914372915545,-0.929338822795894,0.377500574838154,-2.46182094741003,0.0138233657455683,0.117866125422333
PDZD7,45.0672971647367,0.903096543221311,0.367304378535386,2.45871434155612,0.0139435514738447,0.118687319137811
RHOV,16.7819179565673,-2.98171188126508,1.21432653161007,-2.45544489364952,0.0140710324543532,0.119295797039096
TLL2,41.5990250489959,0.982381927774768,0.400149554673416,2.45503691382724,0.0140870122068597,0.119363416500511
HSP90AB4P,396.12680283487,0.416536306801542,0.170052193171334,2.44946153903388,0.0143069988492649,0.120648609623775
NOS1,154.216198694794,0.598222145101776,0.244476853307347,2.44694799122645,0.0144071626826408,0.121044516668294
GBP3,1311.53376114039,0.747973161527885,0.30636596917861,2.44143683299179,0.0146289473079028,0.122562635507166
SULT1C4,10.8789684957834,-2.30975035520801,0.948197073157242,-2.43593913184857,0.0148531836624371,0.123809858753464
GAS5-AS1,19.4426195767984,1.14162363602071,0.468782396412737,2.43529544785972,0.0148796348444614,0.123828121894784
MIR23A,479.122899411633,0.708897087591077,0.291296512812953,2.43359277028583,0.0149498039075245,0.124273369940308
PRX,27.9465557010074,1.40885634146122,0.579140882363185,2.43266601334098,0.0149881188836209,0.124522460674896
THAP9-AS1,4031.07914979066,0.792083790817499,0.325655006704095,2.4322788672407,0.0150041502905866,0.124586243476346
SLC26A4,226.778264780045,0.438176596576315,0.180450457958694,2.42823765333206,0.0151723975666,0.125703313839281
GADD45B,8926.26874145047,0.989628808646551,0.409547004405181,2.41639860138611,0.0156748913922413,0.129006432302702
HPCA,16.2901853236119,3.32506543653503,1.38142522015993,2.40698185324144,0.0160849690973572,0.131799529752137
KCNH2,250.095713324498,-2.89900312344051,1.20506346455961,-2.40568501883837,0.0161421757490304,0.132123088334407
MAP3K14-AS1,115.721955688172,0.792647933381207,0.32979897367208,2.4034275320982,0.0162421858942867,0.132795898158716
LINC00293,12.2046298780015,1.58542770512161,0.660020768441555,2.40208760228125,0.0163018040144382,0.133210303160173
KCNG2,17.3567045369233,1.61983971026617,0.675193459962234,2.3990749412128,0.0164365503844113,0.13390833419892
NRSN2-AS1,120.608102078193,0.518164644093116,0.216393298697617,2.39455032670483,0.016640759583548,0.135091806025831
PPM1N,80.429809082494,0.848930462894552,0.355200734641203,2.39000199071119,0.0168482814756154,0.136331210876751
DSTNP2,163.953848746401,0.841858558359091,0.352916903578298,2.38542996899075,0.0170591700092761,0.137659668056395
TDGF1,71.0190854570085,0.714560019770829,0.300410733695604,2.37861014811431,0.0173780441276114,0.139482654507572
OPA3,2557.30960871528,0.521797752889024,0.219555967830115,2.3766047356671,0.0174728001953252,0.140017124832286
RGS17,46.4751498700113,1.09171559973435,0.459350639981287,2.37664978496346,0.0174706666449277,0.140017124832286
VSIG1,749.006002241529,0.302327181970064,0.12740186684142,2.37302003075338,0.0176433070743524,0.141080235066926
PEX12,46.013694254811,-1.02601413700365,0.432709250177377,-2.37113982791693,0.0177333208458286,0.14149652957402
THUMPD3,384.959800504063,0.427750494394728,0.180636600311978,2.36801674553196,0.0178837264438047,0.142391891327528
DDIAS,123.20903514182,-0.65959901434808,0.279002685935834,-2.36413141377348,0.0180724006815876,0.143282143202826
LOC100289511,110.787021431538,0.581536873039278,0.246081776134522,2.36318545068277,0.0181186003110785,0.143572096938955
LOC284454,12548.9899129955,0.583290060255935,0.247467210555835,2.35703978295067,0.0184212732267358,0.144892641155227
BYSL,50.812182018028,0.970066537676804,0.411545959910837,2.3571280784459,0.0184168935478399,0.144892641155227
TMEM54,135.112583318229,2.01022737434374,0.854123749626017,2.35355517888822,0.0185948478376548,0.145573681242864
LINC00176,14.7441272792532,1.18404553338568,0.504088340029719,2.3488849857465,0.0188297221506028,0.146635846700751
RGPD3,973.631873595021,-0.604183768599155,0.257328880535903,-2.34790501299701,0.0188793352081515,0.146792245025632
HIST2H2AB,34.701270296578,0.881476767056603,0.375910793828076,2.34490943470953,0.0190317018110456,0.14751547250942
ENTPD3-AS1,277.940065855954,0.449117775687944,0.191567682576456,2.34443393398935,0.0190559862174493,0.147550323188381
DHDH,39.789952145901,1.77881925754258,0.759962219053951,2.34066801341384,0.0192492751996347,0.148500150658078
PACERR,127.508767947155,0.607643450605777,0.259695414227319,2.33983126892603,0.0192924537278186,0.148609691344504
ZBTB41,48.7273790689004,-0.92620940783654,0.396352393869543,-2.33683313678029,0.0194478621030111,0.14926709600731
RIPK4,45.5217803156697,-1.0793196732281,0.461835541768859,-2.33702167896009,0.0194380568766416,0.14926709600731
HELB,794.106052246883,0.928689862476175,0.398224018511818,2.33207897892933,0.0196965366859741,0.150486176923172
BCL2L15,843.010032633657,0.279494609369391,0.119970583015981,2.32969284922254,0.0198223907595534,0.151285216682303
SLC25A51P1,9.14589035128413,-1.69171282247076,0.726122447157694,-2.32979000868619,0.0198172524986838,0.151285216682303
GUCY2C,89.0940504627466,-0.574089920835571,0.246663792330732,-2.32741869169764,0.0199429918777626,0.151894707800344
POU2AF1,502.75021663986,0.500275703585635,0.215147086728481,2.32527296182723,0.0200573691145818,0.152460602878378
DSE,1642.26143531041,0.71982985616088,0.30956992597929,2.32525770674842,0.0200581843255802,0.152460602878378
POFUT2,2316.78781023433,-0.308043333357805,0.132990909048942,-2.31627361269064,0.0205433341403807,0.155041873499745
CELF3,31.405888138213,-0.902896117462845,0.389888600231092,-2.31577973022983,0.0205702985133642,0.155166849635711
SNORD97,17.2234698177434,-1.42233237240197,0.614603342527197,-2.31422817610047,0.0206552091869325,0.155257628328994
MYH7B,127.868158312005,0.893588122895743,0.386330809467903,2.31301284028185,0.0207219331862983,0.155524000808891
MIR27A,671.135914322145,0.551417963213683,0.238829648153104,2.30883379629732,0.0209528058459913,0.156626162196124
NPM3,13.5431366050745,-1.51955740960182,0.658629669073353,-2.30714995232409,0.0210464620291295,0.156854516861773
RNMT,676.855162796722,-0.404265021496535,0.175323087677469,-2.30582878074927,0.0211202013764137,0.157103617170504
LOC151475,286.834019298563,0.356059839624005,0.154419477700155,2.30579616591753,0.021122024570969,0.157103617170504
GRIN3A,28.1319361299014,-1.00066947813002,0.434042375890687,-2.3054649354837,0.0211405483795834,0.157163009962476
CHMP1B2P,10.8150905562702,1.920523213079,0.836417722258835,2.29612926886869,0.0216684912355249,0.159813160136193
MPV17L,248.511709574343,0.518292633567375,0.225786834588484,2.29549537071995,0.0217047514060394,0.159955299884165
LOC101927243,34.7638189373042,1.07427695821809,0.468244849345546,2.29426326785993,0.0217753811249066,0.160253822395112
ARL5B,11250.5583270816,0.697859239139083,0.304250624878716,2.29369862236856,0.0218078159437367,0.160364871385082
CPNE9,23.3128572769357,1.32044306627386,0.57673463981542,2.28951579308027,0.0220494013619614,0.161619763587202
ZNF667,62.2206656026923,0.59431575226699,0.259732974542204,2.28817982512428,0.0221270511006805,0.161913990708758
MMD2,163.00972279424,0.545653303821556,0.238497094977119,2.28788239065933,0.0221443710573689,0.161961258253331
BCL3,26537.6921471468,0.51946420906495,0.227964005751968,2.27871153321522,0.0226842187076845,0.164848688066797
SLC22A13,25.032014307409,-1.48506816349704,0.651760596198276,-2.27854855319492,0.0226939151479336,0.164848688066797
LINC01224,49.4216853159421,0.682392216728744,0.299777750782831,2.27632709547912,0.0228264395605327,0.165488912574732
BCAT1,315.860254080249,-0.795431731594565,0.350050926506266,-2.27233145626406,0.0230664982528181,0.166339791317348
ANKRD37,37.11826675351,0.843897775240141,0.371555024616582,2.27125921957584,0.0231312903686368,0.166565395107426
MEI1,99.5221067525594,-0.741215496675145,0.326461934571993,-2.27044999180966,0.0231802942182479,0.166757225121433
UNC5A,53.0504938793332,0.727829088955555,0.32082541848428,2.26861416528073,0.0232917994360265,0.167067620073523
CTIF,75.6998472900151,-0.659892449559885,0.291505152835154,-2.26374197211208,0.0235899893788937,0.16824366887013
LCTL,70.31093070016,0.65508587917093,0.29006024868182,2.25844762302994,0.0239177665196359,0.169604486729703
CETP,55.4869043972946,0.65064593794883,0.288119488979211,2.25825035388626,0.023930055556893,0.169604486729703
LINC01448,93.7216587416294,0.5127220316594,0.226987454446319,2.2588122013618,0.0238950692290361,0.169604486729703
HIPK1-AS1,376.974039561348,0.536209227468139,0.237520384517592,2.25752930030485,0.0239750207610815,0.169630170524912
ENO3,74.0559652163927,0.944365736637061,0.418671897958151,2.25562246055372,0.0240942853528837,0.170170807147838
NHSL1,30.6218748900564,-0.939772480150274,0.41708644274274,-2.25318395383551,0.0242475527176889,0.170817213906872
CASP1P2,68.5481249763542,0.92780735447911,0.411878857340524,2.25262194925446,0.0242829959684622,0.170978431953578
LINC00904,27.8840232122546,0.97972223445647,0.435205119807288,2.25117350386479,0.0243745503777873,0.171210165131506
ZFP36L2,15954.8916518773,-0.966528526368559,0.430813563649075,-2.24349604543987,0.0248648445869054,0.173681230596965
DCTN4,2995.08512446726,-0.521365703299014,0.232443681736445,-2.24297644661369,0.0248983333948123,0.17376465197796
ABHD10,45.8337123878588,-0.87893943066756,0.392013023723814,-2.24211793352764,0.0249537512448324,0.173875440117095
HHEX,364.611382263679,-0.774155504732514,0.345473007541006,-2.24085670322775,0.025035358581404,0.174202446530508
LOC101926933,24.3864430351978,-0.93921977059983,0.419152872244324,-2.24075709077418,0.025041813794697,0.174202446530508
CYLC2,15.7040460018633,1.36836617931227,0.612600980364736,2.23369897073551,0.0255028867761698,0.176213033491738
MIR24-2,277.22178041304,0.587880475367147,0.263276199430184,2.23294196983819,0.0255527714101899,0.176338954206461
FGD5P1,179.670660422708,0.453848526113954,0.203387336634392,2.23144928108179,0.0256513835789254,0.176774068074175
IL17REL,29.431973012005,1.32285416894671,0.592921549570492,2.2310779055087,0.0256759690075665,0.176780113485614
TBX19,54.5249061701902,-0.647919878749875,0.290610538836984,-2.22951267129827,0.0257798131623252,0.176923310487692
CD48,2226.3629310893,-0.602376290896488,0.270429345705613,-2.22748122739694,0.0259151290702346,0.177552436430289
HAUS1,40.1116071170872,-1.00686289029281,0.451988835792437,-2.2276277875925,0.0259053460784645,0.177552436430289
OR7E5P,22.2822739965639,0.990203104345009,0.446012495701904,2.22012413079749,0.026410342587429,0.179270568505384
CXCL8,886649.88327115,2.03036384828942,0.917451914798776,2.21304660826256,0.026894432503086,0.18164704344136
LOC100128573,189.621828908305,0.439324695235866,0.199573304451345,2.20131994328416,0.0277133819938019,0.185165620821491
DOK4,262.220320330526,-0.709885562866572,0.323724635643205,-2.1928685206676,0.0283168533451582,0.187819873954763
ACTG1P17,219.195738251048,0.471772116331542,0.215446067935171,2.18974577189081,0.0285426795274736,0.188779616318244
LOC646626,19.0322669678607,1.13903095784265,0.522988679159233,2.17792660382969,0.0294115015023816,0.192882023704933
LOC388813,45.7649651809505,1.57270851912474,0.722489383397622,2.17679118235458,0.0294961512543366,0.193352133475131
HMGN5,69.5974532176703,-1.19002675525152,0.546848913073096,-2.17615273031082,0.0295438421344713,0.193579665092869
LOC643802,1822.26274792185,-0.65958629488975,0.303676817116168,-2.1720008170312,0.0298556012903281,0.195022593974009
MFSD2A,357.307593480282,-1.77163802132113,0.815946340248443,-2.17126780761305,0.0299109342910098,0.195213025418744
SYNJ2BP,295.091029724658,0.440888275414278,0.203049977973011,2.17132885122933,0.0299063229022554,0.195213025418744
FAM129B,55.5273593583614,0.966596963204666,0.445320770362507,2.17056339505077,0.0299641916323454,0.195475061160616
AMDHD1,19.396668344698,-1.16060826013312,0.535062521511428,-2.16910774623995,0.0300745047417241,0.195681103496218
ABHD17C,76.3916946428694,-1.2745106368023,0.587826514697357,-2.16817480146924,0.0301453892776035,0.195971312247995
ZYG11A,429.597557273509,0.357214192835177,0.164813968507673,2.1673781419719,0.0302060325489306,0.196279984053247
KCNJ5,661.546665852044,0.362354992790684,0.167779411795504,2.15971071130191,0.0307950714779229,0.198921118955956
CARD17,78.859677771834,0.614757958951911,0.284785129763918,2.15867295972067,0.0308755480273938,0.199069194869228
TMEM253,114.54408983586,1.11163008353132,0.515643727033849,2.15581034976567,0.0310984769918638,0.200160374354625
SGK223,48.6938539718666,-0.950785889804519,0.44157956219005,-2.1531474081115,0.0313070953988487,0.201155843896179
MND1,51.8496634099319,0.63236172146964,0.294107831209333,2.15010161024768,0.0315471782810184,0.202349707399926
DLEU7,107.806059993464,-0.795255997439682,0.372416988210028,-2.1353913022657,0.0327290605505369,0.206682638589069
LOC100128531,178.187082221749,0.571272541918464,0.268412409663137,2.12833878521273,0.0333090045650872,0.208976518754373
CGNL1,233.54689720602,0.430612497847726,0.202601325461767,2.12541796982955,0.033551752155421,0.209912374267303
MANBAL,107.744598845827,-0.797991613847928,0.375576135764427,-2.12471330805867,0.0336105423254921,0.210147841965126
LOC100506083,210.072923483346,0.448537622717092,0.211368976667848,2.1220598679528,0.0338327109372274,0.2111076226807
CXADR,358.130160019901,0.357794100775234,0.168624798946828,2.12183559600895,0.033851546315352,0.211136808950583
PRRG1,17.2288933475733,1.1453688410839,0.540085973353907,2.12071577043784,0.0339457285696126,0.211370626371036
MARVELD3,346.835798916848,0.432641997989506,0.204025993827894,2.12052390909788,0.0339618874105073,0.211382982868487
SEMG1,123.809176423782,-1.80614385424239,0.852234999756503,-2.11930260404517,0.0340649017336439,0.211494763864243
PNPLA1,811.950347207231,-0.542318232424524,0.255921503430393,-2.11908036313966,0.0340836759477072,0.211523037623037
ALG8,54.2923068212718,0.839532124718655,0.397175890107806,2.11375399571908,0.0345362840667092,0.212738374344004
LOC101927153,255.193132142084,-0.905708590546371,0.428807322000952,-2.11215747511037,0.0346729445965125,0.212964424533687
KCP,121.909730721359,0.48256793564861,0.228628271194665,2.1107098134759,0.0347972619750498,0.213376467036972
CDH17,49.8348806038859,0.822580332420995,0.390202903051452,2.10808357905151,0.0350237605716738,0.214236809436165
ASPDH,10.3095815798762,1.70888738987994,0.81140398506966,2.10608700637973,0.0351967953021827,0.215030646596252
SYN1,39.8187972705948,-1.14897914533902,0.545817574489945,-2.10506073647907,0.035286021454695,0.215399278736744
SNORD50B,8.54408946818236,1.51764667742587,0.721329245254012,2.10395833443775,0.035382081683731,0.215669888120438
C10orf111,76.4434493050182,0.526004299667144,0.250967509921039,2.09590595943132,0.0360905339665032,0.218678011247513
KCNN2,37.7225090166458,1.01335409973931,0.483521295891732,2.09577966544459,0.0361017410106201,0.218678011247513
LINC00102,27.4925386723283,1.0380588116423,0.495444665495331,2.09520635489028,0.0361526526090949,0.218808647873146
SLC5A3,513.398628135721,-0.531094660496991,0.253549517623826,-2.09463881246636,0.0362031122526555,0.218936339425731
LINC01608,10.0411681406134,1.41198087722785,0.676275454669113,2.08787834525017,0.036808810021857,0.221569172885745
TNFAIP2,92967.3135035493,-0.423060669972935,0.202767881516267,-2.08642841661782,0.036939833160531,0.221772838938405
PVRL4,27.301415207482,0.840975211180836,0.403467697191321,2.08436813414099,0.0371266940873352,0.22244692202669
PMS2CL,102.945235753727,-0.646371484234993,0.310241373534047,-2.08344708145143,0.0372104905294974,0.222591273672842
AMER2,188.758652253393,0.402764222596227,0.193646801067119,2.079890916745,0.0375355393559689,0.223875252075216
LOC100379224,27.7799991104786,0.915808914287039,0.440457878695795,2.07922019013207,0.0375971167412713,0.224095044749232
DLEU7-AS1,25.4040312404464,0.831408788882268,0.400382823196633,2.07653460816413,0.0378445337314865,0.224850809377553
NEDD4L,114.949817687996,0.598435295114297,0.288319107590543,2.07560053898393,0.0379309115564095,0.225005443134739
FOXI1,52.4237007471601,1.05441869181421,0.508175743423314,2.07490952777703,0.0379949205135174,0.225205981565216
C2CD4A,72.992170751673,0.543593740094046,0.262546443084544,2.07046697608088,0.0384086354840207,0.227026548146334
ZBTB8B,22.7346001197623,1.16934451090632,0.566281310071346,2.06495338996619,0.0389274106710276,0.229456314362464
NDUFV2,522.328337458611,0.569396532917473,0.276018616147171,2.06289177471231,0.0391229117835494,0.230197301115604
LYSMD1,307.8709651809,-0.633695217808107,0.307366937232678,-2.0616895997776,0.0392372973661478,0.230553906864209
PRDM1,2599.02333662155,-0.738337221482509,0.358346598752142,-2.0603996913982,0.0393603463880574,0.231094821135866
PRAP1,55.0094798680412,0.642498768077503,0.311985792309867,2.05938470249109,0.0394574000282669,0.231300395684569
MS4A10,346.152242381854,0.309125945485297,0.15025449921627,2.05734901182796,0.039652665998557,0.232080144441319
CECR2,187.399186455618,0.403174870025006,0.196141965209874,2.05552580037426,0.039828246292229,0.232675874872154
KIAA1551,63944.5484706354,-0.429552055816194,0.209019187887666,-2.05508432100047,0.0398708610460764,0.232747046514684
NEK5,1039.13363440533,0.369974758427038,0.180366938421243,2.05123378855037,0.0402441849052658,0.233616788436056
SLC35B2,2671.20660577994,-0.4487086074253,0.219044964073496,-2.04847716688317,0.0405132671557481,0.234630816735406
GOLGA6L4,49.1702315423907,-0.690482909335186,0.337109486208334,-2.04824526625295,0.0405359730779316,0.234671182651861
LOC100131635,22.9848035304386,1.27088073643256,0.62426608990869,2.03579972863567,0.0417704697068139,0.238120561254025
LOC101927066,43.8047577290743,0.784713663179161,0.385385746512662,2.03617718164203,0.0417325667075287,0.238120561254025
ARHGAP31-AS1,9.60024458582094,2.70486130345596,1.33255322042955,2.02983360213113,0.0423734561200472,0.240428025090428
NFKB2,21255.627204336,0.44027943877825,0.217344521869113,2.02572135240376,0.0427933473191685,0.242192481431028
SEZ6,314.718311161683,0.744799485700635,0.368547583818031,2.02090454096798,0.0432896477538384,0.243798533592519
LOC101927446,79.2841512800195,0.540393055745722,0.26853759934076,2.01235527938117,0.0441824990842676,0.247239628083933
ZBTB6,114.21683617679,-0.794285030398125,0.395062771648806,-2.01052867391973,0.0443752645491893,0.247667784514244
ZNF217,3561.92326290046,-0.741906577026934,0.369177496556652,-2.00962026111222,0.0444713951775398,0.247925950012206
P2RY6,38.3135034459149,0.848669142427703,0.423440557142714,2.00422261900074,0.0450462186451021,0.249538318681646
BUD13,198.522976942359,-0.503530142789249,0.25120992299143,-2.00441979677063,0.0450251104236446,0.249538318681646
IDO2,28.9646492477136,0.998971895368515,0.499263461404066,2.00089125801262,0.0454041098695727,0.250195372265466
NUCB1-AS1,8.69303225373933,2.41865748496355,1.20940742811354,1.99986987737972,0.0455143166168847,0.250648081132792
DGUOK,398.720107459858,-0.367613078352798,0.184175099429924,-1.99599771896781,0.045934171084342,0.252122301575558
TAGAP,61979.7381349002,0.43348466399117,0.217358137471523,1.99433372513123,0.0461155959817004,0.252774352148849
SH2D3A,349.702690332502,-0.856830714153298,0.429877260064441,-1.99319850979057,0.046239714236751,0.253045033266646
LOC101928163,66.3342533733123,0.560434904772731,0.281557780486347,1.99047919686207,0.0465381733890968,0.253553960675088
PIM3,7551.717330155,0.498913917677095,0.251109058546731,1.98684157618411,0.046939955647852,0.254696409282035
NIPAL4,67.8866229276286,0.828347164565182,0.417042616262289,1.98624105130832,0.0470065646384104,0.254727070658653
ACOT9,1798.92798989615,-0.525244872362893,0.264973827401995,-1.98225189828291,0.0474510547335487,0.256563777556959
MIR192,21.8378733051697,0.978777771803298,0.493963151054721,1.98147932636957,0.0475375455433867,0.256745383376714
FZD10-AS1,49.2300670095456,-0.720801948986148,0.363857004493035,-1.98100336144537,0.0475908966225972,0.256745383376714
BACE1-AS,67.9240626633519,0.510426488495314,0.258303942100473,1.97606929396677,0.0481469295848235,0.257746252011341
ANKRD16,300.351870165837,0.299024551086613,0.151359587596144,1.97559041905206,0.048201184646403,0.257920440126232
GLRX2,41.8164831385677,-0.7162066925085,0.363080107643112,-1.97258587686796,0.0485427633828545,0.258912099545246
C5orf60,22.3214086811103,0.928246367532166,0.472191343571097,1.96582673564494,0.0493186283627524,0.261646639905274
MAGI3,190.406505964651,0.760349459362601,0.387049961897631,1.96447367062059,0.0494751867296105,0.262125999817895
CCL4L2,1657.62052069326,0.847245016278231,0.431397496978763,1.96395440912802,0.0495353792367107,0.262125999817895
BZRAP1,770.652382805352,0.695247621896279,0.354071954084784,1.96357721608698,0.0495791417540494,0.262125999817895
RNU6-35P,25.515512930283,0.838889506003457,0.427433244461361,1.96262110370147,0.049690216689143,0.262125999817895
LOC100506321,21.4308734434453,-1.08244101585017,0.553929028166972,-1.95411498731546,0.050687620039743,0.26509708601119
LOC101927136,51.5139834279546,0.544278197540762,0.279109779439892,1.95005061676091,0.0511700863590287,0.266737556279941
ATP8B1,241.734701688875,0.365134367324171,0.187419002963049,1.94822489476246,0.0513880592810184,0.267300358583128
PPP2R3A,44.0770517142697,-0.672420896686601,0.34526968259828,-1.94752372008567,0.0514719788295331,0.267363852415474
EHD4-AS1,21.2631543463037,0.844929010208527,0.43568214049964,1.93932441031336,0.0524618483460513,0.270807734297218
LINC00368,29.4185374860213,0.771417767401788,0.398368871717085,1.936440877212,0.0528137270847883,0.271825258604196
LOC100129617,34.962357539859,0.788880828502961,0.408950981391321,1.92903517634083,0.0537264954388927,0.27401615132702
PMAIP1,6099.06545365809,-0.743807691810436,0.385745260168332,-1.92823546681002,0.0538258445670268,0.274335208485328
BAG2,18.860649927848,-1.1368697101857,0.590403694407357,-1.92558027829904,0.0541568032037699,0.275465185317216
S1PR2,541.668243557859,0.259293454229282,0.134772038226456,1.92394103139996,0.0543619753508131,0.275809105919439
THBD,10595.3356710505,0.740700693473961,0.385562624581885,1.92109049542133,0.0547202996529096,0.277094678683817
SLC12A3,28.992881096381,0.744418369658559,0.387604638515586,1.92056104516568,0.0547870702001405,0.277150886135442
MRPL18,145.844720437188,0.604022973554896,0.314486881088344,1.92066190953516,0.0547743446580368,0.277150886135442
SNN,11593.2680818443,-0.544609339076334,0.283855231889634,-1.91861652663878,0.0550328824907254,0.277640519818738
BBS10,265.670973410431,-0.590811616081592,0.307970081507146,-1.91840588277366,0.0550595657105125,0.277681198322919
CNGB1,140.727571931364,0.449422006634386,0.234385605876394,1.9174471271559,0.0551811519648119,0.278012337584878
LSMEM2,38.8161170505122,1.20565409694518,0.628905962775928,1.91706577502231,0.0552295759715333,0.278162332476689
PRR23C,164.3761297163,0.379163747968107,0.198114399845182,1.9138626382757,0.0556377093654618,0.279086834768628
ERCC8,35.2633301666904,-0.699357080187189,0.36620178952884,-1.90975877285305,0.0561642797561158,0.280342816822216
C7orf61,182.576135691615,0.785814766444546,0.414163192418631,1.89735539234074,0.0577810487968705,0.286085252559007
CLP1,125.124937753446,-0.595743436922568,0.314524871906019,-1.89410596787582,0.0582109457579873,0.28678374425668
MTF1,6986.40118085029,-0.358250919093827,0.18947505995264,-1.89075501115225,0.0586570552632676,0.28774758721747
LINC00239,19.3906690166625,-1.24419840319765,0.658400444163986,-1.88972898518848,0.0587942154769675,0.287777361461875
KLF10,2623.03734685887,0.436620597687661,0.231177484412675,1.88868132550595,0.0589345423890852,0.288051347685874
LINC00202-2,27.6517709289416,-0.71931727472576,0.38225974898579,-1.88174997925952,0.0598699702865265,0.2906383030218
TMEM184A,55.1563410662535,0.629099121904071,0.334401960317624,1.88126625007382,0.0599357096243669,0.290768131954516
NDUFV2-AS1,96.080068796625,0.528409341453925,0.281475967052907,1.87728049036102,0.0604796607168532,0.292076807082394
ZSWIM3,129.63720305471,-0.569876361907132,0.30359824705862,-1.8770739535828,0.0605079586845665,0.292118869492697
SLC19A3,70.3888017090954,0.558121491314435,0.297559998135408,1.87566035358172,0.0607019332280868,0.292298330716971
LOC100129518,98.1483881786158,0.537813073050572,0.287236284390566,1.87237164062214,0.061155205673834,0.293627682618766
SERPINB9P1,167.1320532724,0.493114352779288,0.263514036282117,1.87130203664507,0.0613032284175235,0.29405437291429
OTX2-AS1,164.720098045961,0.423901282425908,0.228199370459335,1.85759181356482,0.0632270019469572,0.300096842786433
ANKS3,21.1581717276447,0.920190524217093,0.495574206975252,1.85681682231506,0.0633372195375267,0.300295049670594
RELA,5954.34817135535,0.360804800232585,0.194853976396753,1.85166762775182,0.0640735653132502,0.302095820270787
NYAP2,257.531482257397,0.350482277967739,0.189804142015142,1.84654704711227,0.0648128147785652,0.304061351154776
ZNF627,49.5731384385781,-0.705058003047776,0.381890671910109,-1.84622996817721,0.0648588213455222,0.304163397083576
GPX8,181.258892592821,0.312159465746106,0.169433354644595,1.84237316436834,0.0654205843679734,0.305894648932211
RAMP3,37.9741963154991,0.716141227728837,0.390029827790638,1.83611912910735,0.0663400397444461,0.30887574546017
LOC101926955,280.479901214069,0.463770670151401,0.253227560994355,1.83143836449042,0.0670351394617748,0.310665944590426
CD83,7401.72560978144,0.320542155386002,0.175185821232116,1.82972659049441,0.0672908326819694,0.311331144020557
PPRC1,178.609684129695,0.645555229395805,0.353392869816218,1.82673529811602,0.0677395782818113,0.312272127022149
SSTR5-AS1,44.571816171777,0.701231482766428,0.384054539059189,1.8258643277182,0.0678707006778223,0.312586707599865
IRAK2,2150.0877983021,0.595463145489171,0.3278348191704,1.81635113376918,0.0693165260792923,0.316508681390228
LOC101927709,8.54961359836581,1.68744154285746,0.931062455642207,1.8123827597511,0.069927074842786,0.318419073932967
TMEM92,188.129260393574,0.745052651038334,0.412924069168971,1.80433330645459,0.0711790714513496,0.322146873415605
LOC102467655,27.5279518122642,0.883821898746633,0.490528759120421,1.80177386608572,0.071580991044649,0.32342528544388
LOC101929337,42.2999672750978,0.764686482815192,0.424699948777286,1.80053349433342,0.0717764397396381,0.324057878233785
GOLGA6L3,8.75821123047932,-1.33843058683284,0.745690187610993,-1.7948882915046,0.0726714997709979,0.326627509368563
ACAT2,177.872359251668,0.604058567136779,0.33666663710807,1.79423352526279,0.0727759032030823,0.326998205624455
EPC1,2472.50129190372,-0.35302348066678,0.196776247563931,-1.79403502728187,0.0728075782332538,0.327013874276125
LOC400706,86.7261118476851,0.597698861044184,0.333702451380812,1.79111318652588,0.0732751335016111,0.328223878057824
SLC7A14,446.588946248024,0.33546726723771,0.187314420372655,1.79093134725191,0.0733043125653543,0.328223878057824
SMIM13,69.1051203655262,-0.473439728784549,0.264361726604597,-1.79087848632744,0.07331279674181,0.328223878057824
RGPD4,1095.64857661806,-0.46112147717012,0.257774023927022,-1.78885936660812,0.0736374671527622,0.329319274528026
C6orf25,494.666256540134,0.330719140455058,0.184869594459746,1.78893203840002,0.0736257613107674,0.329319274528026
PAPL,121.69194584216,0.488617698501625,0.273647884970998,1.78557089360808,0.0741687631383766,0.330899054920859
RPS16P5,174.870449273456,0.669840866261003,0.37509512995426,1.78578929121977,0.0741333812782215,0.330899054920859
NR1D1,299.252282547718,-0.563747120398425,0.316621549028542,-1.7805077453765,0.0749929028896713,0.333344012159066
RBKS,45.0208648479081,-0.592396321141844,0.334270175063248,-1.77220812784077,0.0763600149202869,0.336214024950174
LOC100506801,414.237563562101,0.318145927784369,0.179877294102375,1.76868308683418,0.07694677632783,0.337596448766965
RPLP0P2,380.498609937744,0.344397943735294,0.194774785996597,1.76818545569503,0.0770299048526198,0.337767412839494
TXNL4A,137.965036502659,-0.398492183997531,0.225709256096201,-1.76551104234594,0.0774779160555629,0.339176739196023
REL,11690.2913834314,-0.462959550854925,0.262531927150611,-1.76344094937197,0.077826148449282,0.340058995553514
GRIP1,51.5450334735213,0.936952596354136,0.533847187479432,1.75509512521359,0.0792430380214583,0.343621028770693
BCDIN3D-AS1,72.9401550326854,0.453552816837005,0.25883573447671,1.75228052553855,0.0797255830100735,0.345022524500646
CLCF1,122.608864713402,-1.13903838748913,0.650147856883978,-1.75196822604062,0.0797792716481824,0.345154707887828
SEMA3B,256.072084163799,0.691250213534125,0.39461145468307,1.751723639369,0.0798213400243183,0.345236555621421
LOC101927131,488.444959508284,0.43873849241058,0.250766871798191,1.74958713351763,0.0801895814948369,0.345658198016948
MYOZ3,92.333731919857,0.498555337920023,0.285094520955376,1.74873700220306,0.080336490820588,0.345658198016948
CCL16,29.1432918644691,0.797824758423491,0.456389871504996,1.7481210873339,0.0804430622407409,0.345719708125697
HLA-F-AS1,222.874203720438,0.431615209321401,0.247259083906748,1.74559899883873,0.0808806563507298,0.346302965305321
LOC152225,23.4585521982798,1.38815055490217,0.796815538985845,1.74212284648584,0.0814869506627477,0.347502114736505
WDR46,206.964086236254,0.527855864514945,0.303050407467808,1.74180879321542,0.0815419075395454,0.347537715672261
GTF3C6,103.477197340381,-0.657723220940871,0.377933412634679,-1.74031508978182,0.0818037058330567,0.347917149633399
PUS10,271.47416071979,-0.569600626901032,0.327478551690863,-1.73935246739069,0.0819727836653062,0.348138186882498
LOC101929380,67.8049690152195,0.550442228633776,0.316964597071108,1.73660476192011,0.0824569584265646,0.349316404779967
SEC14L3,282.722953301261,0.405255615235415,0.233419435289751,1.73616911861842,0.082533935886682,0.349323933643569
C5orf45,199.470018783663,0.69669923135692,0.401301916684851,1.73609744282395,0.0825466064614724,0.349323933643569
LDLR,1227.29115769173,0.559266478699631,0.322988814197781,1.73153513098806,0.083356364661356,0.351454188915692
LOC101927438,14.4373014567237,1.04957469646897,0.606249089850394,1.7312598303908,0.0834054324908969,0.351462338156752
MIR4257,193.745234134894,0.681207027619108,0.395845261492939,1.72089221189594,0.0852703850945473,0.355305183826484
SFR1,167.53968411649,0.425588094843165,0.247391591088374,1.72030137714396,0.0853776732634865,0.355355077136024
SLC2A6,159.67306630482,0.465369660481074,0.270463466867743,1.72063778472766,0.0853165725014123,0.355355077136024
ALDH7A1,20.4685291420629,0.947477792665246,0.553127579521196,1.71294621303355,0.0867224353032005,0.358550506702697
LOC101928565,56.7276768081922,0.528560409138731,0.308772551320477,1.71181151588223,0.0869314091544648,0.358572057071144
PRMT5-AS1,36.8938168558685,0.757975400545619,0.442764519512557,1.71191540230026,0.0869122598084408,0.358572057071144
SNORA63,32.1426983628654,0.782320344117241,0.456979247129734,1.71193845022714,0.086908011853944,0.358572057071144
IL12B,16.9160176792693,-1.11532163439062,0.651838890018896,-1.71103880340476,0.087073949869653,0.358572057071144
ZNF433,27.3021373567506,-0.682091616177246,0.39882574703553,-1.71024970490804,0.0872197079065911,0.358815863175446
LOC101927419,287.376290850385,0.335563906041854,0.196722873028478,1.70576964882613,0.0880509761729066,0.360149261565155
IRF1,54022.4811447505,0.566706036438895,0.332223142121219,1.70579939982664,0.0880454349180272,0.360149261565155
ST8SIA1,206.044758691971,0.337044533817968,0.197926204292299,1.70287979311834,0.0885905662768997,0.361418044341056
LAMB3,2874.5073458855,0.586092001569206,0.345821503437108,1.69478183324073,0.090116814981575,0.365392077710774
CNTNAP2,784.303109405018,0.311329823813779,0.184159752671331,1.69054214776997,0.0909242819120063,0.367367601233744
LINC01268,100.364001662235,0.639837751120951,0.378569755167048,1.69014492676156,0.0910002315790098,0.367487162461631
IAH1,110.365486332853,0.59725792208353,0.355489975437053,1.68009778995663,0.0929382908324876,0.371479156039905
EID3,56.1425848541568,-0.572201811364159,0.340665937583173,-1.67965666137213,0.0930241365174242,0.371623077386645
ZNF730,22.8419188731912,-0.785676160896632,0.467904179850185,-1.67913900907701,0.0931249552215404,0.371926207075209
LOC102723582,15.3107902951298,-1.0635009218825,0.633541418128393,-1.67866044973712,0.0932182381139105,0.372099460651164
TAF9B,227.456929290209,-0.294951619388247,0.175943800543857,-1.67639677258606,0.0936605006779899,0.37286680368683
LINC01058,10.7029906991879,1.82181846331078,1.08745804955192,1.67529999346775,0.093875386736209,0.373405196200603
SAMSN1,31783.748931842,0.61863862451568,0.369301392141121,1.67515919972292,0.0939030003130142,0.373405196200603
LOC101928150,256.392778260564,0.302375332344812,0.180564683323641,1.67460949051061,0.0940108759785439,0.373663164570369
LOC101928227,15.0211005848234,-0.953820690444425,0.570291809033639,-1.67251339636225,0.0944231284626251,0.374480225153869
ZNF491,99.0232453722821,0.380720534866481,0.228077875253511,1.66925675909295,0.0950665058040164,0.375855461573515
KIAA0232,7568.76711301525,-0.311557882738971,0.187075924680889,-1.66540875460283,0.0958312339937685,0.37739041517105
NRM,470.149561511002,0.459447375357713,0.275877339699365,1.66540454485458,0.0958320733012451,0.37739041517105
ZNF705A,19.2606662435265,1.86359398606711,1.12112370149904,1.66225545278842,0.0964615656524654,0.37895978097345
KBTBD4,69.0426854701318,-0.520909045593034,0.314758226323222,-1.65494974246715,0.0979346929156442,0.382229802525779
DUXAP8,44.370564304777,0.589459151572685,0.357549887893099,1.6486067302276,0.0992282290350518,0.385161525143084
LOC101929524,90.312535226531,0.581953427554627,0.353120937395953,1.6480286664568,0.0993467888080178,0.385521379519638
ADCY2,30.2489616241953,0.713551760084139,0.433053786932901,1.64772086427846,0.0994099645457925,0.385596981611241
ZNF439,73.9955792849169,-0.465819499415259,0.283160889710608,-1.64507005148673,0.0999553657793408,0.386656558190226
FARP1,41.7897307190821,0.669268316293525,0.407833427674621,1.64103349769427,0.100790461888905,0.38809402482552
PRND,311.350549276724,0.34791892578739,0.212911406136661,1.63410186471678,0.102237463387051,0.391241285986938
CRB2,26.688654156117,0.630516617773194,0.387264481634457,1.62812921833701,0.103497489278435,0.393611585941237
KCNJ2-AS1,778.629589057591,0.396914069014976,0.244444519332075,1.6237388757969,0.104431550267709,0.393976147012989
KIAA1755,26.8718651513173,0.729413397207552,0.450085093976965,1.62061220637732,0.105100832740672,0.395668362265989
COL6A4P2,129.098321385473,0.399155501421799,0.246396787401852,1.61997039665461,0.105238636219268,0.395875242033981
LAMA2,15.7851472922204,1.39131745894715,0.858890295933258,1.61990124412264,0.105253492567876,0.395875242033981
GNGT2,169.486609813542,0.51232401833211,0.316768718785837,1.61734409980831,0.105804024975709,0.397274842567918
MDC1,282.940311335483,0.393286003695463,0.243170452101073,1.61732644857688,0.105807833064764,0.397274842567918
SOD2,183589.552060456,0.247967359256178,0.153447464078863,1.61597560927262,0.106099586743558,0.398053619397905
LINC01127,235.393280518458,-0.547969769840358,0.340177796262396,-1.6108334402216,0.107216030390547,0.400629581862747
ZNF449,38.8051415147916,-0.743934057738956,0.46408755868918,-1.60300366560182,0.108933844809925,0.404816951819189
CNOT11,3655.41851927544,0.283109552830749,0.17704829255776,1.59905271460546,0.109808890077053,0.406210071607715
CEP19,2260.65145959415,-0.425298888907328,0.26698371651178,-1.59297688437326,0.11116537678029,0.408931737524534
MECOM,21.5254846923157,0.740957004617495,0.466477361112084,1.58840935571032,0.11219380327712,0.411193459884906
RBP1,159.114170155345,0.313579349606708,0.197582359921149,1.58708170978346,0.112494139771443,0.411586139943946
MAP3K8,4927.20588171014,-0.857944467796317,0.544593256143101,-1.575385772994,0.115167426299206,0.417373469842055
LINC00628,15.8645986684346,1.16561952495702,0.740368811759156,1.57437685980781,0.115400350272852,0.417684512245218
CDK4,43.7527680431461,0.780779336468858,0.495997672896421,1.5741592735898,0.115450632106611,0.417684512245218
CCNT2,1210.89811279666,-0.202365980311353,0.128571853598274,-1.57395242152805,0.115498449363857,0.417684512245218
PAICS,343.636086298515,0.285519132818489,0.181707012155505,1.57131598517586,0.116109269978427,0.418267406900315
TNF,1400.33464019783,0.682913179874971,0.434599350531334,1.57136263328524,0.116098440331775,0.418267406900315
RPS6KA4,253.880913772705,0.429362413889685,0.273568204095871,1.56948946354605,0.116533932667576,0.419168002380983
PBOV1,80.299133713929,0.393721848873575,0.251472813821005,1.56566367111882,0.117427375440376,0.420960204313059
ZNF675,53.5904948682783,-0.70895881532627,0.453808694336337,-1.56224158808388,0.11823108676704,0.422328019804599
LOC644285,272.154542701325,-0.405909141921508,0.261032396017283,-1.55501442776717,0.119942633218734,0.425905247842901
VCPIP1,2919.32954874421,-0.480108152045117,0.308721996803418,-1.55514721016407,0.119911013461744,0.425905247842901
C15orf48,139.736912079477,-0.81256891941488,0.523788938314091,-1.55132890364252,0.120822883573926,0.427379426645627
SNORD56B,11.0100156907504,1.11890473376545,0.721761737841675,1.55024113235952,0.121083650712075,0.427437642406387
IGSF3,21.4552746775524,1.90568061281833,1.23057834150248,1.54860568283005,0.121476539010118,0.428269415190989
INHBC,19.469041079691,1.47868790251948,0.955192551808027,1.54805216992172,0.121609736445792,0.428435152283511
LINC01348,27.6774877974602,1.23695822351506,0.799954270801387,1.5462861674279,0.122035471154816,0.428945082717395
LINC00536,277.007334460487,0.298128334538573,0.192795292255041,1.54634654742602,0.122020895984728,0.428945082717395
SPATC1,43.7250503131051,0.766224779746654,0.496318868504503,1.54381553547506,0.122633026663844,0.430109672304306
IL12A-AS1,13.2301750840357,0.969507592738113,0.628156144847151,1.5434181464133,0.122729353599548,0.430114803441792
LINC01465,70.0055228297033,0.729935626400728,0.473773675097613,1.54068422279971,0.123393658496319,0.43166071526052
PPEF2,225.691741870083,0.266363651411475,0.173379095916628,1.53630776538112,0.124462915870766,0.433874582604192
MIR590,15.2857650539627,-0.907634748763879,0.592119414990169,-1.53285760572291,0.12531094339805,0.435608880861334
CEBPE,105.946176068555,-0.901270609479227,0.590995402510835,-1.5250044342988,0.127257991644394,0.438493167604634
NSUN6,135.388768942451,0.324109410669647,0.214092308614867,1.51387694759596,0.1300570518484,0.443830849934827
RNF39,188.507805176566,0.45331902413765,0.30014766251414,1.51032002162034,0.130961785300961,0.4451534159898
GADD45G,105.022361378617,-0.600529350174292,0.39787008544187,-1.50936039714408,0.131206707842822,0.44561276111592
TBC1D24,562.418633411194,0.217961028476441,0.144794786927121,1.50530991551614,0.132244417129323,0.447506465316451
AARD,126.086479675822,0.395587775204029,0.263821570825388,1.49945197417482,0.133756418868555,0.450874682314979
LOC101927472,101.701574604373,-0.422983231836542,0.283219566897467,-1.49348167031719,0.135311148774478,0.45417401793243
EPHA3,23.8037546417837,0.65567695187295,0.439490224477642,1.49190338113267,0.135724476181268,0.454640411790489
KRT42P,213.656075368616,0.412626862099045,0.277893639607954,1.48483737404415,0.137586908882717,0.458106086488248
PI3,36508.2546738642,1.03974669259339,0.70216441824026,1.48077382673302,0.138666853286585,0.46056416776205
HOXA2,44.1868390703292,-0.654970713093735,0.442527641165734,-1.48006734984592,0.138855273868113,0.46098590810222
INPP5E,36.3478148517638,0.607978934981871,0.411094047698093,1.47892906352264,0.139159274696078,0.461173836342804
ARMC12,10.6120546290951,1.08405418214842,0.734011341311704,1.47689023470833,0.139705063010656,0.461616124916867
BTN2A2,1062.86063662276,-0.359040591607488,0.243387046822884,-1.47518364799737,0.140163176452698,0.462138724395111
PINLYP,8.70673963965555,-2.32954661540144,1.58058364792649,-1.47385215484007,0.140521402240377,0.463107804379077
LINC01502,455.486675341042,0.28639077067436,0.194340734814713,1.47365281369039,0.140575093656169,0.463107804379077
LOC101929762,151.850914826282,0.307463044731778,0.208890386038892,1.4718870052475,0.141051393272323,0.463939000412472
FAM138E,14.2357284669035,0.827242414830237,0.563820961858798,1.46720762580907,0.142319583100427,0.465377176109021
SNORD2,16.9088474859755,0.717879727380149,0.48922216865447,1.4673900190471,0.142269988064999,0.465377176109021
ZNF322,242.47498566549,-0.278231708292625,0.189899362775798,-1.46515345931474,0.142879054049609,0.466146430330741
C5orf56,1351.15900032651,0.586582213662362,0.400590969464724,1.46429215427937,0.143114139943765,0.466811279304761
LINC01099,121.390848585096,0.32424826106459,0.222025467415719,1.4604102170742,0.144177366468141,0.468005433980446
LRRC75B,26.2210820138646,-0.601942342692194,0.413171551751231,-1.45688235344582,0.145148857950891,0.469851295554946
VLDLR,58.1009880711429,-0.827790577732507,0.570730833132998,-1.4504045158878,0.146945748539572,0.472183138972342
KCNE5,27.1013306146023,-0.573002744129873,0.395777084123617,-1.44779161582509,0.147675338279896,0.472795689087182
CFLAR-AS1,321.601110046923,-0.573175353828202,0.396098995515427,-1.44705076336372,0.147882706513743,0.47315485995268
CDC42BPG,235.563202726365,0.620150348529735,0.429123995295776,1.44515421027037,0.148414574847559,0.473738560509769
BCRP3,22.0916744587851,0.755475173835488,0.523146827285674,1.44409778370489,0.148711471435553,0.474077420589653
MYCNOS,47.3849884628042,0.452826875045459,0.313824316650443,1.44293112744939,0.14903987352892,0.474379308848826
SRRM4,20.0622093028269,0.706477005175383,0.489878248020778,1.44214814197143,0.149260586376684,0.474459988329236
SIRT6,390.901619025926,-0.284681266648024,0.197546709075119,-1.44108331635011,0.149561146277688,0.474958555033893
LGSN,90.672549975999,0.476019465989455,0.331851619344863,1.43443466368857,0.151448261608359,0.478201974458069
MIR197,12.804725571485,-0.928165947115702,0.647971279622916,-1.43241834368931,0.15202413187377,0.479006101549448
GCNT1,121.484621904205,-0.54199802607119,0.380318664484492,-1.42511550624487,0.15412381504424,0.481956060757969
DUSP2,3492.6903351267,0.483118277982712,0.339429474322759,1.42332447394748,0.154642115409423,0.482822475891145
RHOF,69.7713119468163,-0.722261359313205,0.507850136151606,-1.4221938873274,0.154969972813004,0.482981651945732
LINC01158,35.0482597781413,0.56414859583553,0.396661681491227,1.42224122510308,0.154956234810808,0.482981651945732
SLC6A4,442.367783479573,0.253892561680862,0.178820454803344,1.41981834214704,0.155660573609098,0.48327502822018
BTG3,64.7590821831204,0.612190170493947,0.431394627067997,1.41909549188116,0.155871178073801,0.48327502822018
ASPHD2,133.084374063609,-0.400838194992026,0.282367652547991,-1.41956131084774,0.155735435646108,0.48327502822018
MIR4313,13.4598901977095,0.867636548724214,0.612066911794845,1.41755179377354,0.156321662702177,0.483688046506474
LOC283335,146.965114434903,0.396540828569021,0.279884012478447,1.41680414346481,0.156540197954729,0.483880465099637
CYP3A43,56.3018902066708,0.422325836064832,0.298146436344906,1.41650472580618,0.15662778150586,0.483880465099637
TNFRSF12A,145.137370317581,0.6240836009464,0.442518239023756,1.41030029027322,0.158451032863621,0.486605914116972
COL27A1,10.4001323410868,0.976870663929935,0.692937595846344,1.40975272489985,0.158612710287843,0.486605914116972
MKNK1-AS1,109.155413078574,-0.494747691825811,0.351215008959145,-1.40867468418288,0.158931383952436,0.487203514588587
LIPM,23.6662271190108,1.07523245147619,0.765862696955189,1.40394937075661,0.160333926493161,0.488969293618101
SNHG10,21.8995208926257,0.653796410912507,0.46630516816906,1.40207841461339,0.160891832043139,0.49010186636834
CYP27C1,162.060310592927,0.308180686055746,0.22084844375662,1.39543969979416,0.162883286684478,0.493013690750076
PLEKHA4,13.0145478936005,-1.4875034850575,1.06647492622658,-1.39478523918102,0.163080611398829,0.493410662972355
LOC101927623,51.0842912330119,0.417869138945212,0.300636357543556,1.38994878184243,0.164544430896698,0.496228735685026
BMP8A,249.967650948909,0.314016349340627,0.22695993472798,1.38357613521958,0.166488279874777,0.498962965790303
HOXA4,23.4090294691899,-0.846752264285307,0.612768802531405,-1.38184623758144,0.167018918463478,0.500183182736435
CAHM,72.6408598782675,0.573496364597815,0.415696981067688,1.37960194737241,0.167709237534687,0.501011189774596
ZNF501,270.294746818415,0.245119808115142,0.177859693236799,1.37816389792596,0.168152690876214,0.501433868300669
HDGF,3954.01336820456,-0.348954110740326,0.253615256495791,-1.37591923909403,0.168846638102969,0.502195834469402
LIPN,1827.81024238893,-0.555118710189879,0.403977166090663,-1.37413387880764,0.169400123440704,0.502439148940178
BMF,539.789302563766,-0.54141797187288,0.394196006109764,-1.3734740166853,0.169605033454911,0.50268211663767
TEX30,46.1016470333711,-0.636246198340494,0.464824881977571,-1.36878687654073,0.171065904291418,0.504763203442428
CROCCP2,60.7010560523026,-0.406282852758635,0.297627216375221,-1.36507291808431,0.172230132926158,0.505939765080934
PLAGL2,2042.92479677458,-0.431926792423625,0.316428936584438,-1.36500408934114,0.172251764738519,0.505939765080934
PPAP2B,35.7019418390069,-0.582823045757568,0.427678072177377,-1.36276111326055,0.172957810337386,0.507141137546487
CDCA4,61.9365038185123,0.514988197062682,0.378605092044066,1.36022522645507,0.173758661992096,0.507991163749879
TFEC,129.236326856466,0.556359432322551,0.410677940465684,1.35473415419312,0.175502272032126,0.510685928354165
ZNF773,127.362616043455,0.288841752785769,0.213668196325155,1.3518237985508,0.176431689037255,0.512091432193962
ARRDC4,1057.16451719438,0.387711336765442,0.287232054662705,1.34981918094319,0.177073990678175,0.513156708702609
LOC100133985,25.4635571448185,0.62761406835975,0.464910623418565,1.34996714797524,0.177026520942565,0.513156708702609
HIST1H2BG,23.5779451386216,0.824988539537404,0.612791434869282,1.34627948857246,0.178212398219168,0.514900171070973
LOC102723824,28.2319291656095,0.5212406450781,0.38739810666498,1.34549094616218,0.178466743152295,0.515190580842077
NPHS1,328.201817602881,0.475050702405438,0.353702914176735,1.34307828226733,0.179246627040787,0.516292569550766
ADRA2B,58.7899543695162,1.53062393258693,1.13933306761379,1.34343852214582,0.179130020283748,0.516292569550766
ANKRD33B,1087.52599556063,-0.540992671706116,0.402876207733064,-1.34282606250247,0.179328302139909,0.516378252522197
EHD1,35776.096325105,0.377249630536779,0.2811667813819,1.34172902176652,0.179683873436109,0.516754846068274
MRPL24,98.5439553454036,-0.746921105712592,0.556977307305104,-1.34102609911797,0.179911979026896,0.517160243490381
ANKRD65,79.3726368432394,-0.306598927670669,0.228957456404257,-1.33910872563733,0.180535280298571,0.518652019859872
TRAF5,197.170763469206,0.40777492393133,0.304766733215737,1.3379902708826,0.180899608326463,0.519598586088702
APTR,75.9939099866544,-0.444946498112622,0.333676355905042,-1.33346726622502,0.182378510687188,0.522036608421889
DNAH14,43.6958080059457,-0.745367676627088,0.559473601676207,-1.33226603434717,0.182772784180681,0.522637890209427
LOC728024,14.5000736327012,-0.728764199472799,0.54715948786455,-1.33190452808744,0.182891562917844,0.522637890209427
PATL2,342.654917798937,-0.291276187695566,0.218752841162538,-1.33153099245528,0.183014354192029,0.522752933167157
NAA15,136.535283151796,-0.313298207767094,0.235402631355865,-1.33090359254936,0.183220735004384,0.523025219918406
C20orf195,9.12713599375874,0.996402096116395,0.749196449245619,1.32996104976164,0.183531104935334,0.523527040531874
DRC7,492.019621689957,0.629538220820855,0.474443288974295,1.32689877894967,0.184542168350886,0.524530840224648
VSNL1,9.50184884043986,0.923686092132293,0.696603796367068,1.32598486679158,0.184844710068905,0.524864653704794
TMEM38A,263.914535595582,0.303421324979836,0.229868130875567,1.31997995469883,0.186841710682043,0.528175052961008
CYP1A2,250.691274399683,0.26516708954719,0.201173279873406,1.31810292954439,0.18746919396557,0.529293466415854
PTGER4P2-CDK2AP2P2,73.3612711257829,-0.349013600380227,0.266235226955829,-1.31092194061206,0.189884137361542,0.532382429116877
SNORD5,22.0010271856479,-0.640028369838177,0.489389373799826,-1.30781010807146,0.190937724892601,0.533931050313775
ACKR2,163.790249024229,0.357469846350841,0.273192403169138,1.30849116667979,0.190706768716039,0.533931050313775
CXorf65,413.16381106781,-0.225558875170894,0.172432295803538,-1.30810109625801,0.190839021690218,0.533931050313775
TNFRSF9,2034.07440609599,-0.330580657704063,0.252815048502415,-1.30759881447842,0.191009419230288,0.533949777284504
MIR8085,78.403745289361,0.53869240163052,0.412099651154804,1.30718965697004,0.191148307389113,0.53401924093178
LOC102723769,91.8943666109235,0.307342534921984,0.235198144425329,1.3067387741214,0.191301445235051,0.534154908791508
OSCP1,28.7055644571161,0.611864097990693,0.468364820812102,1.3063835514584,0.191422156617537,0.534383867771869
TRIM16,99.0940827291251,0.334122443075978,0.256130050733739,1.30450309176457,0.192062106050393,0.534720943932344
IPO5P1,670.819091186195,0.284277953628585,0.21805372470189,1.3037060202353,0.192333836000416,0.535026020569707
SDR39U1,22.5055936506838,-0.735910648063968,0.565785665982889,-1.30068803843861,0.193365258264345,0.536000490540113
NEURL4,260.879349573129,-0.198032042393297,0.152305443920132,-1.30022957352164,0.193522297529748,0.536231516733767
LRRC32,33.6928302395445,1.07116250768595,0.824099649256755,1.29979731049761,0.193670447553288,0.536308557008574
CCBE1,645.661135079952,0.222892903926288,0.171814433570859,1.29728858800657,0.19453190948501,0.536773329925461
MT1F,8.36612069416671,1.06724778681055,0.82567393349873,1.29257778829007,0.196157125886603,0.539622065734535
FAM195A,12.2449537423095,-0.959862612404406,0.743581729163299,-1.2908636330864,0.196750967819441,0.539960836049194
ZNF613,51.9148633274528,-0.418524651101845,0.324851221415464,-1.28835794207028,0.197621392002291,0.541251389351943
ZMYND15,278.967936361714,-0.27520974212753,0.213652158248508,-1.28812058059073,0.19770399224848,0.54128137257235
GREB1L,16.367233578501,-0.640167289612215,0.49927190774731,-1.28220170147489,0.19977189951137,0.543748555833739
ERVK13-1,1404.85070199253,0.238372939322288,0.186385075921876,1.27892717881662,0.200922700711774,0.545685710383298
F3,663.466368854069,0.557574420465485,0.436104377839471,1.2785343344357,0.20106108659437,0.545862731545939
MEST,9.8553585379474,-1.01095804296211,0.795435035467764,-1.27094985496534,0.203746488562496,0.549964390209397
FOXO4,2639.26599906132,-0.194980765625138,0.153508140363582,-1.27016564179156,0.20402563347757,0.5505183801284
LOC101926889,2064.43878997865,0.167221292052105,0.132294012772598,1.26401254711008,0.20622552350465,0.552938013668617
SMPD2,157.969483340707,-0.357971468592249,0.283350684631487,-1.26335134519901,0.20646294140571,0.553223383249464
LINC01170,24.7733917642687,0.540347126485389,0.42776958010937,1.26317333352043,0.206526893989929,0.553248710269772
FAS-AS1,74.0412132157777,0.52900617627279,0.419924563615201,1.25976478184197,0.207754227962782,0.554356601139842
DDX27,1106.47790236701,-0.210946961886639,0.167295984730972,-1.26092065046189,0.207337437256993,0.554356601139842
RNF144B,7403.3553555861,-0.491693305586018,0.390309113263343,-1.25975358729139,0.207758267536416,0.554356601139842
STX1B,181.369296579042,0.324009397884429,0.257547213607692,1.25805825404104,0.208370689340346,0.555102491840318
EDC4,731.920514969056,-0.175488116866707,0.139443860963102,-1.2584857852806,0.208216124795553,0.555102491840318
HCST,720.716557052548,-0.267524288521177,0.21261757790293,-1.25824163345194,0.208304382351915,0.555102491840318
IKZF4,127.301567196137,0.393940519913808,0.314666517742183,1.25193021087988,0.210595295206241,0.558032629248521
FUT4,463.707340232058,-0.311294783554821,0.249043578819782,-1.24996109126783,0.211313760968039,0.558646005551562
JMJD6,4681.78450942483,0.255123627720824,0.204093168543252,1.25003511651962,0.211286719614873,0.558646005551562
MIR6891,30.3303323410026,0.64111954041685,0.51277788421556,1.25028703489743,0.211194712820272,0.558646005551562
CXCL6,206.746169329773,-0.309031594354237,0.247355516743474,-1.24934183163873,0.211540073943095,0.559009408745297
NAIP,11056.6029604159,0.451626791706901,0.362085376680353,1.24729365170026,0.212289844320162,0.559837037727068
GLI1,750.209638980003,0.32200515401254,0.258236605172687,1.24693845706812,0.212420064319469,0.559982396888145
TWISTNB,487.581729016521,-0.440528899265841,0.353964629239912,-1.24455627165859,0.213294902659099,0.561692898349841
HOXA-AS2,9.65672233480572,-0.762645462277441,0.613630429798042,-1.24284166045749,0.213926187254858,0.562708128003852
SLC4A10,22.4667992422264,-0.878520697776132,0.707245432731919,-1.24217231687537,0.214172991218742,0.563011073161485
GCH1,2555.74962688266,0.3091806778983,0.24938589510014,1.23976810225835,0.215061179557354,0.564152571809818
BMP2,42.4206127066306,-0.534174135350726,0.431406767799597,-1.2382145465063,0.215636519209873,0.564767722335235
TMEM192,520.633755243571,0.19565969273356,0.158094455652971,1.23761261535349,0.215859734495718,0.56510456905329
SSSCA1,117.759271358824,-0.413159106396604,0.335610140837498,-1.23106860050649,0.218297208067601,0.566956855435761
CERS1,12.1169784533901,1.27490644375325,1.03843601792073,1.22771785815559,0.219552900235817,0.568436180766795
TMEM263,49.0333304074354,-0.629623270196563,0.513307362191601,-1.2266008956278,0.219972632422366,0.568778695639514
DDN,15.4010887380526,0.677448139190981,0.55320302712587,1.22459224908912,0.220728889723034,0.568939286296737
RCCD1,11.5820729333425,0.936984046165293,0.765156598774551,1.22456507290917,0.220739134346739,0.568939286296737
LTB4R2,21.91935982295,-0.546125187319692,0.449198607112827,-1.21577667132552,0.22407000788087,0.573056711433831
GRASP,142.021743513318,-0.481047813222592,0.396486282455775,-1.21327731754818,0.225023812023628,0.574128333397496
PPP1R26-AS1,118.024771794809,0.297476136777334,0.245513975298361,1.21164645074003,0.225647745482209,0.57503158379634
SUFU,213.052018326073,-0.229253280301219,0.189239255871062,-1.21144674367891,0.225724233773027,0.575124234311127
MVD,136.448542422323,-0.621229878296673,0.514930486263378,-1.2064344506084,0.227650019310409,0.57727337833296
HIF1A,26102.2955384917,0.248620865962528,0.208094810214112,1.1947480367565,0.232185488100747,0.582926293610512
CSF1,898.320595752916,0.328616692899683,0.275157658758088,1.1942851032491,0.232366462786619,0.582999897698851
IFNK,50.6694135579835,-0.616125963412828,0.516884861050435,-1.19199846975729,0.233261845287515,0.584096822944686
MIATNB,44.0049587852652,-0.40979962407827,0.344210069205105,-1.19055094763681,0.233829918019241,0.584986674621867
EEFSEC,27.068915177621,-0.572855742657843,0.482120992494952,-1.18819912755374,0.234754967347264,0.586513792603408
TMEM191A,11.4188700842778,-0.729350223526825,0.614883178793469,-1.18616063779459,0.235558867585635,0.587099708027972
MT1JP,8.83592981437108,0.915656222162504,0.773745360048662,1.18340770677438,0.236647604442135,0.587845688931434
RNU6-33P,31.7171016906052,-0.51577111564927,0.435691041577938,-1.18380013915665,0.236492187139451,0.587845688931434
PDE11A,207.498506339746,0.403720162738034,0.341646330479731,1.18169032335614,0.23732859929835,0.588953777540611
STAP2,117.150293748294,0.329888463713603,0.279253016370639,1.18132462095148,0.237473790077634,0.589083396653691
EGFLAM-AS4,102.25544418142,-0.300603921537752,0.254489328242007,-1.18120442854835,0.237521522435368,0.589083396653691
PLEKHG2,1800.9215581299,0.665134291382628,0.563599210793424,1.18015476005771,0.237938668394869,0.589594213085492
CCAT1,50.8744618961765,0.385693643174679,0.32694443102469,1.17969173527704,0.238122842178899,0.589594213085492
LOC101928069,21.8798082148576,0.544969450463433,0.46275613805879,1.17766012299592,0.23893213048362,0.591009265533624
NR4A1,888.00125602825,-0.341939210934153,0.29146156705835,-1.17318799313838,0.240720425892455,0.592875922598543
ZNF257,11.3956451021956,-0.760352482885082,0.652606370619412,-1.16510122658381,0.24397802044155,0.596661892234313
ADARB2,215.796730480675,0.54152811325845,0.466199466391853,1.16158029405225,0.245405990428042,0.597606063888536
MED11,494.768931573503,-0.28407222753532,0.244617457646555,-1.16129171755915,0.245523286590829,0.597794085376169
DOT1L,2114.8540927052,-0.323575308662849,0.27901796565179,-1.15969345524749,0.246173635775312,0.598400559138912
APLP1,653.994785581507,0.363094808136925,0.313622629993871,1.15774428696048,0.246968405192694,0.599453096783635
LOC100507462,85.7324989442269,0.30806612274763,0.266503656764495,1.15595458046515,0.2476997355645,0.600153721604124
IL18,192.162564786547,-0.478464993341004,0.415153242043994,-1.15250212424043,0.249114797349703,0.602155345191391
HMGCS1,1338.5782784413,0.222391831606269,0.194174598699676,1.14531886815039,0.252077092764833,0.606816091106046
SPATA20,31.2427352983636,0.647147128332175,0.565433211239415,1.14451559524359,0.25240987403813,0.607327277566539
CES3,198.876613340323,0.421703849424055,0.369601134294879,1.14097011695751,0.253882358757798,0.608926564988803
ERG,39.9839851608717,0.922220787577439,0.8094758665059,1.13928138655721,0.254585809320857,0.609901714763363
HDC,60.250211067342,-0.709030585856867,0.623929121801785,-1.13639604416817,0.255790850633186,0.611119666051379
TTYH2,89.5358787876225,-0.333534237516841,0.294422395840645,-1.13284261737129,0.257280350968738,0.613136357753755
PTGER3,25.0003641619074,0.714534382949232,0.631155042176577,1.13210595685827,0.257589890806604,0.61326713917232
GGT5,65.0374530565024,0.320865482482563,0.284431838057002,1.12809270816673,0.259280768337969,0.61502371532116
ZNF699,62.9583310451157,-0.370771690804695,0.329072937792792,-1.12671583780663,0.259862644019362,0.615136976840315
SLAMF7,431.335137228316,0.289962010997414,0.257945574367903,1.12412089917793,0.260961740363208,0.615686323346623
CCDC39,17.5894537221407,-0.552920966634229,0.491827750767885,-1.12421669125209,0.260921110194765,0.615686323346623
ARHGAP31,101.01770120003,0.487873738428325,0.434692549653373,1.12234207560575,0.261717022752593,0.616485159667613
PI4K2B,145.164301751964,-0.456921738753722,0.410044001689981,-1.11432367470451,0.265140353987093,0.620143992943776
TRIM69,76.8253255932052,0.523916829117995,0.471660568719162,1.11079209046612,0.266657851815454,0.62145156182589
RASD1,12.8827358734478,0.727273840821521,0.654020125979538,1.11200529147673,0.266135875222674,0.62145156182589
KLF3-AS1,296.434317951651,0.205637797239847,0.18528562418333,1.10984215934842,0.267067048557161,0.622016382185372
SPACA6P-AS,87.5107839545333,0.508065635557555,0.45788515967406,1.10959183721791,0.267174950335157,0.622025409076142
P3H2-AS1,375.671726587001,0.320653464764094,0.288966344014543,1.10965678670162,0.267146950870665,0.622025409076142
RSPH4A,29.3328959927448,0.432344502769658,0.39069903542501,1.10659219391045,0.268470283794273,0.62314680210038
PLGLA,62.5049523110115,-0.420404687001139,0.383022238983533,-1.09759863583068,0.272379788808003,0.627917729246212
OTUD6A,258.013326100722,0.21752860374896,0.198262171175462,1.09717654386246,0.272564224732816,0.6279340693047
PRKCG,35.6648823541218,0.486094523586706,0.443793063652638,1.09531798353473,0.273377351558442,0.628225901501487
MS4A14,22.7635409822102,-0.808280261692476,0.738683313099733,-1.09421757248136,0.273859566276185,0.628608236397838
MPZ,458.948829248412,0.320379718058104,0.292826848307513,1.09409270328128,0.273914322317412,0.628637163545641
NOP10,3927.53568466199,0.221062860946861,0.202705012817033,1.09056435198471,0.275464622608677,0.629725097323667
PPFIA4,30.8185451480053,-0.41912910108869,0.384846868668727,-1.08908019061855,0.276118524631602,0.630590437646414
FBXO48,150.803585810025,0.247931624897276,0.228184511998009,1.08654011057262,0.27724010510713,0.631893884680213
MESDC2,313.232339034748,-0.333708046387081,0.307222761804943,-1.08620873149677,0.277386655144359,0.632034711713953
PPP4R1-AS1,22.3530437615378,0.496196220329077,0.456995796122167,1.08577852255873,0.277576990693541,0.632121610564761
KCNE1,515.980213933336,0.261714758494927,0.241277172522272,1.08470584166336,0.278051959752345,0.632515153468178
MIR3690,22.6183972700732,0.662255423190497,0.611202037646617,1.08352947536048,0.278573475082725,0.633384088109266
LRCH4,7348.43361880141,-0.126865238230381,0.117263120300329,-1.08188523301665,0.279303527280359,0.634128244332092
PDE3A,26.3829682060107,-0.608345207197575,0.56380811303982,-1.07899335452558,0.280590690136277,0.635592908377428
IL20RB,34.4639315402972,0.391288520165616,0.362706006255659,1.07880353073009,0.280675320572874,0.635592908377428
LINC01271,151.513272109932,0.393359494918799,0.365906881445616,1.07502622898133,0.282362985451354,0.637143168714788
UQCC3,93.2076525884362,0.281648782776279,0.263636940312488,1.06832063231519,0.285375904690264,0.641418367241283
ZC3H12C,111.838094787682,-0.481752460261142,0.451162583240089,-1.06780233591484,0.285609684166571,0.641750372152489
NLRC3,847.814473640299,0.264813943165147,0.248126583758285,1.0672534121661,0.285857419335624,0.642008585891987
ZNF747,314.038280058972,0.193680962983799,0.181872219077925,1.06492879432463,0.286908153594728,0.643020933958247
C1orf61,20.9575570080184,1.30406129440102,1.22862232203684,1.06140127117267,0.28850757947415,0.644861140991907
USP20,712.210822315664,-0.150366574820372,0.142012897234798,-1.05882337272341,0.289680227107278,0.646081395621761
LDHB,174.844671023558,-0.379749806183807,0.359341960549255,-1.05679226996858,0.290606402965103,0.646837804092325
KCNJ12,9.03053980590908,-1.3736077685485,1.30303240531667,-1.05416240067696,0.291808571001258,0.647580538592524
C16orf89,94.7575521613413,-0.269621796848839,0.25666225833563,-1.05049257571895,0.29349170259473,0.648835301778173
MRGBP,129.837440635096,-0.295642754956939,0.281466099797746,-1.05036718514016,0.29354932668284,0.648835301778173
NUTM2D,112.215525956579,-0.224575922558937,0.213943832400947,-1.04969570769427,0.293858037835228,0.649134190229115
BATF3,61.5281770095616,-0.71896125944172,0.68528391590204,-1.04914363632094,0.29411201520358,0.649221104625941
ATP6V0D2,34.4457042764488,0.418196449592668,0.399355870426883,1.04717741884111,0.295017757960084,0.650347350252585
ABHD11,267.180607448933,0.187213263409246,0.179551700146647,1.04267051359771,0.297100918845566,0.652720389325858
SLC35A2,1387.43882236547,0.347141773647067,0.332926627513426,1.04269753440814,0.297088400177364,0.652720389325858
TGFBR1,3362.44251848116,-0.236835530638131,0.227695338029553,-1.04014220355883,0.298273838625761,0.654429565312046
CCM2L,45.1290731663704,0.754555417787256,0.7268378070505,1.03813451978954,0.299207432366393,0.65532461245908
EMX2OS,720.597363931875,0.162956409732675,0.157087683264697,1.03735955834354,0.299568318493704,0.655694236689575
MPDU1,91.9607883825268,0.273762185727703,0.263931298766931,1.03724790127848,0.299620339176645,0.655694236689575
C18orf61,209.379799637403,0.17574938546256,0.169521754307684,1.03673647184875,0.299858689576502,0.655694236689575
TSIX,3244.43326782543,0.309496235926677,0.299170598782752,1.03451421090821,0.300895836766788,0.656111785874877
RGS12,168.127908142719,0.231705513142624,0.225048505460094,1.02958032389027,0.30320705567557,0.657741821865316
ISCA2,62.2727841401129,0.272312626232728,0.266206186374548,1.02293876014432,0.306336801706634,0.660498592787074
C3orf33,237.050247424919,0.187951642316081,0.184369296633058,1.01943027254778,0.307998740421704,0.662128472813735
ZNF354B,28.5441480894238,0.500327162282903,0.491821159782381,1.01729490960553,0.309013157458542,0.662589966524692
QTRTD1,396.852205038945,-0.148473615720874,0.146777976334483,-1.01155241016899,0.311752110001903,0.664735375530223
PRKDC,25031.7789152436,-0.307066802965637,0.305394943684376,-1.00547441703222,0.31466846219468,0.666686682086091
SNX30,1123.49994119519,-0.2118486982169,0.21077578514496,-1.00509030518473,0.314853367922219,0.666686682086091
LOC100289495,62.652121676755,0.404445649587466,0.403368330544278,1.00267080720426,0.316019719580595,0.668008799164481
ENPP1,253.682750913012,0.199200431923752,0.199597231922028,0.998011996486854,0.318273541469656,0.670586793435572
ECT2L,44.5820964305554,-0.311107917588705,0.312632910651806,-0.995122096839003,0.31967688480078,0.672125799485291
GBP4,1575.65755559132,-0.280657689686696,0.28211799901713,-0.99482376404369,0.319821986186123,0.672232075555098
LINC00678,324.533865128425,0.446921938187889,0.450406557852445,0.992263390477325,0.32106905692968,0.67333748361585
CMAS,34.0459021775294,-0.406412032440115,0.410079056985436,-0.991057761953809,0.321657376097682,0.673496598668657
SNORD89,731.587885218858,0.186358558522246,0.188002515666624,0.991255664114129,0.32156075611294,0.673496598668657
PAM,907.11931916356,-0.337500944855589,0.341187780609127,-0.989194115489844,0.322568176949333,0.674137572385488
KCTD21-AS1,39.9590338361063,0.314022604528836,0.317942181507269,0.987672044772884,0.323313289788373,0.674776309582481
SLC25A26,15.2209630942947,-0.628090112375438,0.635948040972606,-0.987643756893803,0.323327148416314,0.674776309582481
ABCA3,9.75625248240283,1.05684112102837,1.07071319455765,0.987044080898795,0.323621029186332,0.674987469686122
PEX11G,144.759744323323,-0.27686004411518,0.281069734774437,-0.985022611336523,0.324612964398434,0.67577309750834
OR7E91P,15.3253632374105,-0.488392452122287,0.496918593353625,-0.98284197583794,0.325685219078679,0.676925947333846
ACP2,57.5330998269557,-0.346955081983468,0.353302519840726,-0.982033986454103,0.32608310501523,0.6769322131972
HDAC7,4168.80863988325,-0.154527329654407,0.157403102563478,-0.98172988421298,0.326232938794896,0.6769322131972
ZAR1L,19.6710623104758,0.508071380222099,0.517512081623787,0.981757524631953,0.326219318275241,0.6769322131972
LINC01249,10.7451425116978,1.51191571965144,1.53953591914712,0.982059399100621,0.326070586012123,0.6769322131972
HAGH,233.633378813853,0.195224874003772,0.199011230350805,0.980974157386198,0.326605485615477,0.67734796446225
MRPS24,19.8724284987866,1.24036562520422,1.2684527686447,0.977857162572564,0.328144974472399,0.678556601286583
CAPN12,22.1296640999641,0.488737201269218,0.502510506872633,0.972591009710158,0.330756612628716,0.679944421638887
LINC00880,41.5550906176494,1.61492770578412,1.66180842345587,0.971789336839286,0.331155361734822,0.680424346865721
DDX12P,31.2785536864304,-0.667200226047675,0.688171102926317,-0.969526652907296,0.332282488662063,0.681566779262009
SFN,314.708272360867,0.263061169471022,0.272040404229627,0.96699301052712,0.333547527752388,0.682952896779911
TNIP1,14950.1293923731,-0.281181558271685,0.290960310042502,-0.966391458101662,0.333848336718118,0.682980317372477
HAS3,28.4438673875554,-0.525442322940791,0.544878983457101,-0.964328481908057,0.334881265653909,0.683657555227546
MIR6821,12.3734914592113,0.906277434244388,0.939717653647955,0.964414609777998,0.334838100417442,0.683657555227546
RBM48,296.295295254618,-0.136428576949646,0.141595357415557,-0.963510241012016,0.33529152731949,0.683928675545829
DYX1C1,246.647871388306,0.237228574490333,0.246250045046355,0.963364593276222,0.335364588249937,0.683984149968725
ATF7IP2,63.0231938426503,-0.458817751708325,0.47728605817593,-0.96130558152445,0.336398542324333,0.684968795969796
TMEM165,1358.25450323708,0.187466601892094,0.195230510366226,0.96023209456571,0.336938417378964,0.685304353519141
LSP1P3,19.4329326411243,-0.425727022021752,0.443757027000501,-0.959369646266517,0.3373725608221,0.685304353519141
LSAMP,18.6090567189954,0.519442173346641,0.541891280158566,0.958572673829784,0.337774064180003,0.685638771140758
GNAO1,11.2184778320065,-1.05523067661471,1.10767642534872,-0.95265246462431,0.340766185526844,0.688249593025383
GPR35,103.687403186419,-0.409647788037289,0.432594782766243,-0.946954989650549,0.343661715167892,0.690753419768025
LOC101927257,175.629760216622,0.226653653145658,0.24092839497075,0.940751102306454,0.346832424327998,0.692992004352281
LINC00662,118.093376726441,0.243698342094916,0.259511247929195,0.939066587824381,0.347696557572528,0.693828199201296
HP,275.082778031295,0.652293236907298,0.696457915892934,0.936586722646389,0.348971184326582,0.694150407006225
MIR4285,9.49775454491805,0.742671046054987,0.795014963399006,0.934159833771899,0.350221451378928,0.695267905273423
CCL20,566.062382411689,0.41937496116733,0.450275525280689,0.931374097905729,0.351660084674158,0.69682525149425
MIR3198-1,19.8965281217937,0.598458291432149,0.648305279069351,0.923111859109403,0.355948915107218,0.70038813827667
CTDSPL,769.21222858693,0.368214086385799,0.398465015495264,0.924081342318432,0.355443966600844,0.70038813827667
MED28,876.725384725944,-0.154205499562411,0.167329746891782,-0.921566561994149,0.356754706830514,0.700758341352604
GRIN2C,11.0377374333082,0.547558051452469,0.595780246189258,0.919060433699793,0.35806396303115,0.701377858418155
RPARP-AS1,16.7043494794867,-0.550556018693931,0.600110741593917,-0.917424036156449,0.358920482213443,0.701853114492992
LGALS3,207.406461469274,-0.253029731877304,0.275896394163088,-0.91711866204287,0.359080462869717,0.701853114492992
PRADC1,23.5521503677922,0.493460261131673,0.538859444561588,0.915749489244173,0.359798301623727,0.702306795227224
PRR27,52.7228343755417,0.286941483170441,0.313705076467144,0.914685495057629,0.360356761244703,0.702331945871111
FAM124A,91.635826001895,0.256433059864102,0.281118040816496,0.912189979409726,0.36166871800755,0.702781724275816
ABHD12B,181.943722443651,-0.219852945249941,0.24111133240632,-0.911831654927963,0.361857343915514,0.70279735432037
DUSP6,16931.7889641909,0.242710350985323,0.266856696501658,0.909515684512024,0.36307798247192,0.703727668246357
PGM5P3-AS1,14.5302011457614,-0.478555099460549,0.528796349679004,-0.904989415587016,0.365470994570716,0.705434303821704
CHI3L2,11.5415851036754,0.722045404701554,0.80163869563817,0.900711765325583,0.367741591511805,0.70758766533316
GPR1,181.223300068479,0.193489281442963,0.215355443355425,0.8984647818891,0.368937812843087,0.708229420463238
BRD2,26271.9185104542,0.178894291407275,0.199245234696828,0.897859824248647,0.369260285814412,0.708449587334405
C2orf81,26.7278303110141,0.444402299961604,0.495592387976342,0.896709293248504,0.369874060378318,0.708499688152263
YAE1D1,42.9769132207272,0.319132046165754,0.357927920835669,0.891609811887999,0.372602109149843,0.710201336113447
SARM1,32.0341476677921,0.390802463931134,0.438536098431413,0.891152325496087,0.372847456676245,0.710229122233627
KCNK7,322.667001349842,0.245503379236583,0.276221728449271,0.888790974608904,0.374115427308659,0.710868297235639
MTRNR2L3,724.874009292142,-0.151812696578424,0.170865884171049,-0.888490393005829,0.374277021271845,0.710868297235639
MYO10,213.781592722881,0.220983452107344,0.249207351627503,0.886745317359875,0.375216034039162,0.711405021770008
CACFD1,46.7129926880003,0.364387867489446,0.41107326240319,0.886430475577965,0.375385603023349,0.711405021770008
GPR146,13.7895179219572,-0.790065960524779,0.892599518830456,-0.885129270022435,0.376086914489152,0.711740847896045
ATP5L2,74.667603445236,0.334022613025326,0.378955443919823,0.881429778578391,0.378085245875738,0.712817354202893
PRC1,50.6687037721638,0.256746862262215,0.291700568758996,0.880172648803919,0.378765787976968,0.713469015548885
BOLL,36.6675564314211,0.37366147528113,0.42469344994487,0.879838093405102,0.378947025128363,0.713630128266104
ZFYVE19,67.4810654455506,-0.24028489102739,0.273257807323901,-0.879334037627596,0.379220185688107,0.713964225371385
PRUNE2,430.887643362827,-0.277407713318627,0.315802099109617,-0.878422639053886,0.379714403031376,0.714275822683814
TDRD9,96.5947108633779,-0.324293157665748,0.369904983066687,-0.876693130698604,0.380653338879439,0.714767469492455
MZT1,25.9266110344901,0.397296166046212,0.453512162625069,0.876043023292999,0.381006645300495,0.715063980885799
ZNF878,9.94612315781571,-0.541364269588558,0.621245949015958,-0.871416981384054,0.383526517034686,0.717073385754279
LAMB2P1,18.0536222396171,-0.474173014846263,0.548110097343957,-0.86510541795165,0.386980931263669,0.720660151154735
TADA1,31.4240282663475,-0.375864720216157,0.437365249854509,-0.85938405106759,0.390128665956379,0.72354045459613
SAMSN1-AS1,29.6293698414202,0.529269599016147,0.616556745024538,0.858428041355841,0.390656149100724,0.723724102666346
MIR3174,14.0126289245641,-0.536964928492851,0.627473262919405,-0.855757464460792,0.392131947438883,0.7244541552029
TMIGD2,186.927920642043,0.245897047172352,0.287335926926346,0.855782462717877,0.392118117390585,0.7244541552029
LINC00685,76.43783808157,0.254201225856916,0.297317797911716,0.854981530343492,0.392561372723914,0.7244541552029
BHMT2,347.785316143181,0.146857345222013,0.171934262132687,0.854148227353772,0.393022865030181,0.724499514730837
ERVV-1,374.512654614613,0.154561800953951,0.181505968223345,0.851552169148291,0.394462696483271,0.726070376777958
LINC01010,44.19653148041,0.291392751355747,0.342406374176671,0.851014389134582,0.394761359712049,0.726351160689179
UGDH,183.843661264573,0.202487026770916,0.238977515692249,0.847305765081582,0.39682471409939,0.727812933386324
LINC00707,29.0040132852668,0.32870066445168,0.388112793337663,0.846920457388032,0.397039458943787,0.727938216280882
RFTN2,11.790273679416,-0.491137366823022,0.58321644643337,-0.842118513335053,0.399721619475238,0.72953720612339
OR7E156P,17.7151772127416,0.44307805570133,0.527976839416957,0.839199795564176,0.401357202018634,0.731716375758422
LAMTOR2,128.678608870271,-0.179891485778234,0.214791977242392,-0.837514920658454,0.402303193611861,0.732724416992389
KIAA1614,495.875590014106,0.12868744327924,0.153866087956422,0.836360012712399,0.402952401112041,0.733273337302002
C19orf71,121.270890946096,-0.209309717967462,0.251813892518013,-0.831207984096785,0.40585614521804,0.735316267513136
SSX2IP,74.4143187563895,-0.224372980062574,0.270061757048735,-0.830821003738356,0.406074755375188,0.73537253514392
LOC284578,9.7107078101114,0.538414922696184,0.648422292427735,0.830346101581924,0.406343129748701,0.735679870576955
BRF1,105.150156352905,-0.209758450217816,0.252843396270149,-0.829598294090705,0.406765941604893,0.736266596328896
PHLDA2,20.5033497580767,0.577739942138002,0.704241754961726,0.820371609702979,0.412004294896822,0.739821800095882
ATOH8,40.0882661072772,-0.498796194347407,0.608681528128661,-0.819469905520071,0.412518365245529,0.739943033546617
CENPJ,28.1467994409049,-0.333012408075,0.406725211271195,-0.81876509949848,0.41292044663012,0.740065831814689
LOC101928517,11.5481503759297,-0.569576805792062,0.700917698570265,-0.812615813459821,0.416438362189228,0.742072210305898
TET2,23428.056779114,0.134975862228907,0.165997662791528,0.813119052154483,0.416149804072038,0.742072210305898
PDE6B,111.163898162154,0.190381622852173,0.23453302502577,0.811747611370525,0.416936468524566,0.742359276726502
RPL19P12,38.2264128966476,-0.332640739609046,0.409801909579086,-0.81171105315421,0.416957450470498,0.742359276726502
FOXL2NB,258.382416301502,0.156177421482041,0.193148272514742,0.808588238707239,0.418752032145884,0.743070090040797
ARHGAP32,22.1632972039642,-0.537385694024978,0.67382330903594,-0.797517222717974,0.425150704414424,0.748240521164341
SLAMF1,55.525728353928,0.557168176500923,0.703518140037735,0.791974143653264,0.428375752819595,0.750248690757325
RAD21-AS1,16.7445756702064,-0.401066729575167,0.507513810819202,-0.790257764469083,0.429377247256659,0.750780236350531
LOC101927851,351.163324402726,-0.171967406076095,0.219813715413548,-0.782332466163735,0.434019211496565,0.754503432463242
ZFP92,17.6405828876243,-0.492812182461249,0.630924665762919,-0.781095127839608,0.434746547268902,0.75491216377807
IFITM2,165393.193488755,-0.140823786447428,0.181119705757502,-0.777517751911405,0.436853365211379,0.756513529374191
ALDH3A2,278.773135090876,-0.173432532154005,0.223477600105013,-0.776062263387957,0.437712223668923,0.757384254073827
DOLPP1,16.4944325460966,-0.47849501218778,0.616712679486249,-0.775879965020972,0.437819863180206,0.757442764716208
HERC2,330.484286924651,-0.204665885269751,0.26514688747193,-0.771896239179568,0.440175884953278,0.758795858549097
DENND5B,214.407387941126,-0.180371778917147,0.233862856000019,-0.771271599099657,0.440545962800112,0.758981898796412
SLC25A39,66.8027229334656,-0.344002332137045,0.449332563026361,-0.765585137698697,0.443923190526661,0.760770689533911
FAM124B,9.33792023871526,0.812538047302498,1.06058080170031,0.76612554743575,0.443601603221151,0.760770689533911
CLOCK,218.434979295695,-0.203903260900435,0.266147656770071,-0.766128334079565,0.443599945288656,0.760770689533911
LOC388780,59.9126032866025,-0.332295440294355,0.434288411016401,-0.765149223108801,0.444182691774983,0.760953070929387
RALGDS,3348.2190292991,-0.192679507806023,0.254438361522103,-0.75727381143855,0.44888583723859,0.763717078362691
GDPD2,31.5588725187745,0.37685863058583,0.497745416464991,0.757131292664222,0.448971208073876,0.763717078362691
TMEM143,26.7363604336249,0.35216535107886,0.46701646698558,0.754074804582285,0.45080430540723,0.764741736609945
SH3D19,16.5741345287413,-0.422036991830207,0.560757603132072,-0.752619294812856,0.451678719624141,0.76552844024944
C7orf31,51.9191504766063,-0.25114416886403,0.334879959677164,-0.749952816245385,0.453283122845958,0.766418504648728
NR1I3,71.6789930764729,-0.240075683171908,0.321657294428363,-0.746371020742934,0.455443320006495,0.767534345241304
LAMB1,20.4333096580094,-0.509796851748533,0.682893192044295,-0.746525016924558,0.455350325154942,0.767534345241304
MRPL13,18.1282020959639,0.453860524900061,0.610586897811397,0.743318480181756,0.457288885697572,0.769093171580906
PRR7,688.071479386978,-0.139286111629364,0.18795057180159,-0.741078413831066,0.458645897084884,0.770085277583269
MIER2,39.2096328233662,-0.27248373383871,0.368261284668205,-0.739919576624003,0.45934879496254,0.770253633136013
ALPP,58.6661999445307,0.226986839006255,0.306984466739959,0.739408222887484,0.459659150611473,0.770386256807025
RPAP3,876.69877244056,-0.179068233996056,0.24259057354651,-0.738150008791355,0.460423297426429,0.771151948393058
SERPINB12,25.4246595525176,0.292832983065037,0.396767687311613,0.738046449924368,0.46048622310742,0.771151948393058
RPL26,1148.42997618392,-0.177219013310708,0.240531133188352,-0.736782016371799,0.461254921171321,0.771756937090778
COL7A1,83.9841500052256,-0.178716471804295,0.243502672146803,-0.733940495308203,0.462985005062127,0.772747104699664
LOC102723704,24.3217512250095,0.348114884136651,0.475127107164824,0.732677380193946,0.463755223283628,0.773599736558025
PRORY,24.080705389964,-0.346060581738816,0.472723582471342,-0.73205694526525,0.464133811282434,0.773865553066347
MTMR2,55.8868901432432,0.237327267509097,0.325616344563115,0.7288555119293,0.466090050618779,0.776064402570755
SLC7A5,6874.95123247746,0.26097444798441,0.359889852445669,0.72515089328285,0.468359465129582,0.777432763178212
LINC01501,116.122249787749,0.178409613021671,0.247016899387655,0.722256709820022,0.470136663020531,0.778593094393213
CISD1,154.155150086369,0.262461736912503,0.365323109925058,0.718437267673388,0.4724877149084,0.779189350041908
CAB39L,101.175672288668,-0.188070161000112,0.261641680880789,-0.718808105677175,0.472259162696784,0.779189350041908
CISD3,23.6348205865709,-0.340561152113269,0.474025742750547,-0.71844442484738,0.472483303274006,0.779189350041908
MAP6D1,29.7389024435466,-0.295579433966994,0.41217336925676,-0.717124045398637,0.473297560194613,0.780035096195754
LOC644669,40.8848345513458,0.265428739273725,0.371748998741622,0.713999876723829,0.475227255683293,0.780850515832433
MIR155HG,22.540543893901,0.70227311072911,0.983542269726055,0.714024330570675,0.475212134607114,0.780850515832433
NUTM2G,26.7755824044904,-0.314831786310805,0.441145858915435,-0.713668234549055,0.475432353232649,0.780850515832433
C9orf64,123.097095767299,-0.129697900185218,0.18337791578639,-0.707271099843332,0.479398021636164,0.782880277777061
EPB41L4A,394.555271936243,0.151551598016691,0.215626760076069,0.702842253731525,0.482154061607303,0.785145612661029
TMEM258,123.054828184349,-0.158479333994068,0.226052084920715,-0.701074418533469,0.483256574006342,0.786168352586079
PLEKHF1,23.4791247668191,-0.510045404184263,0.730503533606662,-0.698210728243919,0.485045418204234,0.787512469821888
SYT2,495.470679076387,-0.195890771574792,0.281655509642774,-0.695497744117422,0.486743424437988,0.788642339992822
CTSO,49.8937239832694,-0.271485957145194,0.391020278652841,-0.694301477356951,0.487493164704724,0.788642339992822
TSC22D1,170.979716998264,-0.306661088340726,0.442807637982103,-0.69253793755274,0.488599569877099,0.789777301710078
TTL,318.822997543108,-0.457968939244313,0.665178650524684,-0.688490135519342,0.491144180137249,0.79140282640592
PRCD,8.43292908801073,-0.52513062473836,0.765212396427856,-0.686254727693593,0.492552492091263,0.792345597846149
C6orf222,18.5596972125413,-0.506600688067194,0.738352115446941,-0.686123432802163,0.492635275427917,0.792345597846149
CDK14,1335.26255067057,-0.104201514993073,0.15232731216515,-0.684063241922757,0.493935231861757,0.792807638469861
CRACR2A,255.402569827755,0.157680826486185,0.230744628089841,0.683356435170364,0.49438164121278,0.79315512026759
GPR84,4472.9944522972,-0.270746903217014,0.397487773466561,-0.681145235879288,0.495779596236129,0.79377388973945
CYP51A1,655.027018642662,0.0889984735882764,0.131119317148435,0.678759434717958,0.497290300459697,0.794694626098957
MLLT1,3839.19201613037,-0.0734087462914749,0.108177070455424,-0.678598024354189,0.497392594989896,0.794772931435157
PPP1R27,12.4577224195688,0.469003343647908,0.691344124696677,0.678393475685761,0.497522244708248,0.794894925576827
SAMD10,10.1928808977275,-0.61156256897198,0.902006491348756,-0.678002403350247,0.497770169382089,0.794925882759421
CSNK2B,1958.79007327271,0.0846919293964757,0.124878509784911,0.678194587221997,0.497648324053616,0.794925882759421
MARCKS,26597.0215250698,-0.186604741997028,0.275241356183213,-0.677967673843373,0.497792189719605,0.794925882759421
MIS18A,20.695685933324,-0.436786382124929,0.650969763200787,-0.670977988251361,0.502234552147911,0.797213823968259
GPR18,77.4520382733876,0.24608228091603,0.367060177644418,0.67041399722314,0.502593914216083,0.797359753157756
KLHDC1,9.06698026648359,-0.584631190170884,0.87221314645086,-0.670284772191085,0.50267627256356,0.797359753157756
SLC6A12,108.391734248806,-0.255541272995303,0.38238041784581,-0.668290689243263,0.503948055486168,0.798488881371145
ERN2,43.3903730830423,0.291121344829064,0.437367325316541,0.665622070918002,0.505652695466914,0.799236740593332
WNT2B,9.26394744751603,-0.548961456466855,0.826587927312683,-0.664129535803385,0.506607407778793,0.799978833900053
SIPA1L1,11012.3573519164,-0.0725164662122846,0.109283080075578,-0.663565358536141,0.506968535043174,0.799978833900053
HEY1,211.161788601108,0.188959791371479,0.285519990760603,0.66180932154034,0.508093431376422,0.800204693164965
PFDN6,87.8080006671525,0.172393730321477,0.263287093380026,0.654774710405744,0.512612815383978,0.802283179363782
AK2,1541.13637513032,0.200764641910639,0.307069763828677,0.653807914551466,0.513235566798171,0.802430571142905
IL21R-AS1,111.147309588489,-0.240403675063979,0.369286982016752,-0.65099417734978,0.515050245558034,0.803614177862206
ZNF470,88.2818762336679,0.163987682304016,0.252106666143613,0.650469441417312,0.515389034677432,0.803890458544561
CYYR1,25.5494179849194,-0.297907314329254,0.461109462659695,-0.64606636482998,0.51823637706288,0.804963971579912
KIAA0125,50.1498529123077,-0.345475497642438,0.53527664711048,-0.645414851380827,0.518658381661122,0.805116315781441
PYCRL,143.883512406409,0.170913551611367,0.265868601686112,0.642849702926371,0.520321628544187,0.806187682751113
ETS1,1525.4875456865,-0.169173332383633,0.264161919002102,-0.64041529158594,0.521902644023972,0.807211587879019
LINC00886,35.047813613802,0.247447985237785,0.386669800012235,0.639946500166177,0.522207381535393,0.807347986817055
ZNF684,19.5938042770342,-0.33790279947196,0.529160251195724,-0.638564213219744,0.523106468270001,0.807689360835963
CBX5,1244.69175205503,0.109401687855109,0.171392870539649,0.638309443739671,0.523272265741183,0.807738256805534
CA12,41.0351800864987,-0.207943939378495,0.326354673734712,-0.637171629867722,0.524013054984864,0.807821057907159
THEM6,8.58249951670755,-0.549446184421157,0.864782757300367,-0.635357469587379,0.525195299759067,0.808194182773541
LOC101929295,84.4689324646357,0.181297568358129,0.286991872049019,0.631716734915624,0.527571990751512,0.809771067431086
SYCP3,9.08888132538809,-0.522952040498601,0.830122743157624,-0.629969537407678,0.52871451505963,0.810768078466248
ABCF2,138.858736135911,0.15990992593541,0.254449577719802,0.628454279108692,0.52970638895203,0.811461856699335
CFL2,32.5734431546282,-0.444378284693718,0.709329264125988,-0.626476739601694,0.531002288991043,0.811938596916172
DRAM1,1214.49921693535,-0.226946559297091,0.363072286121023,-0.6250726590061,0.531923371480589,0.81260780258806
SERPINA2,18.5115042784354,0.400775223926792,0.641178766671676,0.625060037479399,0.531931654921923,0.81260780258806
MED18,763.75951060184,-0.145374252938273,0.233418390035853,-0.622805482104229,0.533412355374053,0.813621607414672
HDAC11,18.7045019950796,-0.315184691554171,0.50742437503335,-0.621146139330527,0.534503473775924,0.814292042024955
MUC1,24.4916072497943,0.336312276770216,0.547204769683751,0.614600411770137,0.538818642421284,0.817852663046169
CWF19L2,443.204365698665,-0.148327952493049,0.241822848821047,-0.613374431804888,0.539628788119705,0.818499198253577
LOC100128593,71.4494861554695,-0.182686708968335,0.298178816165128,-0.612675009304368,0.540091249927552,0.818534635179836
NUDT9,30.3166433345204,0.271360853327408,0.447036021615061,0.607022343181718,0.543836084417919,0.821205703414786
DHX38,1268.36436940473,-0.0814615765507934,0.134401213135965,-0.606107449851545,0.544443404286063,0.821706759246843
MRPS2,14.8709206704089,0.462660835451949,0.766933796788423,0.603260460536967,0.546335432050839,0.822682554781414
TMEM169,102.960458827165,0.148677555090816,0.246682334928748,0.602708560926182,0.546702585414134,0.822784741899499
TMEM199,380.468460726507,-0.121612967934151,0.20225406868324,-0.601288116110115,0.547648103433795,0.823376970108699
TJP2,322.889110318763,-0.117571866948895,0.195525989152543,-0.601310687435874,0.54763307252765,0.823376970108699
SERPINB9,3544.87641915516,0.153088300278997,0.255800580261442,0.598467369083108,0.549528125539567,0.824126401465363
SF3A2,531.140315549683,-0.110376864714545,0.185491175473287,-0.595051837010114,0.551808821422102,0.825637097809552
MYO1C,275.810528463902,0.157167971343136,0.264979316065198,0.593132979875547,0.553092160607409,0.825900009125692
TMEM120B,713.235104323973,0.143780155708506,0.242495305329678,0.59291933719308,0.553235136144334,0.82603079548663
PATE4,12.8974766417988,0.313955476165512,0.531762472868502,0.590405476475113,0.554918839895255,0.827359347710426
LGALS9,2603.07809112906,-0.137418752633124,0.232677156795451,-0.590598383295229,0.554789548380811,0.827359347710426
SNORD35B,41.9314824160974,-0.220155126921153,0.372811853969194,-0.590526091317217,0.554837998749014,0.827359347710426
C17orf58,14.9433815664519,0.30326497914333,0.518036103931893,0.585412825170966,0.558270167191013,0.829722552547982
SYS1,1312.47530859659,-0.116467547899123,0.199394464369106,-0.584106225153402,0.55914884684298,0.829792691110495
KLRF1,34.2841706140232,-0.328379673933186,0.565600963440929,-0.58058542180592,0.561519899852387,0.831617337300122
NSUN4,624.980965118069,0.153898189830752,0.266975578905909,0.576450439629877,0.564310759576601,0.833224391838202
LOC101928886,38.1649711506585,0.445171082514643,0.776477700254175,0.573321142859503,0.566427272406913,0.834732260813782
LOC101928700,168.609684910039,0.210628492325894,0.367921805839098,0.572481676766957,0.5669956958848,0.834732260813782
CD40,28.294090777162,0.519473055579064,0.911554665741043,0.569875921985173,0.568761856811561,0.835952253546342
LINC01420,18.866190052329,0.375166410635394,0.658382750390932,0.569830255140538,0.568792832879684,0.835952253546342
C1QTNF3,26.1828731722216,0.270600210628258,0.476421943917484,0.567984355219217,0.570045591118221,0.836886188260094
PGPEP1,1076.28956766999,0.0967038630881562,0.171054665850867,0.565338937743253,0.571843248975749,0.83734128012571
EMCN,21.1046245927364,0.25885180349871,0.458837304639285,0.564147249758182,0.57265392401465,0.837880145125059
LACC1,276.244522481061,-0.22799756460822,0.406320289985875,-0.561127687264019,0.574710494697661,0.838616204249141
TMCC1,6025.53011880837,-0.136641631558959,0.243464984229868,-0.561237304786089,0.574635775057003,0.838616204249141
RNASE6,1408.0840933022,-0.230155401940053,0.412320512174511,-0.558195372639239,0.576710980340975,0.840055757943442
ELL2,8983.24365876104,0.177957773232986,0.319520316807827,0.55695291933507,0.57755959678805,0.840315528550592
ANKS6,12.9697657738357,0.436321202306209,0.782932449425924,0.557290993145241,0.577328628492606,0.840315528550592
RQCD1,337.150789934867,-0.106861959968348,0.193050033395279,-0.553545410424991,0.579889994615953,0.84155283284359
PDZK1,18.1868812325233,0.33977281140368,0.617249756235964,0.550462447284937,0.582002227012909,0.842537673871124
LOC613266,49.1857550307251,0.2122130812333,0.387066774374009,0.548259616384034,0.583513652204007,0.843538105401159
TMEM41B,1415.58156106694,-0.127872501029114,0.23436661229491,-0.54560886372419,0.58533483018304,0.845105849793753
ZBTB10,132.631831976372,0.215412833048017,0.396737284275078,0.542960900288515,0.587156723519398,0.846098001531045
DPH1,28.4198823728247,0.309270302615592,0.569973050344449,0.542605132696523,0.58740170426751,0.846154275205293
LRRC8E,67.0640277271089,0.166264819028732,0.308333296313723,0.539237315646768,0.589723115295279,0.847013466088654
RAB28,199.743053546631,0.0994362441007358,0.184833074044353,0.537978630798918,0.590591801542223,0.84717875700224
INPP1,374.961076384516,0.193763855578906,0.363148030410299,0.533567138888194,0.593641048652838,0.848602162468634
GOLGA6L9,40.2177271335814,-0.18504819848132,0.348818523608434,-0.530499918889186,0.59576536523437,0.849733042895121
MYH10,1718.27833583538,-0.0736211784292289,0.139444906663716,-0.527958892086128,0.597527867999148,0.851173282593495
LPAR1,82.4247995643027,-0.200992479806185,0.38194489174064,-0.526234239945455,0.598725466779207,0.852230953762619
PLG,26.2928566773399,-0.223496644904952,0.426555025589625,-0.52395735953647,0.60030819796898,0.85328767839344
PHLDA1,334.897289401527,0.0963228550660317,0.185386567590318,0.519578394044674,0.603357460336561,0.854707230092523
SLC7A5P1,25.9942427699193,0.233563510776999,0.451615519271548,0.517173349475976,0.605035154172989,0.855493434548382
C7orf65,99.0449126745532,0.147137183074604,0.285578310914904,0.515225342580193,0.606395561818385,0.856184570291954
MRAS,35.9036887819297,0.185181840391505,0.360631778353236,0.513492852008513,0.607606609605823,0.85677357876812
CAPN10-AS1,248.327642682187,0.104735345712739,0.20480945379455,0.511379449396909,0.609085382127796,0.85759622341744
LOC100996255,46.0374643163878,-0.193755302869013,0.379174868091238,-0.510991943755067,0.609356697978461,0.857781426935321
MIR372,28.4174835073864,0.215533822561485,0.427519909449338,0.50414920521269,0.614156531710597,0.860805753655413
ENDOV,21.1129188895776,0.243553860207246,0.48373050108364,0.50349080668191,0.61461924228648,0.860980535437167
SHCBP1,60.3179680268163,0.127612054668984,0.2556536482662,0.499159920206215,0.617666727566232,0.862504489235781
CDC42,18283.4686084137,0.0887333249489204,0.178441704608916,0.497267862035917,0.6190001717544,0.863006098291203
VPS33A,504.866720219593,-0.0742271142046169,0.149393825589983,-0.496855301157733,0.619291094371861,0.863006098291203
ASTL,196.166045301187,-0.251581988280057,0.506387157036298,-0.496817474109092,0.619317771587881,0.863006098291203
C8orf86,109.626943538066,0.129955740227229,0.261454727124112,0.497048730603135,0.619154687678486,0.863006098291203
URGCP,74.4465751103165,-0.204816230749009,0.413471840706724,-0.495357145480398,0.620348039388898,0.863714901634454
TRIM28,2271.91568988618,0.0666448882533335,0.135825404074502,0.490665856711001,0.623662799043927,0.865904787463186
USP53,232.538308928156,0.0805755717510667,0.165330387452285,0.487360932208067,0.626002574301198,0.867237568706052
USP12,354.275514040612,-0.104266431176744,0.21420556206891,-0.486758747857358,0.626429307342111,0.867327403997121
TREML3P,1686.04824495244,-0.115948401303979,0.238614494557758,-0.485923545922365,0.627021373453631,0.86774032501058
MIR4530,9.64244166703232,0.563673464213851,1.16243304217939,0.484908329134422,0.627741373841831,0.86802092832702
LINC00899,37.168234650617,0.150528233639899,0.311779234597692,0.482803910382728,0.629234974024073,0.868541939123216
CHIAP2,62.484759812312,0.130457914275129,0.274506948210927,0.475244488802111,0.634612720401976,0.872304035838306
SLC43A3,558.496953087128,0.122582354767114,0.258797544077897,0.473661197998915,0.635741527358152,0.872842330831535
C3,102.808306195478,-0.20967539393858,0.444389957083249,-0.471827480789131,0.637049934012001,0.873369563712021
LINC01277,62.7582011424404,0.218391545888044,0.462345086232341,0.472356152128102,0.636672596423072,0.873369563712021
C7orf60,1053.6182139317,-0.0766980918420632,0.163011749134091,-0.470506526366836,0.637993172561786,0.87388881037191
IL2RA,171.821393748728,-0.154904232012262,0.331263451418963,-0.467616428400814,0.640058914473038,0.875144273543268
MGC70870,8.48616629723287,-0.405640121182005,0.868219245298893,-0.467209317667635,0.640350127911887,0.875232754351607
CASP10,1614.14875696288,0.119721582281263,0.258720258359602,0.46274529501613,0.643546947216491,0.876217988116455
MAP4K4,20147.601792905,-0.0610563180237394,0.132928732661854,-0.45931618244684,0.646007128628794,0.877330414529884
TUBB,2272.67576055467,0.0968371469768234,0.211271793523481,0.45835340989833,0.646698558081435,0.877802925721734
DNAH7,40.5983200074835,-0.155279452483182,0.339027246858676,-0.458014669682023,0.646941902019702,0.87787484848224
ITPKC,531.337758317374,-0.123380394637768,0.269957427996222,-0.457036487395691,0.647644819728543,0.878413185367666
SIDT1,196.778782124918,0.190910307597724,0.419161755868702,0.45545736204408,0.648780235674212,0.878655188336543
COMT,33.1893878362879,-0.173165057228696,0.381242539342863,-0.454212317248687,0.649676018515474,0.878786255249094
PIP5K1P1,9.8660760884334,0.288203817990378,0.635383790857792,0.453590132668151,0.65012385683597,0.87889231371039
CCDC170,273.38493184011,-0.161108223768629,0.355199592118672,-0.453570970641212,0.650137651357821,0.87889231371039
LINC01443,215.055113337784,0.0954740344349117,0.213558769037342,0.447062112528929,0.654830213733116,0.880484135440424
CST3,1583.11833770439,-0.100356659283977,0.224550479596522,-0.446922489162796,0.654931025606851,0.880484135440424
CPA4,256.684540525584,0.0792322177455579,0.177131346480326,0.447307714416083,0.654652897750761,0.880484135440424
SDC4,37.6411207291359,0.264897060208022,0.596254208530589,0.4442686632952,0.656848354519002,0.880897438034342
RNF26,38.6555643378119,-0.191215292524597,0.43166896088259,-0.442967435355182,0.65778928924516,0.881480089075864
BTD,189.805324198212,-0.0782068860590192,0.176631446021911,-0.442768758453791,0.657933002850093,0.881480089075864
PLCD1,310.231830594184,-0.117304287590735,0.26521246523691,-0.442303070053473,0.658269909660122,0.881687012955089
SCN1B,303.941767057613,0.169201670458524,0.387321577277077,0.436850618155681,0.66221968674876,0.883129590239955
RTN2,459.607005789833,-0.11781058486258,0.269615957263473,-0.436957018636154,0.66214251941217,0.883129590239955
TPRN,23.557235372191,0.204234181061018,0.470958246276617,0.433656662083503,0.664537781762639,0.884054588708853
LINC00629,12.1532629986988,-0.264375790155126,0.61281411268659,-0.431412698699279,0.666168318133008,0.884810533889592
RAB30,84.070921300679,-0.216207406617327,0.505179461541235,-0.42798138696634,0.668664671691583,0.886145583305481
LZTS1,137.349933892301,-0.193629521806499,0.454783975776521,-0.425761531012359,0.670281620895596,0.886344216212245
NFKB1,4820.25920112439,-0.104072551714982,0.246779973584387,-0.421722031181732,0.673227921706338,0.887853554687533
SPTBN1,1049.19087976543,-0.117045676808286,0.278995541374232,-0.419525259191458,0.67483229845427,0.888428049321908
S100P,4381.87718459752,0.0879065476037694,0.209924399568615,0.418753359706701,0.675396394249618,0.8886700571241
NIPSNAP3A,40.7408004659691,0.201566061346303,0.482469200323403,0.41778016339943,0.676107855453889,0.889057089179424
TEDDM1,138.609643145373,0.13664099633039,0.329099729973522,0.415196318579125,0.677998193588074,0.890208404734896
CHRNB2,71.7958202880808,0.182971914624191,0.440831850670768,0.415060559589288,0.678097570917786,0.890246647450256
AIFM2,60.5624216715615,0.10485149978869,0.254841874023538,0.411437485265884,0.680751772116302,0.890981690062481
IRF5,191.484914527165,0.162815738140486,0.396307000257993,0.410832354801944,0.681195466833071,0.890981690062481
ZNF529-AS1,25.3429021016499,0.235797974457858,0.57560023439415,0.409655799925182,0.682058457907934,0.891271472982431
EXOC2,187.944338379069,-0.0724901734379823,0.177195577474769,-0.409096967718082,0.682468501463283,0.891271472982431
ABCB1,34.8990690194913,-0.297367196949046,0.728270313980216,-0.408319810983157,0.683038896632931,0.891411487309609
PLEKHF2,1967.4063817344,-0.124460390029483,0.308488997698067,-0.403451633472187,0.686616008923394,0.893333173503299
DPYD,2308.48612109497,0.0567992891529285,0.142951379002177,0.39733292221031,0.6911219728919,0.894223065679833
SBK1,72.7295221724537,-0.169693574369921,0.427559086669469,-0.396889177801769,0.691449185058383,0.894223065679833
TYW5,459.66261618114,0.0804857141258246,0.203941807930925,0.394650390434339,0.69310091960426,0.894918951188531
SLC45A3,24.7282533842158,0.276962166713903,0.702296502155129,0.394366433356841,0.69331052219068,0.895025953724862
FBXL15,48.0757402669022,-0.142529714277534,0.362420937053909,-0.3932711929839,0.694119192344578,0.895228927640815
NSFP1,41.8493583154425,-0.133714990938796,0.341329391203104,-0.391747661891884,0.695244669932021,0.895507321013666
MLX,1198.03803503007,0.0714880970844932,0.183391084036934,0.389812282641265,0.696675360617042,0.896498373706269
CKAP2L,134.891326039736,0.133307713866767,0.343016474587075,0.388633560610297,0.697547236835773,0.89684644736028
LRRC28,81.7378016976315,-0.0980414915477793,0.254735245527207,-0.384876036077654,0.700329261284491,0.898431541519876
SYP,25.0626324048374,-0.206872779637531,0.54033067339382,-0.382863290618247,0.701821131087376,0.899085862718499
GPATCH4,24.2860447674878,0.235308742571583,0.615279472150271,0.38244204986919,0.702133505225097,0.899408775418473
UBA6-AS1,33.4303916853133,0.126454505535909,0.333244246659234,0.379464932414026,0.704342640334901,0.900777013387179
FRG1JP,90.4926159403052,0.0919526870830501,0.243058017324461,0.378315795114471,0.705196013061644,0.900985315662709
KCNH4,12.2942232165563,-0.338294061807185,0.897334543263594,-0.376998817605766,0.706174483611155,0.90153942073299
RPH3A,141.971632317179,0.165869607673476,0.441594282470682,0.375615387829412,0.707202849289604,0.901880906416893
UPB1,95.6267020848429,0.147704128769926,0.393325019890657,0.375526908537339,0.707268638137569,0.901880906416893
PYCARD,1355.69873625794,-0.0514708981687693,0.141203885777195,-0.364514743241451,0.715473666475237,0.906909550536716
CASZ1,503.360820565327,-0.0677124928170514,0.186161910260411,-0.363729039535167,0.716060356143871,0.907119273799995
LOC101928269,35.5119722208562,0.144064585904541,0.397043247605397,0.362843561182333,0.716721749107337,0.907165545532407
WFIKKN1,26.7398880958337,0.15182058530975,0.421056777718221,0.360570339545398,0.718420665360964,0.907565070811353
ROBO3,10.0957265926479,0.388371680459987,1.08155867183002,0.359085170851485,0.719531374777353,0.908199017524728
CD151,97.987345425995,-0.128577991137821,0.363013543779746,-0.354196126676292,0.723191906151596,0.909949413787626
CNR2,84.2150784019143,-0.226582903826504,0.6417384999785,-0.353076687520064,0.724030949467342,0.909981537645406
NPPA-AS1,17.0109954131844,-0.174746904012532,0.496510403445645,-0.351950135988766,0.72487565852005,0.910168451251116
LOC101927051,9.94931752114146,-0.24188025259393,0.690631575227116,-0.3502305154733,0.726165707216516,0.910408507080278
TRIP10,71.2478465309867,-0.22841113584579,0.655695818282904,-0.348349233710136,0.727577923274704,0.910575015812173
TRAF1,2738.79751829515,-0.211982043503739,0.607827894541938,-0.348753397807599,0.727274452409808,0.910575015812173
AGBL5,63.8901136869855,-0.110486746173605,0.321348430946936,-0.34382226746223,0.730979953011989,0.912093769837283
KIAA1024,58.4520554515231,0.435293108351288,1.27215780417887,0.342169113706969,0.732223627575753,0.912556489891125
RFT1,547.111403377074,0.0476052699581091,0.140986113772347,0.337659282069284,0.735619962506958,0.914063287723562
PTGER2,142.478167993868,0.113091711964998,0.33610674610792,0.336475578888517,0.736512264347286,0.914412091776678
LOC100996342,10.5573996581514,0.226241755181138,0.674286254355186,0.335527758010567,0.737227009172114,0.914638944610091
DNAAF1,14.4499292886418,0.390538965323712,1.18894671044338,0.328474743143091,0.742552737908352,0.916750893593205
VILL,342.329267700989,0.232172209622769,0.712768795414448,0.32573284789743,0.744626489433313,0.91797178750667
TMEM158,17.983872041518,0.212631079304502,0.65791516094742,0.323189207250227,0.746551954068246,0.918288460163292
LYPD3,142.269553546411,-0.190028624295936,0.588580388385742,-0.322859252611379,0.746801836742247,0.918444317279987
STX2,274.065569294844,0.082972824702879,0.26030837900647,0.318748190202578,0.749917468647584,0.919278913569781
SNX11,1055.34761636304,-0.0439295193986941,0.139049164551684,-0.315927963611502,0.752057186241713,0.920320975529808
RALGAPA1,300.459732043606,-0.0659479134294614,0.209345486608377,-0.315019513904449,0.752746837677583,0.920391782114607
IPO7,463.769885736946,0.0934616327010759,0.297720361843968,0.313924221112086,0.753578593837947,0.92055353619801
ZNF704,10.2304793625127,0.224573762929969,0.716747511155974,0.313323394130487,0.754034978356366,0.92074065930655
DAB2IP,9.7056609467143,-0.327620420805285,1.06704957292582,-0.307033927118269,0.758817548497066,0.922850526788562
SPOCK2,1613.64723854075,-0.118833589163017,0.392045211038651,-0.30311195193072,0.761804546044497,0.924017177320991
NCR3LG1,498.075482602656,0.208244869284545,0.691033389837504,0.301352832362433,0.763145457749338,0.924428790060834
HOXB2,8.70238111154409,0.298545590171801,0.998368106666605,0.299033581079225,0.7649144231806,0.924659160730531
GRAMD3,13.0065590163389,0.286375817990256,0.956802033578036,0.299305193697521,0.764707192134179,0.924659160730531
MTA3,25.5503502368196,-0.17799523677151,0.595802579283247,-0.298748684481424,0.765131807531552,0.924686877012941
DMXL1,701.393811614057,-0.0443628588707596,0.150307083260801,-0.295148158745018,0.76788070207035,0.925590438892267
RRAS,16.7330441586834,0.169160623803092,0.575685129743862,0.29384226734909,0.768878435379996,0.926204280322203
RABEPK,171.791917143937,-0.0767284009753456,0.264948664804254,-0.289597235872213,0.772124381884274,0.927034128253778
LOC101928254,62.5215676981246,0.105530624925041,0.364825427262987,0.289263349094821,0.77237985716125,0.927266205912552
GTF2H4,9.23764922264621,-0.234633459163925,0.824639397251664,-0.284528558720217,0.776005351325374,0.929293888436453
ZNF614,34.962585100213,-0.109957187879242,0.388533975685401,-0.28300533482373,0.777172747517221,0.929443653953956
SERPINB6,238.562615966932,-0.0745162524851731,0.263394093742823,-0.282907833757011,0.777247489335465,0.929443653953956
MACF1,2580.96669740558,-0.0463223812908154,0.164493446819736,-0.281606241381634,0.778245453893574,0.9300752966102
NDUFS7,104.233372747585,-0.0762738944820662,0.274118058356143,-0.27825198726225,0.780818929824412,0.931349563358352
LDHAL6A,163.031112156727,-0.0799363281896838,0.288604214147153,-0.276975609749503,0.781798834356496,0.931667478041207
RNF14,520.568775625653,0.0594661225647401,0.214994120627336,0.276594180302338,0.782091733872374,0.931767828280137
SCARB2,399.594119876066,-0.0408791691176698,0.148500483263405,-0.275279704276515,0.783101355979577,0.932108749439176
PTGES,169.817640207682,0.0917494802470362,0.336624167603262,0.272557614921963,0.78519329704883,0.932746544886586
CFAP44,62.8132642565733,0.0800765331509938,0.295786262898457,0.270724314125717,0.78660307493826,0.933271707514497
ADPRH,29.5852964890368,-0.141952588555133,0.528823455744166,-0.268430961246559,0.788367610078209,0.933385691417619
TMEM9,40.3315398742214,-0.10797642697421,0.405578276963723,-0.266228329047979,0.790063366637899,0.934007525866342
SLC39A8,288.796118419503,0.0967619190336577,0.363149142568013,0.266452285552445,0.789890902050962,0.934007525866342
ESPL1,36.4778442774561,0.123741378104169,0.467357617306403,0.264768078066958,0.791188129520567,0.934127536857467
LINC01104,12.2975026006897,0.146569637978849,0.553318596458758,0.264891942755756,0.791092705443195,0.934127536857467
CLIC4,834.391719114508,-0.199675211378906,0.757045903153013,-0.26375575186033,0.791968132363342,0.934458482311458
STAMBPL1,32.4448570014711,-0.110083697007291,0.419271534926649,-0.262559434249572,0.792890170045325,0.934805009788231
TULP3,31.2575803163284,-0.121224278115264,0.468424165896467,-0.258791682711897,0.795795975558893,0.935517652187808
AHSA2,568.261099828933,-0.0351632958185249,0.136502015216238,-0.257602759657587,0.796713499680205,0.935836296154086
OSTF1,4038.45165844797,0.0428656876752632,0.170104947652804,0.251995537265354,0.801044513265627,0.937591735893723
AP1M2,48.1000460938865,-0.135506898153637,0.546988101652934,-0.247732807613459,0.804341146130555,0.937746544535123
ACOT2,8.69282003495604,0.212066967755382,0.873656370163267,0.242734987115989,0.808210702061281,0.939353612332622
ASAP1-IT1,10.1847329230498,-0.171837837071108,0.719441832210326,-0.238848826100609,0.811222807960033,0.939903203541354
USP29,30.3802322801271,-0.0994704254646985,0.418260595096367,-0.237819260601828,0.812021279395252,0.940059324668024
REPIN1,908.150916455355,-0.0844447352876847,0.355539839889358,-0.237511316070693,0.812260141381569,0.940062550648535
C12orf76,38.8284992798441,0.0756832974315988,0.322857876844241,0.234416760004004,0.814661448488879,0.940911259395497
PTGIR,17.3718457825782,0.169575107842084,0.729206748782892,0.232547364825023,0.816112903512405,0.94156674377847
IGF2BP3,22.9488633989851,-0.102926154901562,0.451945873631034,-0.22774000363059,0.819848371105719,0.943170278568494
LRPPRC,209.036213311824,-0.0650925437515166,0.286525019278373,-0.227179266632475,0.820284349060071,0.94334127351623
RPL3,2367.09115444416,-0.0681760550848257,0.300040155296533,-0.227223102912497,0.82025026396331,0.94334127351623
LOC101929631,23.3121972535723,0.120324505958998,0.547740351135442,0.219674350647292,0.826124781948283,0.944464867491131
ZNF827,31.5896812063057,-0.150159784359658,0.692622773786252,-0.216798797329177,0.82836514926326,0.944676202819629
MRPL14,26.6144149457408,-0.125303012137382,0.581162178049458,-0.215607651134376,0.829293591330909,0.944930877713772
XRCC4,220.291883575138,0.044921400401779,0.208630776595863,0.215315310304365,0.829521493662458,0.945056626963985
GUCY1A3,12.0529660761986,-0.158334478479125,0.750182103659496,-0.211061391236537,0.832839366887582,0.94617285694396
ASAP1,18959.9946408382,0.0403526057055139,0.191434976598607,0.210790140978905,0.833051032061887,0.946320082353666
ZNF688,70.8167707504058,0.067486268818389,0.323282003149294,0.208753559310332,0.834640626824241,0.946569759394389
TOB2,1404.34735422035,0.0359491110213805,0.173991437566732,0.20661425369046,0.836311127624825,0.946826292807364
IARS,70.0389649264694,-0.0971809212062493,0.475141104643725,-0.204530654697026,0.837938839288201,0.947398173639495
ETV3,675.529671606555,0.0485731873084371,0.239358113945281,0.202931024596648,0.83918894464463,0.947805568879534
TRIM52,157.798833552118,0.0380719154767423,0.192300658775277,0.197981201516492,0.843059771629681,0.949444976160204
HYAL4,98.3619197913318,0.0636664679385747,0.328346610508009,0.193900183224282,0.84625404022921,0.951389860681358
PRKCI,193.296387541443,-0.0352345217744278,0.185852277131373,-0.189583481667656,0.849635532175705,0.952354600183974
ASPH,1558.5185081913,-0.0451206076665305,0.239521949924467,-0.188377756947784,0.850580534931928,0.952448379444349
COPZ1,756.44747178868,-0.0728226915662536,0.389573492026082,-0.186929277932951,0.851716083316333,0.952810256134572
GRAMD1A,7243.12364259624,-0.0495838468163122,0.265519057109862,-0.1867430811032,0.851862076379149,0.952810256134572
LOC100996291,431.512980730999,0.0393773686820768,0.212860284805362,0.184991618883171,0.853235609281544,0.953702791276845
RAB15,128.122023920762,0.0372085254706357,0.206477567858876,0.180206139855673,0.856990738435169,0.954818730050913
PLK3,7544.65759462708,0.0500091491365193,0.280408876076862,0.178343673838668,0.858453081789968,0.955104863864872
LYG1,12.2392469890243,-0.101776092871667,0.571200815596662,-0.178179179883268,0.858582260126366,0.955104863864872
LINC00528,2585.59777442071,-0.0333494825659079,0.187274276431599,-0.178078288173703,0.858661493015789,0.955104863864872
PLBD2,32.8746428865892,0.0871214768913681,0.502866054777503,0.173249866567183,0.862455028374448,0.956124876460611
CLUHP3,15.9774740049917,-0.135079203309166,0.787208361914268,-0.171592693681114,0.863757751853855,0.956407762256299
GLOD4,44.3465284693505,-0.0734620804447901,0.428866264498029,-0.171293679466196,0.863992850071539,0.956407762256299
ZBTB42,21.057851197239,-0.0888067754427963,0.533520017281828,-0.166454439507721,0.867799334916748,0.957154917846519
PMEPA1,61.1635367667055,-0.0725215968178433,0.43648622771655,-0.166148648485968,0.868039970208489,0.957154917846519
HIBADH,47.0556179904477,0.0526041185482449,0.32708045230568,0.160829294986674,0.872227851514797,0.95838703162555
GAR1,50.2708683840216,-0.0600950316932245,0.377389833186698,-0.159238607955544,0.873480887167988,0.958644474545937
HPN,74.6043006746448,-0.108438717646605,0.686286755740022,-0.158007883351437,0.874450586738828,0.958822961774861
TPRA1,212.089460439348,-0.0519232915457986,0.332111779784428,-0.156342818009953,0.875762807390562,0.959176552832914
C18orf25,1898.01123712209,-0.0216031207946428,0.138541919741025,-0.155932015631263,0.876086609145954,0.959254856728452
LOC100129138,42.0839935012455,0.0470804711745303,0.309441203444241,0.152146742743049,0.879071197942971,0.960471062401198
DERL3,19.3351611258317,0.131022725461463,0.858566084162658,0.152606453805181,0.878708635218905,0.960471062401198
EP400NL,22.9030627471252,0.0818948317096445,0.557920624997021,0.146785811530237,0.883301084129131,0.961526507228392
TBC1D4,113.600035055859,-0.0749595927595057,0.514769980411406,-0.145617645962179,0.884223237011458,0.961526507228392
NBN,13152.6717777641,0.0456256181957003,0.317333299591142,0.143778223887897,0.885675599009626,0.961846796390224
RHOB,4348.71856547702,0.0489643745082358,0.344353604987181,0.142192135639348,0.8869282435236,0.962358106254783
C2orf48,56.7832429333781,0.0435182264388483,0.309161635405889,0.14076205277448,0.888057922013251,0.962541448577921
LOC101929767,118.437173782287,0.0411822999258709,0.300060283141666,0.137246754201147,0.890835756033463,0.963638868897844
LOC101927730,90.9816309265675,-0.0531501160053342,0.387878778450244,-0.137027646157116,0.891008942750109,0.963638868897844
GPANK1,435.663816470585,0.0289404158946994,0.212036084351707,0.136488164187637,0.8914353806006,0.963820476393587
FAM13B,2550.78311359252,0.0290604568788864,0.214014494740357,0.135787330265376,0.89198940727131,0.964000147158275
LINC01138,410.053031973608,-0.0214395191670247,0.159010687945604,-0.134830679899699,0.892745748267064,0.96418868365489
LINC00563,53.6261329828223,-0.0395036351339864,0.299784954528086,-0.131773241242784,0.895163652350455,0.965611251175575
DBF4B,58.0913053446593,0.0342384489921931,0.264340578622652,0.129523999571283,0.896943035988664,0.966207309034191
GPATCH2,145.836646756139,-0.0307665665997227,0.239724316215865,-0.128341451069228,0.897878763115007,0.96629603493698
NDUFA11,228.449050527997,0.0247649167093974,0.197717586248427,0.125253990701065,0.900322475350672,0.967896729011758
UMAD1,374.055045107107,-0.0169733993813514,0.135726693244696,-0.125055720253575,0.900479438140837,0.967984564333187
TMEM53,194.678859063956,-0.03589945276119,0.288588534419148,-0.124396670274673,0.901001209608074,0.968126741039355
ZNF350-AS1,25.6620615870523,-0.0612204342622182,0.49104354378944,-0.124674145575305,0.900781526512595,0.968126741039355
SNORD14B,9.07768717087096,0.0980369042775382,0.791858241344559,0.123806129883896,0.901468778213984,0.968151330443917
AZIN1,6846.11224278712,0.0388609962167031,0.314958565840165,0.12338447158292,0.901802652994349,0.968151330443917
ZMYND10,23.5663773245006,0.0515814472649151,0.420834932548819,0.12256930990141,0.902448158305389,0.968216502504192
FBXO34,1358.65813348712,-0.0168825300064375,0.14311663185272,-0.117963438545781,0.906096627376765,0.969549412191109
XIST,816.190917842475,-0.136092724726197,1.18024481674807,-0.115308894218382,0.908200288822177,0.969994984625686
OXCT1,54.6591340057729,0.0555469878607974,0.490206927182817,0.11331334744701,0.909782135663095,0.970270997230807
RELB,3002.84533450778,0.0256087543490768,0.231153638087233,0.110786724193424,0.911785473100141,0.970715013650368
UGT2B28,12.8115427850348,-0.114551950543915,1.04285507849392,-0.109844553578192,0.912532656162946,0.970813842510946
APPL1,520.311859192524,0.0172441519282734,0.158896015356238,0.108524759979743,0.913579440878618,0.970989126449755
GJB2,47.8517618108966,-0.055612935161444,0.523484006898701,-0.106236168495221,0.915394974999054,0.97155257719457
RPLP2,940.238961418781,-0.0313285176350463,0.297069261221143,-0.105458631116078,0.916011894474386,0.971930656869194
DMWD,100.348930255795,0.0485698133598151,0.460545380224527,0.105461514641915,0.916009606512242,0.971930656869194
NFE2L1,1517.64204637369,-0.0159083310217471,0.151898178906931,-0.104730228737596,0.916589874794064,0.97214374915458
MASP2,64.6960758437724,0.0303108224277158,0.291458535451009,0.103997031278608,0.917171704493278,0.972331103227998
SMTNL1,97.3100483947661,-0.0433258079220479,0.417088662166566,-0.103876733778837,0.91726717095966,0.972363187412668
BOD1,50.7856638532065,0.0521723025677154,0.506508391242154,0.103003826727863,0.917959933821213,0.972513448181214
PTPN12,11057.1464355916,-0.0188418922683921,0.183443738519994,-0.102712103560506,0.918191467202541,0.972513448181214
LINC01314,14.7307134809113,0.0626525718525512,0.620599487812919,0.100954920335735,0.919586245637209,0.973053992991311
DANCR,21.9204516976555,0.0612698820438013,0.613552428093883,0.0998608745370754,0.92045477862778,0.973341144752166
C1orf186,37.55345775605,-0.0335123184149062,0.340241518593552,-0.0984956761110027,0.921538705229866,0.973638449244987
LOC100130744,210.833664049458,0.0323203576120042,0.334773549127266,0.09654394051221,0.92308857740677,0.974437745615335
LINC01191,18.1453944143574,0.0447827630163633,0.478033749226416,0.0936811743707083,0.925362425176898,0.975811755527017
ZNF561,240.107683047675,-0.013663929036057,0.146758175796914,-0.0931050618601675,0.925820096123552,0.97591141632094
TESPA1,235.998759221932,-0.0397136723469296,0.45032725638182,-0.0881884713486174,0.92972688014677,0.977465129197822
LPAL2,299.756582368429,-0.0152327059106,0.17993292481594,-0.0846576907821741,0.932533533026799,0.977833402094853
LRP4-AS1,16.8039060567301,0.0421212780139332,0.512458626034831,0.0821944950753357,0.934492050928356,0.977970523192602
NBPF20,7353.21927190245,-0.0186738646609801,0.229267949496563,-0.0814499571439663,0.935084120996173,0.978146181230366
LOC101927815,17.0469640169058,0.0432965545723324,0.532398523043229,0.0813235812992983,0.935184620933585,0.978146181230366
FAM96B,137.355593401626,0.0179765873581129,0.225940458523427,0.0795633835373889,0.93658451855953,0.978238193393911
SUPT7L,286.569843007304,0.0149059667345937,0.188318353798811,0.0791530216460919,0.936910910591294,0.978374635188472
HIST1H2BC,1177.68080642959,0.0155772361176958,0.203146467152712,0.076679827791373,0.93887825237536,0.97916155761452
IFIH1,3224.31346208029,-0.0178546831394309,0.248933366219582,-0.0717247487172187,0.942820960254753,0.980904770495265
MADCAM1,74.6135056630822,-0.0422565423074311,0.600006295246445,-0.0704268315886166,0.943853935746291,0.981190646823072
PPAPDC2,63.8369066629403,-0.0239714215393402,0.350612461415099,-0.0683701356266393,0.945490994502586,0.98176859096556
KCNK5,60.4077759396654,-0.033390149553639,0.501245649414524,-0.066614342872881,0.946888727148029,0.982161779269921
TTYH3,571.972612264221,0.0122933073554833,0.185523327598351,0.0662628657787858,0.947168547036611,0.982177643468845
NFKBIB,1772.71045965122,0.0112312638835064,0.170641198173859,0.0658180088026773,0.947522718373293,0.982214100009941
PIK3R3,48.8556814568164,-0.038826009429708,0.611411810013195,-0.0635022235322379,0.9493665886969,0.983324441206295
NKPD1,116.457938095144,0.0191089265959317,0.30476830353216,0.0626998489490731,0.950005517679832,0.983378595788912
RASGEF1B,175.700981649748,-0.0276151176326182,0.458221520614734,-0.0602658679050489,0.951943885980516,0.984216526041835
CTSH,248.023631391256,0.0160695637378775,0.268840712354938,0.0597735499103335,0.95233599201251,0.984417179516363
NEO1,37.1969068985091,0.0305982163196471,0.534903054515195,0.0572032933096251,0.95438325477653,0.985440523331883
NF1,1702.54833171646,-0.0064494701224949,0.112268964572341,-0.0574465984171363,0.954189444095346,0.985440523331883
ADAL,13.4610769734438,0.0342145193712958,0.609223584575089,0.0561608582424779,0.955213662521687,0.98582016257342
TICAM1,1473.31005256008,-0.0132822835887549,0.239337932104216,-0.055495940288192,0.955743364148605,0.98602565130046
CTDP1,1405.44867340251,0.006555039645331,0.125016847034346,0.0524332504044853,0.958183480554921,0.986678424192128
LOC105373609,159.09667722348,0.0096642568105404,0.185049977057233,0.0522251175829733,0.95834931930226,0.986678424192128
C8orf49,97.4489057020603,0.0153028422584174,0.314484821318562,0.0486600345105881,0.961190225963655,0.987272792443309
DCK,294.333462553096,0.0102544278990804,0.212134991100133,0.0483391629353596,0.961445943510685,0.987365241559567
RPL36,346.729912287241,-0.0123993201148339,0.265521509948689,-0.0466979873578982,0.962753934453374,0.987519734816917
HLA-DOB,34.7238758463004,0.0180846003415848,0.403174431606035,0.0448555238722488,0.964222467944262,0.988142500305991
IL17C,15.8736334496074,0.0372412754664517,0.86597847049008,0.0430048514316711,0.965697666549976,0.988153940348552
LGALS9B,124.784569537375,-0.0107080431362943,0.262442131587143,-0.0408015400253627,0.967454111620164,0.988153940348552
UBXN8,12.6369563841208,0.0270376451377196,0.609769360598918,0.0443407735527464,0.964632771024008,0.988153940348552
ORM2,353.791861409215,0.0149218916895661,0.356885881069365,0.0418113813997194,0.966649061903376,0.988153940348552
C5orf42,38.394919117017,-0.019883032596228,0.529993787286027,-0.0375155956035718,0.970073905406765,0.988771249492932
BMP6,404.945848304514,0.0117422537409521,0.316062461339048,0.0371516873316882,0.970364059917581,0.988998558448144
SLC25A27,16.1936380290058,-0.0215962600830119,0.58439178743301,-0.036955105371818,0.970520801991258,0.989023966112863
FXR2,439.448399052237,-0.0054949914465213,0.173634804901,-0.0316468316916896,0.974753695786528,0.991373988082623
FAM184B,118.376350654183,-0.0088054743393895,0.290892824602011,-0.0302705106302877,0.975851314898825,0.99218967495987
NBPF8,1816.97317811089,0.0072549056755275,0.241905588224438,0.0299906493635713,0.976074510544688,0.992263545770262
SC5D,561.835309030672,0.007976100255709,0.266614127024529,0.0299162701718925,0.976133829936422,0.992263545770262
CD8B,38.3740603367939,0.0199926987667075,0.682375284248055,0.0292986853835693,0.976626375365533,0.992375022248752
GPHN,12.7251864267354,-0.0197151061314977,0.756451991232977,-0.0260626006144331,0.979207407308492,0.993274843885567
SEC24A,1531.42323746146,0.006269118105433,0.243163155932849,0.0257815296128345,0.979431594186191,0.993274843885567
DUSP3,654.736637647987,-0.006733593556878,0.271171821851849,-0.0248314648288082,0.980189393487322,0.993599062790142
LOC100996447,125.389134237503,0.0078164035658068,0.333626094020258,0.0234286337486905,0.981308364842685,0.993919350043441
RPL27A,2284.81177305612,-0.0046549477208795,0.204316645148812,-0.0227830078038386,0.981823362315688,0.994088655184592
GBAT2,8.23138968298978,-0.0231511810492349,1.03811343924286,-0.0223012054117323,0.982207687342863,0.994195191822194
MRPS16,253.56624674727,-0.0027641452506186,0.145999032861171,-0.0189326271308048,0.984894851514856,0.994710239458767
IL24,10.4692450084275,0.0104820392475093,0.911235883427395,0.0115031019279922,0.990822054977112,0.996703494494008
ZNF451,790.98396904118,-0.0015886712243362,0.143504847065818,-0.0110705056785127,0.991167194858222,0.996799163239507
SAMHD1,1289.96389432107,0.0015942729998048,0.205702269092147,0.0077503909258807,0.993816144649329,0.99771831218808
TMEM223,23.0186006109857,0.0025778734463328,0.500482106983885,0.0051507804382222,0.995890289984402,0.998367295949005
BIRC3,8767.14204618856,-0.0013903778052175,0.319976399896941,-0.0043452511049732,0.996533002140718,0.998505214372299
ABCF1,1503.47807776937,0.0007841885388786,0.219349860635769,0.0035750582954815,0.997147522258339,0.998754852538022
WHAMMP2,134.747851181259,0.0004503981180117,0.254514686339711,0.0017696350827101,0.998588036226203,0.999325149928961
IRG1,51.8622331502944,0.0,2.63176578934196,0.0,1.0,1.0
MIR6728,3.87228966431467,4.57751620120752,1.52574360067964,3.00018705578609,0.0026981385226151,
HCRTR1,6.52018820124063,2.34714281496862,0.945720196902518,2.48185755433386,0.013069951120498,
MIR3605,8.11496789668288,-1.37048449016335,1.00112747491653,-1.36894104347462,0.171017704707949,
RNVU1-19,3.08012020997477,1.82295985991616,1.36942277516754,1.33118850728412,0.183126992021229,
TCHH,7.09284761402733,5.46492254728934,1.18849211221987,4.59819841553844,4.26160041270667e-06,
RUSC1-AS1,3.3372959743017,3.28091367914234,1.38089235196102,2.37593732377697,0.0175044358283292,
IQGAP3,4.21534439056903,-0.689329652213074,1.32007662338152,-0.522189121452119,0.601538659544333,
OR6K3,3.23419999376924,-0.527503761878734,1.34226247666211,-0.392995983312079,0.694322448063572,
MIR4260,7.58512405177677,1.37196177955492,0.972992319133367,1.41004379230548,0.158526752445061,
LYPLAL1-AS1,2.85292792638344,0.904660809593128,1.71603257982346,0.52718160495892,0.598067481562966,
CYP26A1,5.84784266388896,2.05380264793537,1.18579263973158,1.73200826107359,0.0832720915849745,
KCNQ1-AS1,4.11494834312079,1.23920634911188,1.31922389765498,0.939344982542133,0.34755365046118,
OR52W1,5.40615815634443,1.33920170452976,1.06452264435987,1.25803026513829,0.208380811014388,
RAB3IL1,6.02797825222486,-1.63260165201423,1.03688429905893,-1.57452635120038,0.1153658144014,
LOC283214,3.0576986534605,1.38425406874939,1.33119604462865,1.03985740818179,0.298406152878613,
MMP19,6.37649448581193,0.851032067530523,1.32321770459673,0.643153476993333,0.52012451748008,
MIRLET7I,4.26592628827698,1.49387646896885,1.87008794583367,0.798826853195342,0.424390817505325,
LINC00648,7.05097127798724,0.881614432160954,0.74838754176054,1.17801858391042,0.238789197552491,
MIR4308,5.96896197220274,-0.0889607461434957,1.73754895159501,-0.051198986976357,0.959166959063525,
SLC25A47,5.19251191883057,0.79288211530011,0.999192611559027,0.793522796433599,0.427473292971264,
EXOC3L4,5.81994862491409,0.801324118590867,1.35124915909712,0.593024693629632,0.553164626466352,
GOLGA6L2,5.0925501594275,-2.80440578859029,1.07909844694469,-2.59884146486408,0.0093538961831138,
MIR628,5.70953941491525,-1.99186274075041,0.937912317644705,-2.12371956661407,0.0336936002385585,
TMEM114,2.33599828046781,1.90950069378686,1.61655847475616,1.18121349991678,0.237517919660064,
DNAH3,5.07292594397899,2.67716009575968,0.920884599269743,2.90716132931602,0.0036472504245806,
COX6A2,4.18638207765775,3.62144809687212,1.28143711008981,2.82608336246662,0.0047120999214649,
MT1G,7.73215343405576,-0.243293470542767,0.881203223582155,-0.276092351947785,0.782477134727708,
MT1H,2.34344731086513,1.14009529348276,1.87769673388759,0.607177545184471,0.54373309245167,
MT1IP,2.41820437433885,2.27142640815283,1.48421780560515,1.53038617349474,0.125921169345687,
SLC9A5,4.06554056251906,2.35889315861182,1.59631761180601,1.47770916086246,0.139485641322353,
LOC100506281,5.02208317707379,2.31985016543837,0.98819679064638,2.34755889454058,0.0188968854386311,
MIR6775,8.00516385306371,-0.950517533881499,1.10256848678975,-0.862093870149538,0.388635864297818,
SLC35G6,4.69555844287498,3.68692268923814,1.28074159531649,2.87874049122848,0.0039926673085686,
SNORD3A,5.12105050722452,1.39212771107204,1.12585759137723,1.23650426282519,0.216271182175404,
TIAF1,8.11054542443594,1.34012308611361,0.842871901825286,1.58994870182705,0.111846368550273,
SLC35G3,6.32179055616791,2.32674765092849,1.35080870138017,1.72248494442712,0.0849817077908316,
MIR4734,3.95429373273823,1.07357541379362,1.60081775203695,0.670641871898008,0.502448701366119,
PCGF2,3.61789828848422,0.93751728258893,1.37272905743913,0.682958721903869,0.494632926228317,
SNORA21,8.13968209913781,0.0929851623345315,0.784999297650585,0.11845254207593,0.905709096216866,
CSF3,6.36972694849359,1.25127137742989,1.7881767273122,0.699747043073681,0.484085292021898,
WNK4,5.63012638348336,1.12626082939851,1.16534369084687,0.966462373499487,0.333812866062861,
RBFOX3,3.07440468187336,1.66056282975072,1.31698580481119,1.26088134259639,0.207351601173289,
ZNF812,6.8811544712995,1.39218096417956,1.10093803115308,1.26454071417757,0.206036016951675,
MIR4748,4.63824547385161,3.72267623086048,1.17171336467035,3.1771219336632,0.0014874448400444,
BEST2,2.95264661972715,1.28929786351013,1.28495196436454,1.00338214911227,0.315676513602198,
LOC729966,6.83722862479142,1.727516498607,1.29451265461422,1.33449178148191,0.182042738520034,
PRR19,7.40785321383435,4.08137384645032,1.21395463881943,3.36204806665548,0.0007736665494809,
KLK4,4.86243163374635,1.24818833754567,1.17023315713183,1.06661508430072,0.286145686110086,
MIR6807,7.02970432692397,0.869707386371844,0.973248194826965,0.893613151295359,0.371528907392907,
MATN3,5.07384023584046,1.27815392669685,1.49491496856095,0.855001089411285,0.392550544645841,
ATP6V1B1-AS1,5.37186578801728,0.240607743678398,0.872772416623191,0.275682112651227,0.782792235467949,
ANKRD53,5.81984516092151,0.0830323970007373,0.992616378274414,0.0836500372329969,0.933334682355291,
EGR4,2.89917687160553,0.647989042226154,1.84350758753062,0.35149789814217,0.725214849054669,
MIR3128,7.66509993913512,2.52976028484996,0.97291981036384,2.60017347565769,0.0093176644810433,
LOC100507140,2.4980276990103,2.599564453503,1.60877154349555,1.61586924135583,0.106122587106669,
LOC100130264,5.78841882594463,-0.233579251648645,0.833103265485273,-0.280372507617753,0.779191727266791,
LINC01431,8.14907832832464,2.22897371700568,0.921593319644587,2.41860880444021,0.0155799853639131,
FAM83C,2.33912382473685,1.528967779216,1.73739729214075,0.880033476587311,0.378841174617749,
MGC39584,5.8304799325312,5.55835806779232,1.60963727291849,3.45317430287524,0.0005540308882632,
MITF,7.14719512944813,0.341305224210203,1.00406316463231,0.339924056804922,0.733913719536519,
GXYLT2,6.39188125242853,1.22542698286464,1.38291584585074,0.886118259864748,0.375553804387277,
CAMK2N2,2.43510364165594,4.26795085431019,1.68337422845223,2.53535475485706,0.0112333501453694,
CXCL10,6.22709382208934,-2.11244976883888,1.31809150308913,-1.6026579064413,0.109010201668298,
PRSS12,6.08653082372937,2.76388739440783,0.915723381302175,3.01825578645544,0.0025423421924368,
HSPA4L,5.20102056038913,3.83051988232063,1.22242381628303,3.13354487314222,0.0017270850869453,
MIR4645,6.09858286038746,1.79265043251953,1.03197363431079,1.73710875250874,0.0823679767412382,
HCG4,3.74534923134797,-1.46863375440212,1.61083540136736,-0.911721801715721,0.361915184187868,
MIR877,2.63677500960054,1.18183342203599,1.68492387918123,0.701416507082975,0.483043123354817,
MIR6835,4.51698159188175,1.3479258111273,1.5612143328848,0.863382933870851,0.387926959464489,
MRAP2,4.78780138515144,2.40773262810436,1.25387081233156,1.92023979218975,0.0548276174790863,
SLC22A3,4.35284394521224,2.29669230008882,1.09634509447871,2.09486256805012,0.0361832111977738,
IL6,2.91726198994465,1.33016974573804,2.06524497456209,0.64407359035946,0.519527714929388,
LOC102723885,6.88015109307964,0.850905929402226,1.10846846950247,0.767641076686783,0.442700451533391,
DNAJC5B,3.52466278788376,5.40557061101462,1.5543244695903,3.47776202251996,0.0005056186057527,
MIR6847,4.18732835402341,4.97416293192142,1.35964627849365,3.65842426122204,0.0002537707104633,
FAM166A,7.546802714961,2.10211032553724,1.08094049647216,1.94470494203691,0.0518105004051933,
RS1,7.14761970108111,-0.938959577660523,0.866872342734236,-1.08315784386305,0.278738367735175,
