,baseMean,log2FoldChange,lfcSE,stat,pvalue,padj
IL1RN,231523.983057724,6.77322656926053,0.217402658748896,31.1552149740898,4.3107597642299597e-213,7.31622147185109e-209
NFKBIA,120420.404741468,3.8885106699615,0.136717600910623,28.441917090862,6.13453881972873e-178,5.205769642421801e-174
SOCS3,180976.923813598,7.39009670222414,0.273183032817964,27.0518144044054,3.63628079599671e-161,2.0571652556552e-157
OSM,59086.9221896857,4.76789598052209,0.181208737079706,26.3116230340753,1.4119043257313001e-152,5.9907100540779e-149
TNFAIP3,205719.242112942,5.31723248825636,0.214996565056926,24.7317090245068,4.87815027278442e-135,1.65583932859394e-131
KCNJ2,23889.3597738935,4.00697099145319,0.16384416684079,24.4559880813263,4.34586259942061e-132,1.22929966728944e-128
NFKBIZ,60696.3788881226,4.33637559041743,0.177549344925524,24.4234952949918,9.627895461305061e-132,2.33435202527528e-128
PRDM7,530.382954794414,4.61371096355701,0.191127031082175,24.1394999829895,9.62532479450973e-129,2.04201265515524e-125
LOC100130476,1308.97057161869,6.85335155130211,0.285642943954532,23.9927213199182,3.31247982194259e-127,6.24660083755663e-124
ZFP36,228125.826255964,5.61321508032727,0.236653205016744,23.719159349353,2.28747202666471e-124,3.88229752365535e-121
SLC35B2,2671.20660577994,4.73999309872672,0.206618813248404,22.9407623836662,1.82208878349215e-116,2.81131734849353e-113
ICAM1,130172.537358869,5.3261088720384,0.269978197494253,19.7279221858342,1.24170026774088e-86,1.7561780786748497e-83
LINC00309,318.64802540663,5.01521165771472,0.256469888983705,19.5547776683966,3.75639164635763e-85,4.9041137709216595e-82
HCAR2,117809.200137172,4.07678966035575,0.209099698284484,19.4968701236919,1.1670936403803999e-84,1.41485094746687e-81
LOC101929319,874.949602954654,4.32712654004166,0.228227788270207,18.9596830992316,3.67350740884648e-80,4.15645118286283e-77
LOC100506860,813.454961427778,4.52850808088048,0.244573598846577,18.5159318186312,1.53615535597337e-76,1.62947679384875e-73
HCAR3,167334.844333616,4.5855597100372,0.248654624616771,18.4414817021984,6.10452534391362e-76,6.094470831582471e-73
C1orf74,1148.97144874461,-4.77796511635379,0.26532695829623,-18.0078388831463,1.69102905512931e-72,1.5944525068697e-69
PPP1R15B,48111.8621047935,3.23741149113256,0.180220027720337,17.9636610430243,3.75222933187522e-72,3.3517282221361197e-69
CCL20,566.062382411689,7.53649452040406,0.426468138121317,17.6718817813774,6.90544806139519e-70,5.8599632248999603e-67
PPP1R15A,144358.502997098,4.28928213534532,0.243111833151795,17.6432470593365,1.14677821682502e-69,9.268152331406771e-67
PDE4B,210479.624635389,3.5749471267491,0.20373386885019,17.5471419991431,6.25493642486062e-69,4.82539913648793e-66
CHP2,898.541713455081,4.96689074097134,0.285491325779564,17.3976940539567,8.58916163367871e-68,6.33805440203457e-65
NFKBIE,4940.68103090202,3.53274655916803,0.212917841427857,16.5920645046791,7.95386182344285e-62,5.62470595281133e-59
MIR3945,675.164064272391,4.11393541837499,0.25266743380646,16.2820168646119,1.32431339019245e-59,8.99049874333852e-57
CDK2,916.013268288045,2.58739544805985,0.160982261838908,16.0725499723008,3.97396998237898e-58,2.5940853284975398e-55
IL1A,34313.2027487413,9.69183622482483,0.606748106361866,15.973409926136,1.9578355797258398e-57,1.23068094292989e-54
SYN2,452.727953784332,4.62714203530627,0.293115145593503,15.7860898860657,3.8789108113585196e-56,2.35117408179917e-53
GBP1,13018.7963839323,3.10083043109053,0.198236122083109,15.6421059820295,3.7608180537827496e-55,2.20098634513106e-52
EGR2,1914.71097773752,4.30995157335484,0.276857792960643,15.5673839889619,1.2126632013128001e-54,6.86043995089359e-52
TMEM52B,468.186433944265,3.47839007145143,0.225584572618271,15.4194501471405,1.2113129436193701e-53,6.63174299326063e-51
GBP1P1,390.249687571697,3.04994821451441,0.20098702631113,15.1748511856336,5.18953061387864e-52,2.7523972993358897e-49
CD83,7401.72560978144,2.59947500833534,0.172287835861813,15.0879776005794,1.94307267537164e-51,9.993281650426479e-49
CTDSPL,769.21222858693,5.71947860396754,0.379230233745377,15.0818107182027,2.13336946122678e-51,1.06492783811591e-48
ADPGK-AS1,556.93594075949,4.59185283472402,0.306480861396911,14.9825108615095,9.553835379824e-51,4.63279125903923e-48
PLEK,223262.454634321,3.31050977454877,0.223101335268443,14.8385923847809,8.24682867491951e-50,3.88792156307594e-47
RNF19B,29002.9127368249,2.12655372912869,0.146673309922569,14.4985732595203,1.23694249176464e-47,5.67388864060256e-45
NLRP3,10859.6528235257,4.5084233494041,0.312185581714812,14.4414848521821,2.8366449287485804e-47,1.2669352034400202e-44
ZNF155,421.560306466166,3.26053017635357,0.225914767916332,14.4325676733144,3.2283507627838203e-47,1.40491202938377e-44
TNFAIP6,12327.0548094162,3.41019912181522,0.237036915372993,14.3867849294657,6.2640895799000305e-47,2.6578532087515804e-44
JUNB,136756.825065914,3.37458874801077,0.234773061550457,14.3738328653414,7.55326647482213e-47,3.1266838685532e-44
CAMK1G,244.713544603637,7.66198112721378,0.535813580082886,14.2997143260694,2.1970959104343803e-46,8.878359950450531e-44
TRAF3IP3,2616.908844585,-2.30933288253036,0.161629482148117,-14.2878195972569,2.6064291368921503e-46,1.00537080253031e-43
LOC731424,23763.158620493,4.05176166567958,0.283563176136373,14.2887441200439,2.57206019365763e-46,1.00537080253031e-43
IL23A,304.13752688019,5.66961860876111,0.398825891832166,14.2157736618238,7.31386448187099e-46,2.7584646219180996e-43
GPR84,4472.9944522972,5.43485218503519,0.385525817706017,14.097245723708,3.94883178332143e-45,1.4569472397072e-42
IER3,28785.2244451232,3.6891895783238,0.262670953095171,14.0449087912173,8.277488665088591e-45,2.9890539919975196e-42
OR2B11,125.512056261326,5.93810722676302,0.43737952948077,13.5765549746061,5.5160503136125394e-42,1.9503834567215e-39
APLP1,653.994785581507,3.87829909895322,0.286074011561024,13.5569780623918,7.204351463557629e-42,2.49535210284694e-39
ENO3,74.0559652163927,4.54012386975207,0.339309376186109,13.3804845618585,7.86330604589564e-41,2.66912060421882e-38
LINC00528,2585.59777442071,2.4453506375625,0.183278299630264,13.3422813420662,1.31376616798356e-40,4.37200772608176e-38
CCL4L2,1657.62052069326,5.41094861086361,0.417502038209645,12.9602926828026,2.05462085940934e-38,6.579438721867049e-36
LSMEM1,2702.79300779519,-4.20367183793022,0.324341731783156,-12.9606258646379,2.04571576272009e-38,6.579438721867049e-36
FAM86EP,302.760844349394,-2.57384156191468,0.199603201475963,-12.894790979716,4.815670491772181e-38,1.51354739974736e-35
LINC01465,70.0055228297033,5.14613308503017,0.399584115380747,12.878722869468,5.93088476872661e-38,1.83016320536051e-35
ZNF226,277.024908620355,3.06871966447869,0.242846286992374,12.636469358805,1.3288829154469099e-36,4.02746443588659e-34
CXCL2,3829.7241238245,4.32425629147533,0.343574165252614,12.5860926949962,2.51833707975438e-36,7.4984591083493595e-34
HCG26,1009.03853123542,2.251021693813,0.185008833932303,12.1671038402235,4.65300580180712e-34,1.3615657666943201e-31
TMEM170B,6412.75448861501,-2.85962877738971,0.236217617054903,-12.1059081580907,9.82756530905294e-34,2.82700743093638e-31
KCNJ5,661.546665852044,1.9546371813846,0.162102788138451,12.0580108697153,1.75981916148855e-33,4.977941801463941e-31
PTX3,1315.71106386636,3.67435413664887,0.306025012415434,12.0067118293614,3.27614070009471e-33,9.115190157706141e-31
GPR132,5429.76988732179,2.21164117514819,0.186259490034779,11.8739784734471,1.6159594164239e-32,4.4235585831526495e-30
LINC01093,466.631376102185,4.38973766084821,0.370998492816194,11.8322250517148,2.65995852719373e-32,7.165843829132059e-30
CD274,994.839046016608,3.03184889946029,0.256384986041141,11.8253761512142,2.88607029359454e-32,7.65349765982603e-30
LINC01262,170.365218365883,4.77593056501386,0.40515153505031,11.7880105388736,4.50046655009429e-32,1.17510643520308e-29
WSB1,37461.3111942707,2.92920089801448,0.248938164709516,11.7667811258773,5.78915144073698e-32,1.48868906442709e-29
NXT1,531.577014973985,3.50280084441316,0.298587064853419,11.7312544873059,8.81425528200389e-32,2.23276926337567e-29
CCDC85B,173.593945617109,3.78458968912739,0.323283893478633,11.7067065989711,1.1776568264806802e-31,2.93929289103383e-29
CCL3L1,100.155993311176,6.5170217348247,0.558102746540659,11.6771002744921,1.66892124816583e-31,4.10506252519862e-29
VSIG1,749.006002241529,1.42757500553159,0.122971913455098,11.6089517144323,3.7113762438322604e-31,8.99849680147445e-29
LINC01136,2026.8766837795,2.57516674560872,0.223045782754083,11.5454626122564,7.782162861306851e-31,1.8602657476352098e-28
CXCL1,66641.5645888369,3.96104178160894,0.34660264791876,11.4281925005298,3.02336590286567e-30,7.1267452921439e-28
ICAM4,4035.6653661338,6.91501508183811,0.60555749324708,11.4192544208459,3.3509629652423495e-30,7.79075937617714e-28
LINC00536,277.007334460487,2.08519580097789,0.18266636371423,11.4153244121072,3.5059338904866e-30,8.04090675531602e-28
LINC01602,149.751550448229,3.39554210265388,0.299543067939164,11.3357392177859,8.7291924693229e-30,1.97535806119131e-27
SEC24B-AS1,282.2877427881,1.85950057386331,0.164607114733373,11.2965990375039,1.36398618919128e-29,3.04599652670453e-27
FFAR2,49406.8215835467,2.27662684746109,0.202251027206616,11.2564414574534,2.15277227554989e-29,4.74504559228997e-27
TNFSF14,6828.07700910427,-1.88211569231516,0.167332090007929,-11.2477869141895,2.37475863064296e-29,5.16723121529133e-27
FOSL1,2491.69841924894,3.6916304221817,0.328586934908309,11.2348667277713,2.74908376119014e-29,5.90600627783785e-27
SOD2,183589.552060456,1.70141597467208,0.151642095659102,11.2199450111593,3.25472763153331e-29,6.90490467029791e-27
LRG1,15172.721043659,2.32561414628306,0.207753770470908,11.1940887571459,4.3586041788775996e-29,9.132621002951929e-27
PSD,235.307307663061,3.65096283075796,0.326205778034819,11.1922077308154,4.45208239344269e-29,9.21472468067187e-27
LOC101929524,90.312535226531,3.4849570631886,0.313797779540288,11.1057416285547,1.1763668432554e-28,2.40545759803984e-26
LINC00927,102.723435750586,2.4192844324568,0.218305402381708,11.0821097694443,1.53218942054458e-28,3.09575224350983e-26
DLGAP1-AS2,992.636325850419,1.84289269076464,0.166367715245973,11.0772254583165,1.61809281286961e-28,3.2308554376497596e-26
LOC101928700,168.609684910039,3.73048189188536,0.337843703532277,11.0420346831444,2.39546419217537e-28,4.7274207290233e-26
BTG2,112132.688700058,2.42371626726904,0.219621334578648,11.0358871642367,2.56507407431977e-28,5.0039582976270297e-26
LINC00211,1308.41560208556,1.64602807618687,0.149353608350804,11.0210131135276,3.02633544843222e-28,5.83670059440814e-26
LOC101928674,412.312469082661,3.59068316724798,0.326088818073893,11.0113655183181,3.36858944083563e-28,6.42378651571487e-26
LOC101927780,624.864085803896,2.90145920975777,0.265231025893872,10.9393657849016,7.4720768174795e-28,1.40906764162513e-25
BCL2L15,843.010032633657,1.27351816452315,0.116428963056751,10.9381560316946,7.57243742350065e-28,1.4123011862819e-25
G0S2,115886.484809854,3.29597616621242,0.302487311631761,10.8962460224607,1.20111096449055e-27,2.2157886184058302e-25
KIAA1614,495.875590014106,1.61304931511292,0.148063284872377,10.89432344084,1.22674903745255e-27,2.23875103910158e-25
LOC100507144,152.389459728415,5.51057091589584,0.508619072515481,10.8343772651745,2.36569491413403e-27,4.2713376683705e-25
HCP5,8187.03740249456,1.66140048404148,0.154065732293126,10.7837119865207,4.10959866764136e-27,7.341906167074661e-25
PDE6A,608.506264765756,1.50531343621012,0.139810406860589,10.7668196524965,4.93763539141039e-27,8.729327902397611e-25
CCBE1,645.661135079952,1.78402072270127,0.166217833606629,10.7330283639921,7.12230598068126e-27,1.2461832691146601e-24
LINC01105,323.207381995043,1.41738640766275,0.132156650674932,10.7250478914536,7.76468403916116e-27,1.34471650523105e-24
LOC100506801,414.237563562101,1.8406040092107,0.171731521823831,10.7179159053797,8.38718822245935e-27,1.43785210617758e-24
PLSCR2,81.8044717956327,3.98848773538951,0.372260238656517,10.7142458990085,8.72655059730187e-27,1.4810701673740701e-24
ZNF501,270.294746818415,1.79172753881903,0.167955766590389,10.6678536569018,1.43912228006547e-26,2.41829537992783e-24
RHOH,6551.03110217803,5.7853771906161,0.542398241052407,10.6662904720908,1.46353110194828e-26,2.43520096688885e-24
CXCL3,323.392348988498,4.55949555081027,0.428448328288651,10.6418796614804,1.90252023969637e-26,3.1349100493327e-24
ATP8B1,241.734701688875,1.88510364186754,0.177878585728056,10.597698616457,3.05403109713065e-26,4.98394382504821e-24
MPV17L,248.511709574343,2.2614108867428,0.213650444773237,10.5846299039677,3.51165738822818e-26,5.67617611361988e-24
KCNJ2-AS1,778.629589057591,2.45559093883748,0.234746249948875,10.4606183884611,1.30997897685023e-25,2.07784702757964e-23
LUCAT1,12396.3332362913,1.71505193901084,0.164312769048201,10.437727688149,1.6675445990188302e-25,2.6205154569025502e-23
DUSP1,85939.5252733491,1.72756968487327,0.165700954567478,10.4258281998596,1.89005456433043e-25,2.9429363363133996e-23
PTCH2,118.645586452846,3.21961029371559,0.310551414397585,10.3673985834554,3.48893462689418e-25,5.383108953422541e-23
DUSP5,1194.39001201563,2.81839158861576,0.272258625716293,10.3518908949194,4.1030098862808204e-25,6.27353908017641e-23
CNTNAP2,784.303109405018,1.84520411555139,0.180398621380353,10.2284823544242,1.4781763025089001e-24,2.23996501840903e-22
CYB5D1,7322.80992355415,3.94597138526055,0.386208700438373,10.2171996145649,1.6606917926228002e-24,2.49427089419418e-22
ETS2,40818.3785611761,3.0192764958428,0.29592914478947,10.2027007106406,1.92834360160434e-24,2.84589979186339e-22
TNFRSF10D,978.683786026998,2.89186748519908,0.28342660588543,10.2032322483093,1.9178159172667202e-24,2.84589979186339e-22
ARL5B,11250.5583270816,3.04198279696378,0.300565386767381,10.1208686392026,4.46435761918088e-24,6.531817026960169e-22
LINC01366,699.067165989647,3.45382331311172,0.341672493360363,10.1085787712766,5.06131499873279e-24,7.341934885341279e-22
SERTAD1,1334.66029403045,2.55246532468571,0.252767321286065,10.0980827414672,5.63327307319002e-24,8.04079185147759e-22
PELO,363.853789569785,-2.69785429045313,0.267167104515962,-10.0980032528367,5.63784015039967e-24,8.04079185147759e-22
TCEANC2,843.469639410589,1.57709617064609,0.157267471147096,10.0281142638263,1.14685937929953e-23,1.6220414487893e-21
LOC81691,264.687117187795,4.54383403774545,0.456127397590364,9.96176520364633,2.24048795283021e-23,3.14260839135821e-21
LOC646736,188.258779568449,2.03703052347505,0.204880669268082,9.94252181404993,2.71856192903096e-23,3.78192074258306e-21
RFX5,1004.66681553511,1.17513380443677,0.119276669533241,9.85216814851859,6.708101954159051e-23,9.25608994845425e-21
DUSP2,3492.6903351267,3.28835518611972,0.334385175020388,9.83403401756438,8.0334834762858e-23,1.09955065773809e-20
TPRG1-AS1,100.214389179358,2.79258419244389,0.284264527731622,9.82389260710154,8.884509455118881e-23,1.20630315577822e-20
TMCC3,13188.4641584116,-1.95385946915069,0.199214256273197,-9.80782954845974,1.04185316745536e-22,1.40335967921051e-20
F3,663.466368854069,4.18958007481645,0.428354040679415,9.78064796160515,1.3633490059507e-22,1.8219495534641902e-20
NFKBIB,1772.71045965122,1.62627352019202,0.166993717081323,9.73853117719425,2.06517701816361e-22,2.73829565252131e-20
CLK1,10832.9413610524,-1.51890007489767,0.157157004616815,-9.6648576282113,4.25210739848026e-22,5.594323005194351e-20
ECHDC1,3470.68906697833,2.40834150929173,0.249757982201235,9.64270085811022,5.27806537184445e-22,6.880552738213901e-20
TKTL1,228.491865925401,-2.82707585999708,0.293202294911103,-9.64206593558292,5.310820225701279e-22,6.880552738213901e-20
STX1B,181.369296579042,2.34153888215774,0.243393381687202,9.62038846712348,6.55830091513468e-22,8.379401365121681e-20
FLJ32255,2356.65202128968,1.72234857743287,0.17903346543717,9.62026050954874,6.566464656853549e-22,8.379401365121681e-20
UST,319.839126258858,2.21125768637095,0.229888731845557,9.61881719307804,6.659248113272539e-22,8.43438499839266e-20
MED29,2925.53118295616,1.78641998889004,0.186120687809893,9.59818067465301,8.136792773186239e-22,1.0229455329371601e-19
UPP1,2220.71202747668,2.52696528007397,0.263340498243444,9.59580959605357,8.32608446661007e-22,1.03904636446549e-19
MIR5684,48.4222103406311,4.14419089205714,0.432170118882505,9.58925828276394,8.87204969917676e-22,1.0990980109082302e-19
SSSCA1-AS1,102.931055061414,2.40410525010357,0.251046238050291,9.57634445660154,1.0054056840471601e-21,1.23650328040931e-19
IER5,6708.61298468022,3.07328679607905,0.321013403203051,9.57370242305773,1.03144308337617e-21,1.25939942525614e-19
TULP2,779.228945023918,6.00079915713904,0.627110762839463,9.56896215585318,1.0798417876414601e-21,1.30907677284649e-19
LOC101927692,118.134906215727,1.76471527445448,0.185175739619928,9.52994856711011,1.57361173103341e-21,1.89413746802121e-19
RPL36A,1360.05936474822,3.66188060721485,0.384693671097462,9.51895204506006,1.74934192211059e-21,2.0908331762014802e-19
HIPK1-AS1,376.974039561348,2.18274840004383,0.229330430504344,9.51791873081787,1.76682030434874e-21,2.0969562381403302e-19
CALML4,1219.12959128315,-1.09361214675939,0.114965223232301,-9.51254749925216,1.86049516337113e-21,2.1928002717177e-19
C2orf61,103.328329085561,-3.29665068409992,0.346664881237995,-9.50961825820679,1.91363475106625e-21,2.2398764824204404e-19
EPB41L4A,394.555271936243,1.97118822494707,0.207580964317887,9.49599705071423,2.1811394605049e-21,2.53549992628007e-19
FOXL2NB,258.382416301502,1.72212733781985,0.181764454709403,9.47450006423484,2.6804113193488e-21,3.09468985795835e-19
MAN1B1-AS1,407.170289783048,1.31856725753176,0.139252645132188,9.46888481924405,2.82847145465247e-21,3.24356875191633e-19
GCH1,2555.74962688266,2.31001749099009,0.24440250121362,9.45169333177576,3.33392937508862e-21,3.7722299569335996e-19
ADAMTSL2,321.040940750578,1.56442357168373,0.16574957757932,9.43847697551489,3.7823698245482904e-21,4.25128348756514e-19
SLA,25140.6954668081,-1.54362765704897,0.163801403398844,-9.42377552950728,4.35153013122018e-21,4.8588269333598e-19
NICN1,348.467670970301,1.48176893332356,0.157886839695328,9.38500597125704,6.29128763022477e-21,6.97880612158005e-19
EGR1,91993.7410722787,5.62788506948242,0.604157655989405,9.31525904486943,1.2165530918632101e-20,1.3407363035780799e-18
FAM86B3P,1215.99924108899,-2.35149450529718,0.252668509939378,-9.30663859086107,1.31941934564498e-20,1.44472162156687e-18
FLJ23867,665.458473704861,1.87456121013294,0.202080517787643,9.27630842723212,1.75452187489195e-20,1.90882982440167e-18
NAA38,948.067824252888,2.84744424164266,0.307158544322984,9.27027521867831,1.8566622159783e-20,2.0070873330945097e-18
CDKN1A,2004.85359171355,3.38370192359284,0.366430468323531,9.23422645249379,2.6015897204645002e-20,2.7945684009951597e-18
MAP7D3,636.073603264337,1.25560005986982,0.137188374708076,9.15237943842998,5.56930814335725e-20,5.94479860434335e-18
NFKB2,21255.627204336,1.95958014480442,0.214698202030159,9.1271381235375,7.033395511232521e-20,7.460674288539901e-18
C17orf96,28.8365917206998,4.95562256159859,0.543122446933344,9.12431918360167,7.21885508468247e-20,7.56286472205129e-18
ALG1L2,327.608253807543,-2.76892181892768,0.303451479176692,-9.12475966978367,7.18955984324292e-20,7.56286472205129e-18
MS4A10,346.152242381854,1.30664304446371,0.144100222574455,9.06759907180974,1.21668323439237e-19,1.26684342663235e-17
EXOSC4,627.332611112104,1.96056684771861,0.216711789739607,9.0468859588782,1.4710353363499902e-19,1.52234217856902e-17
GNAT2,335.4913349052,-2.11788935135677,0.234534883228574,-9.03016780362139,1.71408751617515e-19,1.76309498418193e-17
ANKRD16,300.351870165837,1.30627261033711,0.144667083138442,9.02950817835351,1.72445066800731e-19,1.76309498418193e-17
LYRM1,2732.79546526254,2.24320368816422,0.248594065857252,9.0235608819895,1.82072655846525e-19,1.85038150600432e-17
LCP2,71744.445308,1.79478231628275,0.199161590636202,9.01168900363519,2.0290703734244902e-19,2.04984418915241e-17
TMEM132A,135.716287073179,3.03764609617376,0.337426978878133,9.00238062253715,2.2087529443122603e-19,2.21816301602767e-17
RGS2,121696.901912051,-2.46477779762306,0.274631642633868,-8.97484999901863,2.83738140376164e-19,2.83270806968486e-17
ICAM5,57.7399416573608,4.12945104893684,0.460411956996811,8.96903520028573,2.9912296304340103e-19,2.9688391396331e-17
CCRL2,1398.39465652411,2.17263389279865,0.243328834004409,8.9287975331328,4.30664244944814e-19,4.2495543983740603e-17
CBX5,1244.69175205503,1.48996854670713,0.167206762978302,8.91093470244669,5.06041145815046e-19,4.9644683969785904e-17
OASL,1179.07920909212,-1.35463016759491,0.152032291573966,-8.91014766383273,5.09646400043891e-19,4.9711027020373104e-17
RRAD,26.2165397845144,4.75000187470463,0.534794911429092,8.8819129972863,6.572023020261191e-19,6.3737356971356e-17
THEMIS2,21116.1449817691,-1.28805521684795,0.145186456679637,-8.87173119521834,7.20174485732401e-19,6.94477350673313e-17
SRSF3,6361.37213139041,1.72095640198942,0.19409334061538,8.86664321677943,7.53839657727234e-19,7.22834275194724e-17
C10orf55,205.162948647099,2.68638436685716,0.303420877274464,8.85365697636935,8.469742194615199e-19,8.07575643410164e-17
SPTA1,94.5701171561216,5.39471949870048,0.610083363019933,8.84259402189963,9.35215430131631e-19,8.867305184465951e-17
LOC101927905,196.752016591965,-2.45142516077881,0.277335101709795,-8.83921705426235,9.63916941340537e-19,9.08866573801755e-17
TBC1D24,562.418633411194,1.23788892773437,0.14009969641621,8.83577166403583,9.94096425274945e-19,9.32143896672175e-17
GBP3,1311.53376114039,2.65183623479284,0.300668256126853,8.81980781394502,1.14656340063987e-18,1.0692018700912001e-16
SLC38A2,10497.2564670448,-1.47300195301229,0.167087595004467,-8.81574693185881,1.18889756264538e-18,1.1026212805036799e-16
XBP1,4096.05584032485,2.94011485632685,0.333870881644891,8.8061433864544,1.2952533368081e-18,1.19473041479929e-16
POU5F1P3,717.101626461017,2.55967639023531,0.291011899701334,8.79577911715057,1.420587975195e-18,1.3032550872978099e-16
LOC101929586,512.139151321405,1.57590221660548,0.180177172331657,8.74640331076276,2.20260840379706e-18,2.00982095856149e-16
PTGS2,175576.471767124,2.49284152955611,0.285751656199775,8.72380430863824,2.6900783533686698e-18,2.44149785098252e-16
OLR1,11810.348173078,5.8238635905249,0.668724723553915,8.7089102367476,3.0681011249671197e-18,2.76977724962457e-16
CCNL1,28512.2386906828,1.61868976924456,0.18607109322823,8.69930810402192,3.33913790272349e-18,2.99851050185307e-16
SPECC1L-ADORA2A,108.484152737269,2.53395097063416,0.292129428052546,8.67406952981938,4.16945521584461e-18,3.72442073280604e-16
DAXX,1304.69503154487,1.46054616345883,0.168930697846262,8.64583040311608,5.34154012535733e-18,4.74641984332799e-16
KIRREL2,333.495235584381,8.1630875743522,0.947607042182091,8.61442265725964,7.02949183109421e-18,6.21377788319432e-16
C5orf58,2698.35550186556,2.16545133451538,0.251497146561085,8.61024216029991,7.29064026909515e-18,6.41123039622192e-16
EHD1,35776.096325105,2.38776435011553,0.277816880608067,8.5947417769912,8.345224367644309e-18,7.30078082307522e-16
CASP10,1614.14875696288,2.18328321319658,0.25419290025221,8.58908022619957,8.76682904503313e-18,7.630288336015501e-16
VPS9D1-AS1,642.824758662905,2.79673234355395,0.327300880237317,8.54483599777095,1.2871893654961201e-17,1.11460091383674e-15
LOC100289230,495.614608729164,2.51542063136948,0.295847575525282,8.50242097439302,1.8567705691274e-17,1.59965025884417e-15
IFRD1,11933.5777637107,-1.54863466683273,0.182509843510704,-8.48521174005557,2.1532627798574202e-17,1.84571595453233e-15
CSRNP1,38022.3724103002,2.7060807824357,0.319047297229817,8.48175429139102,2.21823627855458e-17,1.8918545788758e-15
HBEGF,2377.22112446809,5.02406315028279,0.593612341761557,8.46354227638492,2.59376326728323e-17,2.19011692399657e-15
POFUT2,2316.78781023433,-1.11488615277177,0.13217301858039,-8.43505100168138,3.31058405701564e-17,2.7815461690925503e-15
TXNIP,74595.7080282127,-2.25974224481122,0.268524904923086,-8.41539165783705,3.91584366715847e-17,3.25782836857909e-15
EIF1B,2406.98933237562,1.6435711613954,0.195296501449251,8.41577370407988,3.90310138076624e-17,3.25782836857909e-15
DNAH2,168.111479128468,2.45021276576511,0.291444940747845,8.40712060218951,4.20198943005269e-17,3.47883729789533e-15
NR1D1,299.252282547718,2.23717953898456,0.266645584982865,8.39008656051189,4.8578436263150105e-17,4.00229718571934e-15
HMGCS1,1338.5782784413,1.59322798939746,0.190514958066096,8.36274487615145,6.12756261983525e-17,5.02400931322918e-15
ARRDC3,4159.27655644394,-1.88309461876002,0.225665839305601,-8.34461531508051,7.14460623272986e-17,5.8297238933601606e-15
LOC151475,286.834019298563,1.22381663772443,0.146915169788465,8.33009034728369,8.0780683462687e-17,6.5286179034701206e-15
RAB22A,1620.11140674348,-1.08822506049138,0.130631591994767,-8.3304891556016,8.050900948953391e-17,6.5286179034701206e-15
MAFF,12599.8862934924,2.56946245109877,0.308717939057524,8.32300986117947,8.57573088061819e-17,6.897976516865021e-15
SLC6A4,442.367783479573,1.43952048170213,0.173122265473932,8.31505108693766,9.1712754436481e-17,7.34221164290545e-15
LOC440600,201.207418899624,1.74532857765559,0.210169293897763,8.30439378315941,1.00330375364281e-16,7.99439967456612e-15
SLC25A25-AS1,518.988102938673,1.24936588310618,0.150502119223623,8.30131754656433,1.02963082640467e-16,8.16583849800937e-15
LOC101929450,354.15030509732,1.35755391464587,0.16373765045912,8.29103087065978,1.12271138768455e-16,8.862631475247511e-15
HELB,794.106052246883,3.23873430792869,0.391582501857626,8.27088619272944,1.32966930426765e-16,1.04477534407549e-14
C5orf28,216.480031608318,1.43142699988381,0.173414587884867,8.25436324211751,1.52714232816949e-16,1.19440827620703e-14
FREM2,96.3373193925547,1.90846877052046,0.231388557876123,8.24789604135132,1.61207511653672e-16,1.25505224210373e-14
PIM3,7551.717330155,2.04324503072412,0.247982475661931,8.2394734759791,1.72970149312982e-16,1.34047916627394e-14
BEST1,2896.28744652326,-1.14052115455772,0.138959797744978,-8.2075619932236,2.25724922530066e-16,1.74136517508195e-14
TNF,1400.33464019783,3.45830906918404,0.42166740419719,8.2015091391005,2.37387838820528e-16,1.8230526698923102e-14
LOC100288254,427.977103651455,1.14693361162948,0.13995586989392,8.19496611681098,2.50663763583654e-16,1.9163357637575602e-14
ILF3-AS1,496.039317061373,1.17323634214198,0.14323267106785,8.19112241219195,2.58801200328074e-16,1.96967442689151e-14
HMGA1,1098.13966834257,1.82359467533058,0.222907507942468,8.18094774897061,2.81620010993822e-16,2.1337744761549802e-14
ZYG11A,429.597557273509,1.30763594772129,0.159908865674038,8.17738242472938,2.9007624724543597e-16,2.18807736366646e-14
FRMD6-AS1,537.382610064658,1.12547804127623,0.138304294733273,8.1376940856882,4.02877235377303e-16,3.02550107912548e-14
LOC221946,275.326193902089,1.51319015001709,0.186049689764424,8.13325812009194,4.17903476662625e-16,3.12451885723263e-14
MIR23A,479.122899411633,2.32001170292833,0.285276612241821,8.13249878669242,4.20530407813274e-16,3.13036933395039e-14
GPR4,269.04774096392,4.15101380832352,0.510875123817678,8.12530032252057,4.46256076061893e-16,3.30736162573033e-14
SRFBP1,281.87159554633,1.16235383264399,0.143256966322933,8.11376830376115,4.90736690261748e-16,3.6212100465749504e-14
TGM2,253.320151730866,3.70945989631544,0.458613172780413,8.08842858530704,6.04394073778175e-16,4.42972644791005e-14
LOC286059,454.806583797796,-2.60306147637409,0.321834423843651,-8.08820089935025,6.05524708882355e-16,4.42972644791005e-14
EGFLAM-AS4,102.25544418142,1.84689632983078,0.22840285153383,8.08613516612433,6.15878350808277e-16,4.4861319184197803e-14
EPM2AIP1,2438.76466875426,1.93975474127549,0.240222186154319,8.07483593555088,6.75674323128261e-16,4.90066009065507e-14
CCNT2,1210.89811279666,-1.03149284557768,0.127886127688371,-8.06571333593892,7.28094725052234e-16,5.258393052589999e-14
DCUN1D3,7723.09425206503,3.20385149180419,0.397921535603549,8.051465440152,8.180851780864501e-16,5.858456389233431e-14
LINC01004,2860.77833671054,-1.61396483456202,0.200443424035713,-8.05197198324881,8.14705593673841e-16,5.858456389233431e-14
KCNE3,2783.05977107013,-2.56667884948252,0.319886213904594,-8.02372449300998,1.0258624493924501e-15,7.315519954238951e-14
BCL3,26537.6921471468,1.80363076580301,0.225235555011774,8.00775333054645,1.16822924591383e-15,8.29589404253121e-14
S1PR2,541.668243557859,1.03847200299321,0.129729291995716,8.0049153665889,1.19548864129262e-15,8.45409717500767e-14
UPK1B,273.184545732573,1.5254042333627,0.190851513648052,7.99262318755135,1.3209740831681e-15,9.302727028850231e-14
FKBP14,811.473873502816,1.01644332798361,0.127207913631788,7.99040955050777,1.3449120991761902e-15,9.43216865587533e-14
LOC101926955,280.479901214069,1.94741369560934,0.243966750995921,7.9822913887225,1.4364144140982501e-15,1.00324384510599e-13
LINC00664,2010.32546914916,2.02457319433318,0.253763681592159,7.97818340918858,1.4850261973938101e-15,1.0329452714003199e-13
LOC101928449,44.2076514383385,9.49123959175853,1.19168176015412,7.96457570226722,1.6579165929036402e-15,1.14849634345961e-13
LINC00641,2822.27796917941,2.44664029825624,0.307968682773327,7.94444511767788,1.9506196535129903e-15,1.3457689739602599e-13
PPIF,59413.1975573791,2.69532075325279,0.339377108395566,7.94196392913814,1.9900481815101003e-15,1.36741286382953e-13
C18orf61,209.379799637403,1.26193310738433,0.159071444288077,7.93312157962797,2.13705032465721e-15,1.46250073024525e-13
PAICS,343.636086298515,1.38261829867257,0.174626204128456,7.91758777311282,2.4216267241619103e-15,1.6505963358424e-13
OSGEPL1-AS1,127.79796702677,1.9689885385238,0.248889586571273,7.91109248743097,2.5513988681413804e-15,1.73209366360382e-13
LINC01353,592.652618913394,2.0001058709312,0.253812515296205,7.88024920125403,3.26728795743276e-15,2.20925941089836e-13
HSD11B2,68.6387106834008,5.04088481176466,0.639970143051749,7.8767499804394,3.36006308830072e-15,2.26297582280317e-13
TMEM192,520.633755243571,1.20636185884723,0.153431654408061,7.86253569057427,3.7643426194434905e-15,2.52523410818952e-13
FBXW2,2826.84113433215,-1.26037317971643,0.160330021269946,-7.86111777278659,3.8072060833334e-15,2.54393313568246e-13
BCL2A1,55278.3402679963,1.97265615579681,0.251123769032921,7.85531438697944,3.98770627173876e-15,2.65409218995883e-13
KMT2E-AS1,803.166944367119,1.06882538124128,0.136186406236396,7.84825307296809,4.2187225852491006e-15,2.79688123893937e-13
CLEC4D,2581.66384197228,1.69014750164903,0.215583505327194,7.8398739230252,4.5099902048474806e-15,2.96803848445347e-13
TICAM1,1473.31005256008,1.83268176260746,0.233765745262472,7.83982170077882,4.51186618541713e-15,2.96803848445347e-13
PIN4P1,228.257809584695,2.03572115726133,0.260908537756174,7.80243212724518,6.0725291341737505e-15,3.96396017173834e-13
HSPA6,11716.4118280794,1.30089882480051,0.166939154491938,7.79265253115515,6.56168849929123e-15,4.2668573643666996e-13
MYO1C,275.810528463902,1.98624337964992,0.255182849610245,7.78360843090991,7.0484687498545105e-15,4.54854036587569e-13
LINC00678,324.533865128425,3.41652752124668,0.439286366014085,7.77744948527979,7.40013033402927e-15,4.74290759125776e-13
NFIL3,15856.5915499023,1.37817714922848,0.177203796624851,7.77735678060072,7.405553333038581e-15,4.74290759125776e-13
TNFAIP2,92967.3135035493,1.55773602385631,0.20034097944405,7.7754238208232,7.51952200897011e-15,4.79779426827973e-13
CD14,16510.0656821169,1.14431890303395,0.147218963047343,7.77290424648594,7.67067273528602e-15,4.87590478139605e-13
FBXO34,1358.65813348712,-1.10042280812856,0.141617739624665,-7.77037404385256,7.8254694560065e-15,4.937318498414209e-13
ADRB2,596.244957383467,2.00975830392944,0.258642219890919,7.77041855261311,7.82272004560708e-15,4.937318498414209e-13
IGSF9,73.4733943492475,2.92237877844668,0.377769768588993,7.73587253782124,1.0269631283561901e-14,6.45541415350417e-13
NOS1,154.216198694794,1.80394044442657,0.233443791147073,7.72751519996545,1.09666072943674e-14,6.86809073800749e-13
AKAP12,225.205258598857,1.41085631178311,0.18269126102498,7.7226261610302,1.13957033150923e-14,7.11058370087303e-13
TSIX,3244.43326782543,2.27304613166333,0.295111277823554,7.70233570342363,1.33601338630677e-14,8.30579457597013e-13
IER2,18609.9033290662,2.06465308662825,0.268326457690772,7.69455649061496,1.4198580512534101e-14,8.79482877586603e-13
LOC101060091,50.2506967621531,2.69069665091067,0.34987394785773,7.69047443339449,1.46590421049369e-14,9.04702773109052e-13
DHCR7,165.607642619001,-1.79084497732408,0.233178871911672,-7.68013397887286,1.58922291238001e-14,9.772569300330998e-13
CA13,136.543627286783,1.57785993478502,0.205873586668555,7.66421744682228,1.79924839686962e-14,1.10241313327333e-12
NOP2,1624.83869598419,2.17824081946893,0.284846620256286,7.64706569981098,2.05617284635374e-14,1.25530091900416e-12
PDYN,35.2477168019909,6.98767857752832,0.914997776562796,7.6368257459353,2.22642500329899e-14,1.35436864358389e-12
MIR27A,671.135914322145,1.78946196612283,0.234419932501759,7.63357427427553,2.2833305776245502e-14,1.384024520123e-12
SERPINB1,25468.454135026,1.43034704257937,0.187640473159468,7.62280662852395,2.4821858533019e-14,1.49920492178789e-12
LOC101929486,124.017242605881,1.42980551239208,0.187603488286589,7.62142285013304,2.5089457848476998e-14,1.50999389576011e-12
LOC100996291,431.512980730999,1.57144216448095,0.206208533619612,7.62064564883503,2.5240997765904102e-14,1.51374633951564e-12
TNNI2,412.6965931056,-1.79758952395938,0.23624864598001,-7.60888815469227,2.7646386005193802e-14,1.65216360309912e-12
MLK7-AS1,78.9620636779684,4.06644786017513,0.53513476577009,7.5989229634955,2.98605460463659e-14,1.77822171052254e-12
TP53INP2,55322.1922228187,1.74637114680323,0.229843919407351,7.59807416835832,3.00570060951401e-14,1.78366261345006e-12
CHSY1,14056.1622278577,-1.12725181946139,0.148478692274881,-7.59201069318748,3.14979017903752e-14,1.86265640831445e-12
BTBD19,2201.88296167418,2.46151910838172,0.325010221978529,7.5736667400705,3.6283448549841303e-14,2.13820378051357e-12
TIFA,1795.8990643938,3.1409668386849,0.414870286845876,7.57096118539761,3.70472743835167e-14,2.1756620790209197e-12
PACERR,127.508767947155,1.8793255530964,0.248249817682783,7.57029983199353,3.72363781678167e-14,2.1792269319454697e-12
HNF1A-AS1,439.784289512406,1.36101672846726,0.179944718088302,7.56352697054095,3.92284430720564e-14,2.28792142893107e-12
ZNF747,314.038280058972,1.32417218169003,0.175161417495363,7.55972519875895,4.03921799682493e-14,2.34772629596276e-12
GAB3,954.063403068015,-1.28760688755355,0.170338591915614,-7.55910256785166,4.05859777861185e-14,2.35093930029353e-12
PDE2A,132.390843747289,2.03353109102494,0.269860690549165,7.53548464908583,4.86524426877469e-14,2.80860291597429e-12
RPLP0P2,380.498609937744,1.42168995058916,0.188862780003284,7.52763435211767,5.1667835035412705e-14,2.97256439396957e-12
CYP3A43,56.3018902066708,2.09740516709254,0.279178270142197,7.51278086945751,5.78843751519206e-14,3.3189649158053897e-12
C15orf48,139.736912079477,3.44154644147321,0.459706964933695,7.48639177561645,7.07928680140757e-14,4.04544294927574e-12
TSSC2,52.0476169496845,-2.5597349532532,0.341976999439793,-7.48510852322352,7.148803977702299e-14,4.0676689581450895e-12
SLC7A14,446.588946248024,1.36381618397475,0.182512008722632,7.4724736937577,7.87011060695594e-14,4.45238390737521e-12
HES1,804.18007566834,2.63990382538155,0.353644852011874,7.4648444911985,8.339804788755231e-14,4.70243079318119e-12
CAHM,72.6408598782675,2.86675708841893,0.384877518305211,7.44849192814002,9.44132056661033e-14,5.27098989001679e-12
CXorf65,413.16381106781,1.21816091511461,0.163887226303716,7.43292166564048,1.06224814828454e-13,5.9109755976016995e-12
BIRC3,8767.14204618856,2.34067539908595,0.315402920193279,7.42122297932938,1.1604375811711699e-13,6.436257067855279e-12
MTVR2,78.1625344227688,3.236807427736,0.436329473602084,7.41826446197821,1.18664976612198e-13,6.560201899225499e-12
PLEKHG6,801.90918559325,3.17916063347882,0.428892153795234,7.41249427238683,1.23945810495106e-13,6.82989706403552e-12
THUMPD3-AS1,282.988314141086,1.60501209255632,0.216577468301369,7.41079903253342,1.25540704705275e-13,6.89539430504182e-12
SLC20A1,7391.84512725879,1.97242642643006,0.26700248530232,7.38729613020918,1.49844628371956e-13,8.20375171848013e-12
LOC101928886,38.1649711506585,4.81076797268462,0.651339108794096,7.3859651719538,1.51351411055482e-13,8.2596017634522e-12
SLC13A1,145.460288734546,1.32900118976566,0.180283932869503,7.37171176938792,1.6845091090028e-13,9.16329762756268e-12
NSUN6,135.388768942451,1.41805094872516,0.192483044161777,7.3671473500457,1.74317781236833e-13,9.452144994094329e-12
MIR497HG,40.3930731944636,4.2877725333066,0.582111656200982,7.36589361788383,1.75964107113914e-13,9.51102810808072e-12
TDP2,10349.54703532,-1.46971811766059,0.19957422726673,-7.36426811111399,1.78121384981489e-13,9.597067129859759e-12
HSP90AB4P,396.12680283487,1.21422387383951,0.164934849898592,7.36183938437545,1.81393150458163e-13,9.74241946068337e-12
LPP-AS2,181.915401495322,2.15071551147227,0.292207838888476,7.36022524123014,1.83600166592306e-13,9.82984866689155e-12
PISD,5702.95775717691,-1.32297082200536,0.179888555400947,-7.3543912732894,1.91799149307042e-13,1.02365256667897e-11
ZBTB18,4835.03344251269,-1.62857073959242,0.221641387775545,-7.34777360824713,2.01535463354843e-13,1.07224447776125e-11
TAP1,10690.4199218617,1.15484910712282,0.157286845343896,7.34231209608043,2.09935146842742e-13,1.11344353506719e-11
PLAC9,161.788742050079,2.77241825671121,0.377956354158126,7.3352868028548,2.21247176548782e-13,1.1661512672006e-11
MIR24-2,277.22178041304,1.88720473703679,0.257275989233203,7.33533176827539,2.21172903929118e-13,1.1661512672006e-11
LOC102724699,5656.05358179599,1.18659160195327,0.161911149783894,7.3286589807869,2.3246708046179997e-13,1.2214957552934e-11
PIK3R2,412.290373112269,1.46501839362731,0.200089028752923,7.32183269996462,2.44606994226831e-13,1.2813178722277099e-11
CLN5,428.63398208595,-1.52508380564842,0.208326595476985,-7.32063902910035,2.46792875143788e-13,1.2887903621355e-11
ZFP14,802.540764176488,1.30099323997427,0.177851905335607,7.31503684213723,2.57310785022433e-13,1.3395946758898e-11
DDX51,664.616580871325,1.02949142347174,0.140778921085692,7.3128236495369,2.61586232392711e-13,1.35768854317098e-11
C11orf71,229.098073455282,1.87037713230408,0.256043963322667,7.30490618889158,2.77460255400154e-13,1.4356876386132399e-11
TCTEX1D4,1272.17333994659,2.40144955717036,0.328832199990082,7.30296350917822,2.81497547403234e-13,1.4521508737166198e-11
CISH,4818.85577206134,6.07299274231489,0.832504709705873,7.29484490779698,2.99003306064399e-13,1.5377830637954498e-11
ZNF473,270.927059805244,-1.35576057435707,0.186102184514047,-7.28503310102058,3.2159133348977e-13,1.64895713353123e-11
ISLR2,34.7018246083043,2.7302408335252,0.374832849315136,7.28388890811909,3.2433212304753897e-13,1.6557882494343e-11
EIF2B5-AS1,434.020563757325,1.19968169140246,0.164709381254578,7.28362696929942,3.24962788806096e-13,1.6557882494343e-11
SLC23A1,72.8160454920101,-2.04187974142866,0.280620794511497,-7.27629520464849,3.4311233832887e-13,1.7382992854082298e-11
LOC101929709,301.461607649793,2.19931338938793,0.30249053439949,7.2706849943389,3.57669119195848e-13,1.8066548485095e-11
SCNN1A,137.974423136531,2.50807402585036,0.345484203270151,7.25959103805732,3.88262405371059e-13,1.9553678171981002e-11
LOC101927419,287.376290850385,1.37826262618929,0.189926690256153,7.25681379657819,3.96314669970073e-13,1.9900155558378898e-11
EMP1,51.8429094011404,4.58620329117912,0.632463590875852,7.25133170879929,4.12693582125354e-13,2.06614615806239e-11
PLAU,5966.11266987186,2.27273527087023,0.313888627185937,7.24057858115369,4.46774633949095e-13,2.2301938492306e-11
PPEF2,225.691741870083,1.19345022643145,0.165408220794798,7.21518084589051,5.3862345732022e-13,2.6729582800113397e-11
CLN3,1311.64347634903,-1.09400011692059,0.151745217177488,-7.20945369659328,5.61767957479767e-13,2.7796868146783098e-11
RNF217-AS1,41.9381620432936,2.2621369644654,0.31501786866474,7.18097984109242,6.92135587168632e-13,3.41480383297268e-11
CXCR4,29319.7676069598,-2.77341100108488,0.386268472526147,-7.18000872022282,6.97069726978914e-13,3.4291789583438e-11
LOC284865,399.178039242336,1.3233431095959,0.184426851846685,7.17543620327043,7.20770027151076e-13,3.5355228037017495e-11
GPX3,969.270493689918,-1.93808735259305,0.27056248184013,-7.16317849914694,7.88275991964232e-13,3.83341551163809e-11
LINC01531,678.96249528436,1.54437211551484,0.215699285153173,7.15983882106122,8.07719717227392e-13,3.9167482973666595e-11
LINC00881,22.0426152335669,6.57893931861215,0.92034504481352,7.1483400227848,8.78335312077203e-13,4.2349735558449694e-11
PLK2,1273.20501967353,1.93092044153053,0.270325949535767,7.14293409436463,9.13594369331753e-13,4.3924996136823e-11
ZNF708,1733.82632559325,-1.59974451633804,0.224153237481908,-7.1368343116934,9.55048485024607e-13,4.57883697396543e-11
C3orf33,237.050247424919,1.25407128704359,0.175831538043317,7.13223179981875,9.87543771905896e-13,4.7212937737427794e-11
TYW5,459.66261618114,1.40436105575306,0.197915650548673,7.09575544864599,1.28646790508461e-12,6.09886404611621e-11
CAPN10-AS1,248.327642682187,1.37818446795447,0.194243062241386,7.09515414373872,1.29207390806512e-12,6.10837837539866e-11
ALOX12-AS1,87.6974883341072,1.6280951408705,0.22966463887631,7.08901095456551,1.3507383541355899e-12,6.36798092955257e-11
C5AR1,89767.8431012128,-1.06768554312653,0.150711170462382,-7.08431591268831,1.3973282034873499e-12,6.5693779140131e-11
LOC284454,12548.9899129955,1.73115828310781,0.24451870560937,7.07986032722345,1.44299825814281e-12,6.76534984453033e-11
NEAT1,36956.7423779403,1.72563306922942,0.243844795037257,7.07676810967305,1.47555132961617e-12,6.898913819902359e-11
DLX2,33.4408496511788,3.10273914883399,0.439039661899527,7.06710445113281,1.58199877544409e-12,7.37628659803217e-11
HSP90AB1,2991.81161649212,1.8123726053996,0.25687701277704,7.05540984693976,1.7209272841188898e-12,8.00207612768925e-11
RNF14,520.568775625653,1.47218041347265,0.208671972422949,7.05499831327967,1.7260281654651499e-12,8.00386612685096e-11
SYDE2,142.788932916288,1.30910636318079,0.18571862445252,7.04886958451211,1.80377106064221e-12,8.34158104665383e-11
ECE2,23.184519573862,4.46690087536828,0.63383177271451,7.04745496780304,1.8221976870112598e-12,8.403896506509559e-11
NBN,13152.6717777641,2.20616061319681,0.313327051791164,7.04107928308482,1.9075642028923e-12,8.7737614231675e-11
SLC7A5,6874.95123247746,2.49775946150433,0.355461403986667,7.02680919360241,2.11310015460162e-12,9.69284751997262e-11
SMIM17,383.860127354848,1.16679855304123,0.166077579960835,7.02562352676615,2.13112371429108e-12,9.749172959285229e-11
FBXO28,820.323494754709,-1.1300812442304,0.160985242715799,-7.01978159715814,2.22215324697939e-12,1.01382755128318e-10
EGR3,27643.803099003,1.8178119382268,0.259554608484285,7.00358182365644,2.4950008511109798e-12,1.13525883230712e-10
PLAUR,66613.0865497557,1.0948018866737,0.156337979545063,7.00278902068152,2.5091654731377997e-12,1.13865124091162e-10
LINC00824,391.513976376751,1.09361780617585,0.15623992711492,6.99960519932562,2.56684785097334e-12,1.16172111271252e-10
GGT5,65.0374530565024,1.85655369573509,0.265373733439807,6.99599644497671,2.63380214959273e-12,1.18885345965127e-10
ST8SIA1,206.044758691971,1.31779439794887,0.188799450081994,6.97986353973257,2.9546691198013797e-12,1.33014971621403e-10
C10orf111,76.4434493050182,1.62404229128044,0.232877310071118,6.97381076234723,3.08468953299774e-12,1.38500927920734e-10
GCC2,3001.552213589,-1.06795433381737,0.153194930101212,-6.97121199188383,3.14222054518843e-12,1.40711786524902e-10
MIR5696,64.1533699394085,3.12640432170351,0.448645062644146,6.96854725933605,3.20230412188239e-12,1.430250146226e-10
SREK1,1436.47712277568,-1.08648918978238,0.156220862159241,-6.95482776605656,3.5299302687984996e-12,1.5642291520117e-10
MCMDC2,251.703556907865,1.59032196326176,0.228658141137752,6.95502008084503,3.5251182114322298e-12,1.5642291520117e-10
HCAR1,435.919923974361,1.6466928965078,0.237193205649666,6.94241174403605,3.85461769082412e-12,1.70366071480903e-10
IGSF3,21.4552746775524,7.31386309644668,1.0539119126139,6.93972903134467,3.92852733542229e-12,1.7318172970594003e-10
TMEM205,318.849880922605,1.30866219883465,0.188842474245822,6.92991449122364,4.21095071804631e-12,1.85150921209021e-10
CYCS,785.023184394989,1.01635690877678,0.1467229532721,6.92704778707619,4.2971346192745096e-12,1.88452115654592e-10
LOC101929897,16.8030251812445,6.29543469724522,0.911479617540294,6.90682992367288,4.95603504998198e-12,2.1603071042350901e-10
MIR22HG,7047.16614207979,1.53384393561376,0.222896872678559,6.88140626282238,5.92645667438538e-12,2.56591384381808e-10
MMP25-AS1,1206.64724324994,-1.20390122060836,0.175127694293418,-6.87441940845335,6.22428341086453e-12,2.68800351270211e-10
KDM6B,99794.6844752629,1.23460314092939,0.179721586286894,6.86953173759864,6.441298637032009e-12,2.77466295603318e-10
TSPAN16,548.523910472331,-1.36226051213421,0.1984945584949,-6.86296149609165,6.74474111122574e-12,2.89521110634615e-10
TXNRD2,171.078205715982,1.18454132749324,0.172604750346696,6.86273885923739,6.7552651314699294e-12,2.89521110634615e-10
SIK1,2722.84093159261,-2.77221895771949,0.404180869927688,-6.85885741751078,6.94134757103338e-12,2.9600138436075004e-10
ZSCAN31,29.9299086892402,3.7377576980775,0.544996632916618,6.85831337723029,6.96782788306614e-12,2.96385901833079e-10
RBKS,45.0208648479081,-2.45625568643957,0.358881134155566,-6.84420397917836,7.69022799516011e-12,3.25482667166727e-10
CCDC174,833.002144707403,-1.01462299798683,0.148404354195017,-6.83688159616612,8.09355799019904e-12,3.41701159725518e-10
ZKSCAN3,812.083246593473,1.09643571944671,0.160562602556434,6.82871167998998,8.56805747031115e-12,3.5994324600525004e-10
ADAM33,37.5532237114408,3.47805945620932,0.509655459563655,6.82433473622963,8.833369689322509e-12,3.7017271695600403e-10
LINC01277,62.7582011424404,2.7831959390321,0.408456018226639,6.81394278658368,9.49594829636501e-12,3.9598337711525003e-10
ADM,12292.9198478159,1.20778182210012,0.177290193489133,6.81245701372736,9.594573079480849e-12,3.99115427218012e-10
LOC100130357,2694.26913762212,1.55359255131519,0.228276865432644,6.80573806009965,1.0053248534477699e-11,4.17172944076175e-10
AMER2,188.758652253393,1.26109124694604,0.18560654113136,6.79443320940677,1.08739178429267e-11,4.50127155195494e-10
LPAL2,299.756582368429,1.16905134281181,0.172267807352944,6.786243818711,1.1509058666441898e-11,4.75259716999639e-10
HSPA7,5704.08793067865,1.23688811420266,0.182363552917204,6.782540120636,1.18081054716674e-11,4.86425160352279e-10
PNPLA1,811.950347207231,1.66797053794666,0.246381356107822,6.769873192908,1.2889531868815299e-11,5.29687977911703e-10
NUP50,6188.73085160688,-1.76867162711421,0.261347329348816,-6.76751368196913,1.31014264944744e-11,5.352214819437771e-10
GPX8,181.258892592821,1.10645738281476,0.163494246561793,6.76756158753618,1.3097090619671799e-11,5.352214819437771e-10
CPA4,256.684540525584,1.1456851745245,0.169296684730733,6.7673219729419,1.3118791921318098e-11,5.352214819437771e-10
ATF4,8398.4303090798,1.18468448937099,0.175165877790981,6.7632149840543,1.3496273799633499e-11,5.49301580161581e-10
IPO5P1,670.819091186195,1.44206788292815,0.21367008564303,6.74903966359313,1.48826904836788e-11,6.01402435449993e-10
MIR155HG,22.540543893901,5.31128117960263,0.787044915944689,6.74838382410171,1.49501033748405e-11,6.02691578332051e-10
TMEM81,131.852109386924,-1.42555322426038,0.21159332838838,-6.73723143880876,1.61432940178789e-11,6.49251151828058e-10
LOC100129550,2906.77108461956,-1.66422738307062,0.247143781944591,-6.7338428261316,1.65239672531826e-11,6.62990005250626e-10
NRSN2-AS1,120.608102078193,1.38287932218019,0.205438841151257,6.73134308210987,1.68104062812461e-11,6.7289201746535e-10
SPHK1,179.980471680087,3.29087671738037,0.489736455505757,6.7196890907005,1.82112716953692e-11,7.27251066385425e-10
C1orf61,20.9575570080184,5.53972391295729,0.825112514899128,6.71390121095732,1.8948862216934897e-11,7.54929787666243e-10
TMEM54,135.112583318229,5.57539202609002,0.830540795572394,6.71296588417136,1.90707714850259e-11,7.58007338744402e-10
SLC2A6,159.67306630482,1.72121795289665,0.256635633802985,6.7068548797787,1.9886385106873e-11,7.86740624787525e-10
LOC100289511,110.787021431538,1.6019220115485,0.238902506466161,6.70533781852724,2.0094095534349597e-11,7.931092776953041e-10
OPA3,2557.30960871528,1.45187102428993,0.216644306887765,6.70163479090213,2.06100617603072e-11,8.11586933169221e-10
SDE2,2138.95065683742,-1.31768205231816,0.19677122519101,-6.69651800480002,2.1344416247112e-11,8.38558871634223e-10
CXADR,358.130160019901,1.09687065556502,0.164015730965687,6.68759422713235,2.26869136186209e-11,8.87194234873811e-10
TMEM165,1358.25450323708,1.2833837871102,0.191901494982241,6.68772167318949,2.2667170928970698e-11,8.87194234873811e-10
KIAA1875,385.295036382753,1.32469425358337,0.198117288624584,6.68641420837107,2.28705118661798e-11,8.92317994006444e-10
CLEC4A,4493.71701878705,1.90680421850403,0.28553368589862,6.67803594697772,2.42165648335265e-11,9.40511529415588e-10
DYX1C1,246.647871388306,1.58053638795994,0.238020070592712,6.64034921098932,3.12940835293684e-11,1.2070981492282702e-09
TMX2,311.901119064124,-1.35418875822876,0.204251867001633,-6.62999451661284,3.35699340562617e-11,1.29194766621967e-09
PDSS1,222.706854805775,3.23023455767017,0.487356768060657,6.6280695567731,3.4010521363876e-11,1.3059424628681102e-09
COL6A4P2,129.098321385473,1.54942647015448,0.234522064980348,6.60674069318091,3.9287329418814e-11,1.49839225819351e-09
SPATA1,152.039375536902,-1.40310105231532,0.212668933597706,-6.59758352373877,4.1791326141739894e-11,1.5903192539856702e-09
TAF9B,227.456929290209,-1.17759683179268,0.178567691243371,-6.59468027834735,4.2617327052565194e-11,1.6181236571278202e-09
TGIF2,1857.10825935851,1.06749922937334,0.162036607113429,6.58801272373021,4.45752455688667e-11,1.6886854191848302e-09
FBXO6,1082.3752612394,1.36857708840618,0.207897845008518,6.58293061359108,4.6126444423771196e-11,1.7435590529181402e-09
POU5F1P4,90.5912207841565,1.98406248413065,0.301444738994726,6.58184478769543,4.64646516535466e-11,1.7524401508088702e-09
EMX2OS,720.597363931875,1.00726752136634,0.153072698054046,6.58032120797074,4.6943301725366396e-11,1.7665669997404e-09
IRAK2,2150.0877983021,2.12348182613637,0.322820807302571,6.57789639980081,4.77150482899134e-11,1.79163672472657e-09
RELA,5954.34817135535,1.26503022430624,0.192339735695737,6.57706125949654,4.798371230249509e-11,1.7977473845429301e-09
LOC100129518,98.1483881786158,1.68250012191185,0.25631326083988,6.56423361163086,5.23011520858065e-11,1.95518756211522e-09
MMD2,163.00972279424,1.49819234229057,0.228446493064968,6.55817614965313,5.44698456135508e-11,2.0273294292833e-09
BHMT2,347.785316143181,1.0901861835597,0.166442682499099,6.54991957105475,5.756807959181189e-11,2.1332870018171e-09
DNAJB9,3076.32400644923,1.46837001698158,0.22438749928737,6.54390294310049,5.99337018126975e-11,2.21611064741852e-09
C5orf45,199.470018783663,2.49787059913271,0.382221338202767,6.53514168224592,6.35493525436808e-11,2.3446948073290204e-09
LDLR,1227.29115769173,2.07164455085527,0.318411014431077,6.50619625880969,7.70775150773542e-11,2.83151425517934e-09
FFAR3,277.667197469742,2.18915093931128,0.336653554410183,6.50268179448356,7.890058041247269e-11,2.8922260275604503e-09
ERVV-1,374.512654614613,1.14024245347528,0.17549292096096,6.49737007755968,8.173622566588319e-11,2.98971384052019e-09
MTMR9LP,39.8855214633138,2.66471523989686,0.41032630206831,6.49413704767393,8.3510701358656e-11,3.0480508031378702e-09
MND1,51.8496634099319,1.78155624300646,0.274432208590567,6.49178991109028,8.482249142833149e-11,3.0892861041237e-09
CYP1A2,250.691274399683,1.2621174172878,0.194486009764522,6.48950234937686,8.612036388794059e-11,3.12315131603873e-09
LINC01179,239.699363742591,1.15325638683638,0.177710792728,6.48951236519176,8.61146392062503e-11,3.12315131603873e-09
EIF3I,1669.62069221682,0.619802222892983,0.095712417526565,6.47567200693638,9.439088949279069e-11,3.4157828922636304e-09
NIPAL4,67.8866229276286,2.62608959295476,0.405616928958888,6.47430963913474,9.524640486819919e-11,3.43940847536825e-09
RBM5-AS1,244.023924496728,-1.11465099923123,0.172274076704835,-6.47021897055941,9.786099879862169e-11,3.5263203218900403e-09
KIAA0226L,14512.9240547555,-1.37857323043327,0.213275886534112,-6.46380260251681,1.0210404937241e-10,3.6714193346367405e-09
MRPS24,19.8724284987866,7.09208858389054,1.09768566424003,6.46094671264628,1.04049957384398e-10,3.733479654816071e-09
LINC00330,227.740703955819,1.28247894649401,0.19888115428421,6.44846894171427,1.1298571047871201e-10,4.04555586127572e-09
IL2RA,171.821393748728,2.01086002756699,0.312042387907529,6.44418869196351,1.16220420207445e-10,4.1526167826542305e-09
MED28,876.725384725944,-1.06956569234339,0.166017735272567,-6.44247851343943,1.17538008782772e-10,4.1908720274395e-09
LOC152225,23.4585521982798,4.4544706382752,0.69273518192997,6.43026477428933,1.27381862356911e-10,4.5323374589549304e-09
ZBED6,882.021286389355,-1.29586495445198,0.201599447320431,-6.42791918170427,1.29362482444184e-10,4.59318002519393e-09
TLL2,41.5990250489959,2.37421899725778,0.369446247323251,6.4264260754026,1.3063890711800501e-10,4.628817393751091e-09
POU5F1,954.982064452958,1.37181647765648,0.213492728902378,6.42558875287859,1.3136009475413e-10,4.64467401701477e-09
ABHD12B,181.943722443651,-1.57979327703506,0.246385398270314,-6.41187865890427,1.4373722532768401e-10,5.0717425951381505e-09
CFAP58-AS1,1086.30977859951,1.33322528785019,0.20836687584234,6.39845120516645,1.56960885312306e-10,5.5040085651249e-09
CD22,77.1744251122619,2.6377888588455,0.413187857567441,6.3839941337457,1.72527702362447e-10,6.037402401021531e-09
ABCF1,1503.47807776937,1.3708075418643,0.214822940638195,6.38110407478787,1.75815765507793e-10,6.139804881066381e-09
GPR12,114.748562661536,1.41219558968727,0.221393741730803,6.37866083588027,1.78643169201028e-10,6.22573278784364e-09
ODF3B,1548.10072032869,1.27492055041866,0.200013303737816,6.3741787500789,1.83945950788978e-10,6.371287095490871e-09
KCTD12,1268.92279554454,-1.08650080664429,0.170612450403185,-6.36823868408613,1.91211200558925e-10,6.60944296514474e-09
PAF1,5439.04284554942,1.024961926189,0.161166688204328,6.35963881623945,2.02228699599648e-10,6.933788867889361e-09
CD300E,383.453621414101,1.40437240693036,0.221091477590765,6.35199702057182,2.12537441325971e-10,7.27255131892013e-09
MIR8085,78.403745289361,2.49260916718074,0.39283794533399,6.34513339861182,2.22232795382352e-10,7.55858718082018e-09
SERPINB9P1,167.1320532724,1.62531652788455,0.25620089804126,6.34391424975725,2.2399953989114802e-10,7.603440382065141e-09
OTX2-AS1,164.720098045961,1.37772126077421,0.218155349149931,6.3153219306456,2.69599656059341e-10,9.133024675926431e-09
THAP9-AS1,4031.07914979066,2.02957994790354,0.321744249758392,6.30805352209905,2.82566509371178e-10,9.553224695314e-09
RBP1,159.114170155345,1.19659388628999,0.189714852075566,6.30732846268342,2.83892938984559e-10,9.57898799293425e-09
SASH3,8512.12602158971,-1.49542411487703,0.237157255693863,-6.30562244659896,2.87037969941569e-10,9.66588973382602e-09
TAF1A,171.222093420197,1.03684754113869,0.164606366753274,6.29895162374132,2.99665489907482e-10,1.00711340489303e-08
CRYM-AS1,196.707739621284,1.04541149625249,0.166071902942418,6.2949329641569,3.07532733639373e-10,1.03151097931372e-08
ABHD11,267.180607448933,1.08433228643943,0.172579263046952,6.28309721165301,3.3189337887693703e-10,1.108837485492e-08
MIR7848,41.1613424010586,-2.72839881842299,0.43558866089832,-6.2637048742182,3.75936672335625e-10,1.24861002013312e-08
LINC00700,126.377900996817,1.28956939504443,0.206141719648106,6.25574191020522,3.95630557428495e-10,1.30889704106753e-08
ALOX12,578.946837267039,1.14300271675772,0.182825564683036,6.25187576332302,4.05551958109209e-10,1.33651025884068e-08
THUMPD3,384.959800504063,1.08510167285684,0.174178364648818,6.22983041002046,4.66940365703744e-10,1.53286496841856e-08
MT1E,17.3485033776119,3.6944971360994,0.594183252914102,6.21777392408853,5.04257369268941e-10,1.65217298672442e-08
CD300LG,287.519455383479,1.0943959954429,0.176052961623593,6.21628846995915,5.09051824213032e-10,1.662349700244e-08
C6orf25,494.666256540134,1.13245428037512,0.182177754377654,6.21620506984372,5.09322321545417e-10,1.662349700244e-08
NABP1,34328.6251339158,1.49642946069026,0.240826230881129,6.21373118374673,5.17410147021819e-10,1.68227682284565e-08
ATF3,335.170263133736,2.20287774408742,0.354717872634748,6.21022484073057,5.290884415001101e-10,1.71695774935753e-08
BTN2A2,1062.86063662276,1.46574457101605,0.236205503365448,6.20537857980518,5.45653865717108e-10,1.76733538338755e-08
GTF2IRD1P1,27.2765031732518,3.12374225787199,0.505010783446062,6.1854961522928,6.1907445273505e-10,1.997515515555e-08
TM9SF2,6906.76865513236,-1.24240483237376,0.201102242544304,-6.17797602182406,6.49285725759728e-10,2.09102036766491e-08
TCP11L2,3070.41000728948,-1.01801635602896,0.164802819111414,-6.17717804536306,6.52574682084196e-10,2.09366682501568e-08
LINC00269,160.830222332294,1.12320518603214,0.181827040540841,6.17732754540353,6.519572647835851e-10,2.09366682501568e-08
ZNF667,62.2206656026923,1.50485610857888,0.243885118542534,6.17034822613187,6.81397552934221e-10,2.17790570026358e-08
SLC26A4,226.778264780045,1.08003055470783,0.175107258464501,6.16782287712407,6.9236635792251e-10,2.2088048546355e-08
EIF5A2,407.133805896061,1.21443381919541,0.197177664451845,6.15908410606008,7.31668627695419e-10,2.32980862087179e-08
NFKBID,12355.1320052542,1.71908492080454,0.279162025292816,6.15801851631279,7.36607452970641e-10,2.34114263891718e-08
OMG,281.950712648889,-1.15319387332016,0.187423704223315,-6.15287099408802,7.60927004627635e-10,2.40941289599631e-08
FEZ1,124.2000717887,1.16321921478216,0.189212861824844,6.14767518213936,7.86268401155475e-10,2.485018120002e-08
LINC01485,23.2506244042104,-4.26695643325593,0.69446418896034,-6.1442425701516,8.03459792719692e-10,2.52992942523908e-08
TRAF1,2738.79751829515,3.67084931110802,0.597425683100313,6.14444509994668,8.02435373642051e-10,2.52992942523908e-08
LOC101928150,256.392778260564,1.07110743906704,0.174349226437054,6.14345965827239,8.07431861388169e-10,2.53772843545926e-08
HNRNPH3,3600.43472069592,-1.22133232163222,0.198840763505111,-6.14226328697851,8.13538620402355e-10,2.5521954649665e-08
MT1M,20.3111855643079,3.13750294242093,0.51098256939094,6.14013692514137,8.24503797043681e-10,2.57706785330117e-08
ARHGAP31-AS1,9.60024458582094,7.17173202328845,1.16797074253833,6.14033533725531,8.234745622131e-10,2.57706785330117e-08
MIR29B2,84.3219691892851,-2.27287630534399,0.371048476217348,-6.12555084045842,9.03704085320726e-10,2.80909628865629e-08
ZNF182,337.878657774784,-1.12882020823989,0.184273972375221,-6.12577128332251,9.02453644559389e-10,2.80909628865629e-08
EGFEM1P,203.151047341604,1.18565138677659,0.193595887629305,6.12436246087447,9.10474215609249e-10,2.8233979890006e-08
LOC101927686,16.5525322901768,7.3036095363798,1.19360340542589,6.11895836018815,9.4189010601465e-10,2.91179578857571e-08
LAMB3,2874.5073458855,2.08751850561399,0.341453133913198,6.113631120295,9.73892801155717e-10,2.99980192762519e-08
HNRNPA2B1,13741.9504687267,1.09797286869796,0.179913481995568,6.10278260705892,1.04237576629827e-09,3.20492780898807e-08
OTX1,536.15216880136,-1.69590202218697,0.278186595862072,-6.09627511682056,1.0856850083223302e-09,3.32422121907352e-08
CNGB1,140.727571931364,1.38146364278081,0.226737667025601,6.09278405702582,1.10963703045039e-09,3.38718699295038e-08
LOC101060498,27.3478956010972,6.12946610205945,1.00697641403693,6.0870006651761,1.1504549270335201e-09,3.49919731570124e-08
C11orf72,2052.70067227865,1.01341379033268,0.166852314556715,6.07371730518134,1.2498267253121302e-09,3.78297947311313e-08
MBD4,1944.59146831636,-1.11649252793907,0.183825985211144,-6.07363821092352,1.2504427789397e-09,3.78297947311313e-08
MKRN2OS,138.089953057948,1.08499332413234,0.178750634836777,6.06987116506237,1.28012903852532e-09,3.85218972373258e-08
GSG1,599.646351036154,1.06070030444674,0.17484890130908,6.06638243938258,1.3082340454187402e-09,3.92285304219911e-08
DDX27,1106.47790236701,-1.00834035536165,0.16623139092191,-6.06588412555205,1.3122972141126902e-09,3.92809670510063e-08
PDE11A,207.498506339746,2.0121122343766,0.33192018431264,6.06203638547442,1.3440879697362602e-09,4.0161727152049e-08
RGS12,168.127908142719,1.2938755012093,0.21359300257075,6.05766802112683,1.38109053241309e-09,4.11225763440613e-08
ALDH3A2,278.773135090876,1.29911955243486,0.214561631987084,6.0547617036818,1.4062568024676401e-09,4.17255077823089e-08
GJB2,47.8517618108966,2.83062883815066,0.468151209384264,6.04639864515921,1.48119338904567e-09,4.38722760888013e-08
FGD5P1,179.670660422708,1.18322983806565,0.195773543122129,6.04386996933248,1.5046078854441102e-09,4.4445711591433e-08
OR6W1P,389.314584737641,1.02271083536818,0.169218114968103,6.04374322194145,1.5057909595259202e-09,4.4445711591433e-08
LOC101928381,26.2634418005547,2.50540091300126,0.414675665606287,6.04183249899214,1.5237360936992e-09,4.4897307260873e-08
KBTBD12,459.881414438918,1.02432187442033,0.169547376598229,6.04150824962415,1.52680199558431e-09,4.49096767228024e-08
ZNF114,165.264417682294,1.01696673194788,0.168442845015032,6.03745877040444,1.5656014612246501e-09,4.5971259515406e-08
UBE2S,1873.02269914823,1.48499125988955,0.246339988163167,6.02821844298352,1.65776889885702e-09,4.85097478472438e-08
IL17REL,29.431973012005,3.26698935253267,0.541991662271268,6.02774835841946,1.66259645417007e-09,4.85672754219868e-08
RNASEK-C17orf49,15.8713604033629,4.24513727154244,0.705312047210452,6.01880726173924,1.7570693013042202e-09,5.12387975631189e-08
ADORA2A-AS1,399.307350521153,1.57856749577223,0.262306421568396,6.01802840484643,1.7655421841489701e-09,5.13975676661685e-08
WDR46,206.964086236254,1.74484191536355,0.290649759589467,6.00324568590073,1.93411610036677e-09,5.62085932455903e-08
CD55,68772.9673009104,1.18591609208807,0.197767581113869,5.99651411727208,2.01598091978986e-09,5.84875695225189e-08
EDN1,1038.0628172763,4.78589949354615,0.800633043923212,5.97764422774081,2.2638747108530603e-09,6.53443564499967e-08
SASH1,142.322059084177,1.06901811557113,0.178869534568636,5.97652427591533,2.2794859934124204e-09,6.56832534468517e-08
TTC21A,156.63584976858,1.24517012005793,0.208356612829196,5.97614879196891,2.2847433899192603e-09,6.57231607012028e-08
UBXN2B,9694.76048295437,-1.00672549079844,0.168742190080179,-5.9660568013257,2.4305570257612603e-09,6.97993466010493e-08
NYAP2,257.531482257397,1.09149731532191,0.183238326614956,5.95670859631623,2.5736855141769603e-09,7.37847813287354e-08
PRMT5-AS1,36.8938168558685,2.46132814515709,0.413451084408655,5.95313022017451,2.63061818732019e-09,7.52898008013463e-08
SDC4,37.6411207291359,2.89915127221434,0.487122191808224,5.95158939783165,2.6555090432703904e-09,7.58742415528367e-08
BMP8A,249.967650948909,1.29841689079853,0.218330244896655,5.94703171524921,2.7304852254895303e-09,7.76244476499301e-08
SMAD4,977.623758352919,-1.22559564135017,0.206311582766495,-5.9405081620517,2.84139910158391e-09,8.06425176456223e-08
FAM207A,127.870378701399,-1.46248681800047,0.246438937228013,-5.93447948790387,2.947791805937e-09,8.33832042172712e-08
FFAR1,19.1047095788327,4.93442452650172,0.831973486731625,5.93098771198396,3.01117750946392e-09,8.50344504003689e-08
C9orf66,455.616340217246,1.01420750197702,0.171063333340257,5.92884215555238,3.0507816789894803e-09,8.60097452754311e-08
LRRC32,33.6928302395445,4.57087500484541,0.772108723834909,5.91998880953293,3.2196352521708404e-09,9.01710387786196e-08
LINC00311,156.776449970863,1.03356468975129,0.174625693558221,5.91874350613073,3.2441042770076e-09,9.07066520418006e-08
LOC388813,45.7649651809505,4.13072264753169,0.698311701874427,5.91529919439111,3.3127284305720903e-09,9.24730705981406e-08
MARVELD3,346.835798916848,1.17293588596893,0.199056256246903,5.89248440658934,3.80432005779649e-09,1.05329396445224e-07
INCA1,109.184557972855,1.51728310490039,0.258147246544956,5.87758779226862,4.16287950197529e-09,1.13983597275318e-07
PLCD1,310.231830594184,1.4980662073714,0.254879497632417,5.87754692427982,4.16390704163899e-09,1.13983597275318e-07
LINC01205,235.203828637507,1.01576718322799,0.172895808088756,5.8750249323948,4.22779712980751e-09,1.15360406570889e-07
KLHDC8B,600.614450951559,-2.25696396483782,0.384291073710829,-5.87305852057376,4.278273598008471e-09,1.1617737520864e-07
CECR2,187.399186455618,1.10495686589778,0.188378840400028,5.86561029652468,4.47483684007747e-09,1.2112748141913e-07
FBXO48,150.803585810025,1.25568430637922,0.214337478514627,5.85844489298465,4.67221598585985e-09,1.26068123548511e-07
ZNF266,755.522501948819,-1.08270416729879,0.184929959806234,-5.85467151149128,4.77953746400957e-09,1.28351756074637e-07
ZNF99,186.311098790185,1.29184722939961,0.220922253008086,5.84751971252225,4.989567240217681e-09,1.33358953072401e-07
NANOG,293.168351711071,1.03147799880168,0.176715073880657,5.83695536634456,5.316332998481121e-09,1.41203135602851e-07
ZNF18,584.92874668995,-1.4968233884665,0.256482516882395,-5.83596654719681,5.34796260994816e-09,1.41821283462563e-07
CCM2L,45.1290731663704,3.78096567812858,0.64875541097986,5.8280295071727,5.608566359609431e-09,1.48038239899364e-07
HPCA,16.2901853236119,7.32578035379718,1.25888873318547,5.81924371922861,5.91144859021396e-09,1.55549000733506e-07
LOC105373609,159.09667722348,1.0195777299058,0.175327402377274,5.81527882168611,6.0532902927905e-09,1.58788937943185e-07
PRX,27.9465557010074,2.94433816249774,0.506361248605639,5.81469883527922,6.0743145482782505e-09,1.59094547088547e-07
AVPR2,64.5511916900539,1.56556882061163,0.26953784237125,5.80834515420392,6.3093344044629805e-09,1.64995413732736e-07
KLF2,11420.519806103,1.41005871673247,0.243196056089159,5.79803282753701,6.70973197619543e-09,1.75156254833975e-07
RNMT,676.855162796722,-1.00436898788434,0.173369209148797,-5.79323740827774,6.9042400439214605e-09,1.79172418999136e-07
TNFAIP8L2,411.573925775972,-1.84874881787332,0.319999914043151,-5.77734160773561,7.5890106592533e-09,1.96642273143278e-07
CASP4,19860.7432980161,1.072901139313,0.185752043603903,5.77598565537643,7.65038916248347e-09,1.97930495222057e-07
ZBTB22,361.18479063883,1.0121709603086,0.175368877211827,5.77166813405551,7.849058647540781e-09,2.02453227000094e-07
PPP1R26-AS1,118.024771794809,1.33816120251586,0.231964822491489,5.76881092634188,7.983281054266221e-09,2.05602801294395e-07
ZNF92,177.052298956401,-1.03802934923986,0.179973649793891,-5.76767404799887,8.03730631549556e-09,2.06680549676652e-07
MFAP5,177.25671363947,1.1327461090435,0.19641675053425,5.7670545203627,8.066896172639971e-09,2.07127627597648e-07
C8orf49,97.4489057020603,1.7062442634415,0.29639723364544,5.7566133207659,8.5818180299703e-09,2.19377701535543e-07
ACTG1,43782.4886975762,1.48295313967325,0.257783363652039,5.7527107981839,8.782365367181741e-09,2.24141812047832e-07
TMEM53,194.678859063956,1.59890824038685,0.277973012983212,5.75202687205974,8.81797784686351e-09,2.24375892079412e-07
SMIM15,72.3071283560931,-1.40022748824166,0.243424705178202,-5.7521995855622,8.80897131467075e-09,2.24375892079412e-07
ARRDC4,1057.16451719438,-1.64157218318578,0.285724050104763,-5.745306293201,9.17547426581594e-09,2.33122977903335e-07
ZNF322,242.47498566549,-1.07835908820697,0.187751930364758,-5.74353129745178,9.27222162777505e-09,2.35228916990431e-07
PFKFB3,44809.4637288552,1.49163894479864,0.260076071233529,5.73539479323823,9.72854659207324e-09,2.4643715337413e-07
ACP6,120.468963810461,-1.24771902832766,0.217621575754341,-5.73343439869276,9.841714198478621e-09,2.48561865143719e-07
JAG1,580.819192171743,-1.08372059060598,0.189223714163083,-5.72719225705492,1.02106431519679e-08,2.5749633815037e-07
LOC101929762,151.850914826282,1.14919751921242,0.20068936627171,5.72625017738377,1.02674775805338e-08,2.585454443573e-07
RALGDS,3348.2190292991,1.43312714626981,0.250474019067785,5.72165988154631,1.05488323100941e-08,2.65236714025062e-07
FANCA,349.247199623683,1.23003969090152,0.21501518981319,5.72071067151212,1.06079405305127e-08,2.66328353082636e-07
PHLDA1,334.897289401527,1.02462612207683,0.17914389815682,5.71957031536677,1.06793773340674e-08,2.67330961819752e-07
IFIH1,3224.31346208029,1.40159988055447,0.245047449603722,5.71970809253905,1.06707216120663e-08,2.67330961819752e-07
NDUFV2-AS1,96.080068796625,1.49949444065551,0.262641532957977,5.70928148251187,1.13454118828225e-08,2.82337727969595e-07
ACTG1P17,219.195738251048,1.19262235855353,0.209087397837245,5.70394184867074,1.17068029692647e-08,2.90904626638887e-07
DGUOK,398.720107459858,-1.04790085282915,0.18379209786829,-5.70155553466779,1.18719044897666e-08,2.94145931387326e-07
KLF3-AS1,296.434317951651,1.01996073562548,0.178940088708072,5.70001246221281,1.19798670001099e-08,2.96128633235492e-07
BCL6,94339.3866341312,1.15359471538013,0.202441966510046,5.69839710247471,1.20939091380804e-08,2.98339863214391e-07
EIF1,46676.281569947,1.22169839770058,0.214651427657926,5.69154564230295,1.25894492440794e-08,3.10113399957207e-07
CGNL1,233.54689720602,1.1145019729167,0.195925628932947,5.6883929835342,1.28240436844257e-08,3.14522643659065e-07
WFDC8,149.86325507271,1.39205451697742,0.244938091650825,5.68329126594927,1.32126960919087e-08,3.2358712564484e-07
GPATCH2,145.836646756139,1.2797135554973,0.225273639384506,5.68070706805174,1.34139044726805e-08,3.28041479409702e-07
NEK5,1039.13363440533,1.00528335181314,0.177153850758363,5.67463449148697,1.38985087944471e-08,3.38915935717465e-07
VILL,342.329267700989,3.88775712020407,0.68930771042109,5.64008941352053,1.69961883383686e-08,4.09743335907374e-07
LINC00936,2249.85846394734,1.35611650197189,0.240565237561581,5.63720891562626,1.72828395221563e-08,4.16062911163172e-07
EMC1,569.22177794713,1.11384584906747,0.19778190656095,5.63168728846396,1.78455039618901e-08,4.28999848783568e-07
MASP2,64.6960758437724,-1.70400924329749,0.302749816913176,-5.62844021070432,1.81846512526088e-08,4.36534513520899e-07
IGF1,150.999638170734,1.14189623184221,0.203008906921835,5.62485779149523,1.85660859706866e-08,4.45061597591091e-07
LINC01058,10.7029906991879,4.48817467388659,0.798128452936131,5.62337385338867,1.87263523560514e-08,4.48270313380683e-07
STEAP4,28011.9736630524,1.59435612390271,0.283665700393711,5.62054602191888,1.90354873529515e-08,4.54388595435012e-07
ELL2,8983.24365876104,1.7729607273716,0.315631390163998,5.6171875885044,1.94090670586556e-08,4.6200657239762e-07
ANKK1,60.3276266325592,2.19797135934319,0.3913490990127,5.6163956040483,1.94981963343034e-08,4.63478134714002e-07
HPN,74.6043006746448,3.65484851220276,0.651176949021037,5.61268103500495,1.99215612231986e-08,4.7221890653649e-07
SLC14A1,169.484002093705,1.48320542852185,0.264427371302211,5.60912216166422,2.03355447633929e-08,4.80689228028278e-07
TMEM185B,3692.1763797616,1.33132569417039,0.237406537922517,5.6077886726308,2.0492803035399e-08,4.83732758159656e-07
ZAK,716.281951921528,1.29391327847316,0.231047255162564,5.60021056109395,2.14091594743628e-08,5.04661464720674e-07
ZNF677,228.622066533319,1.04004765057965,0.185780827383006,5.5982507195723,2.16525460617013e-08,5.09690723660465e-07
INTS6,3621.10041071422,1.18921764778801,0.212604667198438,5.59356322445184,2.22456164959822e-08,5.22202770635974e-07
MIR4530,9.64244166703232,6.73849108803498,1.20613788200478,5.58683313787856,2.31247719440276e-08,5.41342937150395e-07
LOC101928053,195.694786794271,1.26680423969022,0.226892804755121,5.5832719819275,2.36035176577944e-08,5.4986652681981e-07
TARP,696.593134609507,3.45928541021162,0.619582563182784,5.58325171780389,2.36062692088596e-08,5.4986652681981e-07
AZIN1-AS1,16.0772138619963,5.3236099188621,0.95351165396729,5.58316188031061,2.36184714854844e-08,5.4986652681981e-07
MXD1,72614.0306777251,-1.1533033817151,0.206603244614907,-5.58221330872498,2.37476864237984e-08,5.52117443814666e-07
SNORA64,20.1744810905944,3.39422152276096,0.608535909470429,5.57768484971534,2.4374071974802e-08,5.65905266150942e-07
LOC102723769,91.8943666109235,1.22445988167949,0.219840093261359,5.56977511933537,2.55068333050367e-08,5.88982278711678e-07
CDK10,180.6743562363,2.02887675809223,0.364297121758688,5.56929121014623,2.55777685150229e-08,5.89817781571967e-07
PHF12,8660.19437259602,-1.3315106591973,0.239683489828608,-5.5552873506199,2.77155439688702e-08,6.35659746269818e-07
IDI2-AS1,158.204554027701,1.74918547011966,0.315039253987628,5.55227784467884,2.81970944668496e-08,6.44961034085406e-07
LOXL1,139.835744302894,-1.2563489192202,0.226386516737749,-5.54957484802676,2.86365132636673e-08,6.54130421414485e-07
LOC100128573,189.621828908305,1.0690107561837,0.192966301922614,5.53988310670123,3.02673610752912e-08,6.89527049892406e-07
PIGU,67.8548422852151,2.10959628715492,0.380788632948481,5.54007158990047,3.02348020822749e-08,6.89527049892406e-07
HIST2H2BF,612.839780277079,1.30301338728553,0.235485160586212,5.53331421836448,3.14235795687264e-08,7.11717718878651e-07
HSPA2,180.597144495369,1.43345717827847,0.259066610330711,5.53316066647335,3.14511129601101e-08,7.11717718878651e-07
KIAA1551,63944.5484706354,-1.14255809943965,0.206585047351702,-5.53069118063755,3.18971445414239e-08,7.19891405793944e-07
SOWAHC,159.398525248774,1.06364107318558,0.192324772637024,5.53044237932366,3.19424211018851e-08,7.19955871103844e-07
LINC01215,108.619880956428,1.97556417251145,0.357620322247882,5.52419437489938,3.31000862478021e-08,7.40865516012455e-07
NRM,470.149561511002,1.48489085158039,0.269038866873361,5.51924288426083,3.40463345090684e-08,7.59309315752838e-07
LINC00092,174.465124198967,1.16313709152009,0.210850056225373,5.51641821843687,3.45978375442452e-08,7.69586499083786e-07
RNF39,188.507805176566,1.61947256985338,0.293775256840631,5.5126241306698,3.53522688562222e-08,7.85338621764139e-07
ABCC6P1,55.2924193805099,-1.83045654417083,0.332590627554821,-5.5036323712072,3.72044948778475e-08,8.2111142661486e-07
LINC01443,215.055113337784,1.12935847140987,0.205252409792776,5.50229092340535,3.7488767215433e-08,8.26310853480947e-07
KIAA0232,7568.76711301525,-1.0176465961769,0.185017710184507,-5.50026586731651,3.79219002375899e-08,8.34773658667153e-07
PRR23C,164.3761297163,1.05401374214497,0.191742718009998,5.49702097208202,3.86260778722426e-08,8.48074765391593e-07
POU5F1B,162.221615436538,1.911251197453,0.348312328582745,5.48717642361305,4.08409191879391e-08,8.92087619636683e-07
OTUD6A,258.013326100722,1.05526808908322,0.192390173756347,5.48504150955062,4.13372340896108e-08,8.98304144646447e-07
EGOT,9.24313797883149,5.7840577019632,1.05770432959571,5.46850148961198,4.53856252361328e-08,9.7876090407579e-07
MIR222,32.0778995123235,6.19205460138004,1.13247224420899,5.4677318875087,4.55830669637933e-08,9.81771335671954e-07
HCG27,1009.64441685241,-1.81891434443922,0.332812991505798,-5.46527446602857,4.62191097801508e-08,9.94208784776577e-07
ACTN1-AS1,42.5329776459701,2.2508676746795,0.41187380236113,5.46494499474366,4.63050366304145e-08,9.94796305938475e-07
CRNKL1,992.170013690656,-1.04708673702818,0.191614777081607,-5.46454064230249,4.64107043281007e-08,9.95805908794596e-07
TAGAP,61979.7381349002,1.17353427247712,0.214794961601033,5.46350931013399,4.66812775159676e-08,9.99085298866334e-07
LOC100996447,125.389134237503,1.73895747999768,0.318564824757512,5.45872408016595,4.79568345987688e-08,1.02509243930769e-06
GRTP1,395.779639381643,1.21477637894443,0.222715516206534,5.45438593428717,4.91423676844081e-08,1.04779430193439e-06
ENTPD3-AS1,277.940065855954,1.01695294265704,0.186511434716117,5.4524964874401,4.96675536142317e-08,1.05766338762954e-06
EXTL3-AS1,378.801257110372,1.23781424785233,0.227273876698147,5.44635514576244,5.14124351548321e-08,1.09071481180976e-06
FADD,306.051990854854,-2.31057811412863,0.424380125795536,-5.44459547863431,5.19232474287126e-08,1.10017647360813e-06
CA2,162.421778473048,1.52866274792133,0.280817983800751,5.44360701986226,5.22123403314797e-08,1.1049224938976e-06
GLA,4375.08271909587,1.7565321848103,0.322703003399587,5.44318511543345,5.23362085020377e-08,1.10616454632202e-06
FLG2,227.234611801672,1.04604587991819,0.192482786066012,5.43449053963428,5.49532124468839e-08,1.15715374894356e-06
NOLC1,966.507302681295,1.79961611260614,0.331143936634067,5.43454345230793,5.49369090316975e-08,1.15715374894356e-06
TNFAIP1,259.650199979366,1.00480272813639,0.185021284283507,5.4307412902655,5.61204427936549e-08,1.17940930504272e-06
SEC24A,1531.42323746146,1.29827048119373,0.239153466085226,5.42860825914634,5.67951911614414e-08,1.19150554312977e-06
SLED1,184.904853123663,1.8896885994004,0.348293231849471,5.42556795998008,5.77705434125025e-08,1.20748973250861e-06
CNOT7,1092.72187688029,-1.00673129198749,0.185552007471617,-5.42560172592844,5.7759622422646e-08,1.20748973250861e-06
AARD,126.086479675822,1.37760578368179,0.254130395064438,5.42086192929608,5.93123580597575e-08,1.23515256563215e-06
CD69,4943.87198007745,4.8565934126038,0.896063597673545,5.41992044450082,5.96255631268649e-08,1.24015325660435e-06
LOC100129917,78.3205537484374,1.41360664617714,0.261125869652344,5.41350670486679,6.18022791136128e-08,1.28385346525855e-06
LDHAL6A,163.031112156727,-1.57800407398883,0.29192331099736,-5.40554321817452,6.46122683739792e-08,1.33568747727549e-06
HSPBAP1,1238.91001811186,-1.30506491790534,0.241741707693048,-5.39859228413516,6.71658169502571e-08,1.38510114857809e-06
LOC283575,304.90924329085,-1.25657134795147,0.232947564603701,-5.39422401813554,6.88203142738638e-08,1.4157798470982e-06
FBXL3,1956.15663047109,-1.33440772894208,0.247534532522274,-5.39079422715295,7.01469616242552e-08,1.43958190167698e-06
ZBTB20-AS4,115.483843121972,1.10889416875736,0.205951893351058,5.38423876913421,7.27518774588688e-08,1.4912377587342e-06
SCN1B,303.941767057613,2.03871789833391,0.378675142893249,5.38381759826425,7.29224018407892e-08,1.49293004106378e-06
ADCY2,30.2489616241953,2.17105756200939,0.403574289564795,5.37957352127313,7.46624990936944e-08,1.52671317423877e-06
RNASEL,1929.38668443332,-1.02454587492303,0.190863951895936,-5.36793807707407,7.96418858076079e-08,1.62266757014012e-06
MIR616,113.462834746027,2.17112510577078,0.404970924479961,5.36118761750317,8.26765939730411e-08,1.67845353218954e-06
CCL2,33.5213614519894,2.97581973466744,0.55518200726306,5.36007956982911,8.31853045557138e-08,1.68676342762195e-06
LCTL,70.31093070016,1.47965353761344,0.27628150788969,5.35560106398511,8.52724668778627e-08,1.72702184707767e-06
LOC100507462,85.7324989442269,1.34102990074322,0.250830794700837,5.34635271694872,8.97442430235697e-08,1.81542227961386e-06
N4BP2L2-IT2,193.144375303404,-1.3340247192505,0.249923349413655,-5.33773543920667,9.41146501451938e-08,1.8925519458107e-06
ENPP1,253.682750913012,1.03257448720967,0.193469991642016,5.33712995202004,9.44293625232709e-08,1.89663330265675e-06
LINC01502,455.486675341042,1.01486708178973,0.190232481027027,5.3348780203605,9.56088076582285e-08,1.91805281746508e-06
BUD13,198.522976942359,-1.34046501284551,0.251443084869879,-5.33108720623275,9.76265206027084e-08,1.95520341940857e-06
FBXO33,2269.02430754511,-1.08648740706581,0.203905418030738,-5.32838910098028,9.9087669282767e-08,1.97825412511472e-06
FOSB,125298.481030695,1.00707230143771,0.189058222647971,5.32678392577979,9.99669650346533e-08,1.99136071662927e-06
PRSS23,332.237262357385,1.01006334437446,0.189998000453108,5.31617881222777,1.05969017776199e-07,2.10351598795046e-06
APOF,24.7745082222816,2.25520572033912,0.424475295742072,5.31292572962709,1.07879014138605e-07,2.13643247136569e-06
EZH2,162.366418795726,2.00008836508644,0.376745405011774,5.30885934766458,1.1031341779641e-07,2.17197137684533e-06
NAPA-AS1,56.7658193594527,2.5284317777479,0.477755788738738,5.29231008256936,1.20780872873639e-07,2.35619882116254e-06
SEC14L3,282.722953301261,1.19835129757643,0.226605590481886,5.28826890381695,1.23479363334088e-07,2.40331623223181e-06
LINC01501,116.122249787749,1.24245819567928,0.235306920777998,5.28016002067142,1.29071110944923e-07,2.50432703610805e-06
MIR3198-1,19.8965281217937,2.84133588864414,0.538789969818418,5.27355008038053,1.33809717345644e-07,2.58363882001169e-06
TGFBR1,3362.44251848116,-1.18727785239426,0.225303243174207,-5.26968824623729,1.3665565840227e-07,2.63259913099129e-06
EPC1,2472.50129190372,-1.02581396898548,0.194726599713097,-5.26797042878001,1.37940320553721e-07,2.65433460367093e-06
USP29,30.3802322801271,2.02276306471172,0.38407008183133,5.26665095876968,1.38935005052947e-07,2.67044723188972e-06
LOC100130331,425.314190418488,1.40608966766269,0.267705949050613,5.25236616014405,1.50157572258726e-07,2.87638184692449e-06
LOC100996351,266.483253404297,1.12099052446467,0.213563479323208,5.24898043437549,1.52943316721051e-07,2.91985823553395e-06
FANCF,152.207405512248,1.07960197442071,0.205933926626774,5.24246777645985,1.58443068876749e-07,3.0180648316231e-06
SNORA31,36.0278149837397,2.60655832259426,0.497240689901568,5.24204550337634,1.5880619284444e-07,3.02159047640789e-06
GADD45B,8926.26874145047,2.11882002225887,0.404466710802845,5.23855231015954,1.61841105431228e-07,3.0707700434577e-06
SNORA4,48.922771240579,1.54938758629023,0.296718255539391,5.22174674919704,1.77243255357034e-07,3.34241392213287e-06
RGPD1,504.190647811956,-1.71814686943514,0.329144233094258,-5.22004245155074,1.78882122533814e-07,3.36957534255705e-06
SNORA48,27.6216965107132,2.28851770125706,0.438552183245766,5.21834752781192,1.80526500084597e-07,3.39678022110396e-06
SLC41A2,187.357432816094,1.10234242223196,0.211285483608167,5.21731263031905,1.81537709838024e-07,3.41202437582607e-06
NQO2,1858.95690670136,-1.36545854244369,0.262066586137178,-5.21034963888507,1.88485083762596e-07,3.51535037540526e-06
SYNJ2BP,295.091029724658,1.03005369485464,0.197746143108645,5.20896983709418,1.89891976929048e-07,3.5377021212292e-06
XKR8,3177.4189020755,-1.23274856540553,0.237080695330551,-5.19970031168822,1.99610104765712e-07,3.70555703577828e-06
PPP1R27,12.4577224195688,3.03340404041641,0.58339779458542,5.19954663622278,1.9977519960742e-07,3.70555703577828e-06
NBEAL1,145.201716250012,1.40883879031539,0.27105536411063,5.19760527498869,2.01872218378361e-07,3.74036603746457e-06
ADRA2B,58.7899543695162,5.85723151078244,1.12830636176832,5.19117121842936,2.08975341834749e-07,3.85514076262974e-06
ZC3H12A,12967.1582459843,1.74009080135396,0.335476578130059,5.18692187410877,2.13798367079071e-07,3.93129565120909e-06
LINC01127,235.393280518458,-1.76216347486774,0.340015730056711,-5.18259397756049,2.18821047140875e-07,4.00628998066335e-06
KRT42P,213.656075368616,1.40269819559476,0.270758790532977,5.18061922508077,2.21150522288698e-07,4.04022245886305e-06
LOC101929295,84.4689324646357,1.39118489185066,0.268650674407717,5.1784157807076,2.23778055356564e-07,4.07488918715049e-06
LOC100506083,210.072923483346,1.05931395635986,0.204650425181862,5.17621185208141,2.26436328607262e-07,4.11024317553203e-06
LOC284395,43.1477559099115,2.22475666786899,0.42986243976098,5.17550840009665,2.27291203673526e-07,4.12135289396056e-06
CHGA,63.3306437021922,2.54842780070941,0.493627181167823,5.16265695637007,2.43469077244242e-07,4.40998631695761e-06
TRIM7,272.577113565705,1.00390759818571,0.194976947223303,5.14885278738083,2.62084470022321e-07,4.72699003742703e-06
LOC101927243,34.7638189373042,2.37725446757177,0.461729626308123,5.14858551871517,2.62458119903992e-07,4.72870404565877e-06
LINC01348,27.6774877974602,3.98585400883859,0.774473068653655,5.1465366197531,2.65339685458189e-07,4.7755515817565e-06
SLC39A8,288.796118419503,1.79566137579847,0.349810603956167,5.13323883121472,2.84798133252371e-07,5.09872776113843e-06
VNN3,8039.26221671436,-1.17287513901698,0.2286319818774,-5.12996969796602,2.89788823419776e-07,5.18260896847254e-06
LINC00685,76.43783808157,1.41473483486327,0.275835086834431,5.12891543675319,2.91416201371471e-07,5.20232713584166e-06
UQCC3,93.2076525884362,1.28123804719829,0.249888339588519,5.12724222870123,2.94017130327044e-07,5.24165833604054e-06
STAP2,117.150293748294,1.37231486238005,0.267731047673983,5.12572178050535,2.96400029594238e-07,5.27279086197906e-06
SNORA67,148.263810217769,1.69424630051856,0.331147955713911,5.11628192560028,3.1161718568333e-07,5.50339945412849e-06
SLC25A52,44.6148438748648,-2.00261513329701,0.391459021278309,-5.11577208454021,3.12460173368788e-07,5.50682664840609e-06
GPR1,181.223300068479,1.05746723995037,0.206859955753522,5.11199587227198,3.18772794218374e-07,5.61225297040897e-06
LOC101927189,49.4798577035114,1.38412514999757,0.270877129620838,5.1097896375933,3.22517710346921e-07,5.67230111917921e-06
KLF10,2623.03734685887,1.16189145315396,0.227523176841531,5.10669492788952,3.27842396204951e-07,5.75402393835619e-06
TRIB1,67073.6820875651,1.35769074703966,0.265908314240203,5.10586045765088,3.29292631469623e-07,5.77350675754384e-06
SLC11A2,425.556631432246,1.33011976007395,0.260627861064796,5.10352099211398,3.3339151128882e-07,5.83934027821864e-06
LOC101929057,130.774842574915,1.0948587840547,0.214717998315592,5.09905453964545,3.41354194517087e-07,5.9664916471102e-06
CHST2,401.448407875945,-1.23506223875836,0.242381929711501,-5.09552110682677,3.47783268374643e-07,6.07261073133174e-06
BRE-AS1,11248.6621036609,1.48041558717365,0.290648639986492,5.09348878165214,3.51533860509702e-07,6.13179103861321e-06
DHDH,39.789952145901,3.61471188075522,0.710489089566427,5.08763883054289,3.6254897199942e-07,6.30500934394588e-06
CKAP2L,134.891326039736,1.69368415095646,0.332902829921041,5.08762317027516,3.62578901702285e-07,6.30500934394588e-06
RPL13P5,60.9282711551644,1.99985823107028,0.393203502693839,5.08606413058185,3.6557048450618e-07,6.34403094380254e-06
INHBE,101.365301491178,1.86438629396573,0.366661537541521,5.08476102093094,3.680892373576e-07,6.38121607398692e-06
LACC1,276.244522481061,1.97230018681447,0.388372438557457,5.07837320830551,3.80680348934041e-07,6.58604167391289e-06
C16orf89,94.7575521613413,-1.34122088206158,0.264120206561566,-5.07806994217591,3.81288341619987e-07,6.5898429062876e-06
PROCA1,125.122844659455,2.56196972281519,0.504989741294873,5.0733104324969,3.9095392811671e-07,6.73631478984447e-06
CFB,50.1791399174858,1.926499411239,0.380131086779872,5.06798701352885,4.02044827625837e-07,6.89242910552091e-06
ZNF491,99.0232453722821,1.09819879727083,0.216823234133299,5.06494980420631,4.08507977049607e-07,6.98911026863501e-06
RIPK4,45.5217803156697,-2.40251547122638,0.474622464344487,-5.06195060645634,4.14988552335436e-07,7.07857860325328e-06
DENND5B,214.407387941126,1.13417758394759,0.22438565898512,5.05459033824795,4.3131556555406e-07,7.34968652468223e-06
OLFML3,21.284605194928,-3.78659148773696,0.749841822931594,-5.04985367838359,4.42148605718547e-07,7.51165779404924e-06
CENPU,367.994620126478,1.68390843931591,0.334085018464456,5.04035902913456,4.64659297713333e-07,7.85477848684331e-06
SCARF1,6415.80107999726,1.23040740716125,0.244328170857808,5.03588023780245,4.75657898704938e-07,8.02471755151114e-06
BTG3,64.7590821831204,1.98165213740046,0.393811796316007,5.03197759929549,4.85445998469087e-07,8.17360068057276e-06
BRD8,793.301413022748,-1.01028623341233,0.200824346628017,-5.03069598072021,4.88702552899249e-07,8.22027723271165e-06
CYP27C1,162.060310592927,1.07100928663903,0.212903145332633,5.03050006596061,4.89202219297689e-07,8.22053471873305e-06
RIPK2,2959.59880765361,1.53570150554959,0.305348884752051,5.02933392665445,4.92186583246525e-07,8.25600061463856e-06
MID1IP1,6840.6320162299,-1.11990030316779,0.222675391251081,-5.02929532031237,4.9228568359735e-07,8.25600061463856e-06
GOLGA6L1,14.5717982848957,-3.27357240910302,0.651106052872094,-5.02770999388342,4.96371790246949e-07,8.3163099941473e-06
LOC100128531,178.187082221749,1.30376631909703,0.25972817473506,5.01973388303736,5.17431112520873e-07,8.63504507542207e-06
LOC388780,59.9126032866025,-2.40679681677302,0.47991264010606,-5.0150727770811,5.30133954550999e-07,8.82966975136364e-06
SH3TC2,67.9291605785113,1.58749128279056,0.316557713954655,5.01485578398495,5.30732589167745e-07,8.83097402289702e-06
SH2D3A,349.702690332502,2.00579969170237,0.400197632165037,5.01202288692004,5.38607959235664e-07,8.94447581619149e-06
SP2-AS1,198.168226424448,1.06126655508455,0.21209972044428,5.00362071605537,5.62634054486933e-07,9.31811152441848e-06
GDPD2,31.5588725187745,2.19505031635953,0.438722646791817,5.0032756056952,5.63642672960717e-07,9.31811152441848e-06
IFNK,50.6694135579835,-2.68268045256497,0.536839629261584,-4.997172910381,5.81769004538138e-07,9.57689965569475e-06
SWT1,4852.70480382175,1.07144881966572,0.214419356596253,4.99697805587224,5.82356924442964e-07,9.57728848996704e-06
IKZF4,127.301567196137,1.52209568308052,0.304688349169423,4.99558216528376,5.86585420151662e-07,9.63749056225945e-06
MYCNOS,47.3849884628042,1.49676454053748,0.299697319790378,4.99425400795838,5.90636202891361e-07,9.68529240142239e-06
HRH1,217.928634872621,1.21643096530005,0.243676055398392,4.99200039704876,5.97571323312632e-07,9.77069412260308e-06
POU2AF1,502.75021663986,1.0531739521758,0.21113282536234,4.98820564906649,6.09426770692999e-07,9.95494817343752e-06
SIDT1,196.778782124918,2.01373641546463,0.404125059930098,4.98295358326195,6.26209763740303e-07,1.01703656556942e-05
LOC100289650,23.2200399303849,4.91941005644009,0.98756221991978,4.98136720625026,6.3136603353959e-07,1.02443062344493e-05
LOC102724190,297.470429383478,-1.6327268410224,0.327999388613005,-4.97783501343289,6.42994276094997e-07,1.04230170524205e-05
C2orf80,24.9744094547492,4.92353530837983,0.989206029973845,4.97725970039832,6.44907691297797e-07,1.04440585273914e-05
ZNF217,3561.92326290046,-1.81575253285259,0.365114567321658,-4.97310350055947,6.58894595513599e-07,1.06401132969142e-05
ERVK13-1,1404.85070199253,0.910992400580817,0.183273122914562,4.97068193138993,6.67178232805901e-07,1.07432153388821e-05
LYSMD1,307.8709651809,-1.51006470383587,0.304688833197161,-4.95608811123946,7.19266080050725e-07,1.14515796534905e-05
LOC101928063,18.9120597876322,3.83941285404274,0.774847992582674,4.95505297915976,7.23105838937223e-07,1.15019234287184e-05
KRT8,156.409293823255,1.21474213119824,0.245841545955226,4.94115885286317,7.76596024774129e-07,1.22951378101367e-05
LINC00884,90.5240011245173,2.20654016607667,0.446555091412053,4.9412495983404,7.76234609280632e-07,1.22951378101367e-05
LOC344967,142.322265690463,1.03313323093088,0.209138791602147,4.93994071122034,7.81463284198136e-07,1.23606662249867e-05
SNORD10,44.7409773287008,1.99180628759579,0.403459782582104,4.93681495302559,7.94087511835131e-07,1.25136984687705e-05
MIR221,63.814971715001,6.05873497008865,1.22722747129378,4.93692906311927,7.93623212101051e-07,1.25136984687705e-05
SNORA10,26.6209088834906,2.65399374195368,0.537681376202748,4.93599715262022,7.97422704745811e-07,1.25545993923431e-05
LINC00662,118.093376726441,1.22906164367757,0.249260539828537,4.93083118781267,8.18804702717771e-07,1.28792895408026e-05
LINC01099,121.390848585096,1.03771123547052,0.210590691364541,4.92762158073835,8.32366290305682e-07,1.30804821102482e-05
TRIM38,9998.91090953012,0.872488001148118,0.177135033771192,4.92555302343593,8.41220947353588e-07,1.32074023297734e-05
USE1,146.660456079974,1.40295112602177,0.284843370434369,4.92534238687865,8.42127669329072e-07,1.32094184878494e-05
SERTAD3,633.494141042127,0.856919646047527,0.174027089470821,4.9240589419339,8.4767285613904e-07,1.3284121619937e-05
LOC101928280,57.9503288807776,1.88138550488168,0.382672603762517,4.91643636461953,8.81338284655841e-07,1.37608770627221e-05
SPATC1,43.7250503131051,2.36302476797133,0.48098205196584,4.91291672592216,8.97313951233962e-07,1.39717544773787e-05
CLEC4E,8749.19621563778,0.613848817829223,0.124959116471319,4.91239723169871,8.99695427515568e-07,1.39959952298755e-05
MYO10,213.781592722881,1.20003201282592,0.244495505539408,4.90819661563268,9.19176813688695e-07,1.42859605145829e-05
CDKN1B,1570.43569966966,-1.89226610831726,0.386083261306287,-4.90118660393331,9.52595188361992e-07,1.4764790444639e-05
C2CD4A,72.992170751673,1.26287995611299,0.257733717700743,4.89994078919597,9.58655420736987e-07,1.48451640517775e-05
NKD1,93.5393006204689,1.34216697839894,0.273928002237924,4.89970710344971,9.59796305277487e-07,1.48492824914945e-05
ENC1,1001.01040917832,-1.82793551994254,0.37315076422739,-4.89865141701447,9.64966615889271e-07,1.49156770536181e-05
CLOCK,218.434979295695,1.20483985854361,0.247008981221693,4.87771680440338,1.0732085847801e-06,1.64837068786316e-05
PRND,311.350549276724,1.01496520567335,0.208326251401918,4.8719986023999,1.10474950716436e-06,1.6922209959922e-05
RASSF2,46166.1733824848,-1.01974451611982,0.209563483269604,-4.86604106884363,1.1385586839565e-06,1.73929954852473e-05
NKPD1,116.457938095144,1.40646673277486,0.289058098061469,4.86568873941656,1.14058903767066e-06,1.7408342758405e-05
SLC1A5,215.284763911078,1.92195953814192,0.395317142591486,4.86181683279047,1.16313226834935e-06,1.77205393702201e-05
DGCR9,225.851096014629,1.84438485248642,0.379474482369556,4.86036594863906,1.17168960981949e-06,1.78349022940416e-05
TFAMP1,98.8067533100638,1.11493285907673,0.229540977368404,4.85722798542983,1.19040504188155e-06,1.8103543343023e-05
SLC15A4,5962.27611398079,-1.23208316464612,0.253843040388577,-4.85372048317765,1.21166488370577e-06,1.83647501569781e-05
RPS16P5,174.870449273456,1.78061824107423,0.366953194845106,4.85243967374596,1.21951885946269e-06,1.84188390872387e-05
RRM2B,2335.63055632091,-1.27388085735459,0.262576568732343,-4.85146433097433,1.22553252622724e-06,1.84558456389785e-05
MED18,763.75951060184,1.10848237236589,0.228987455680672,4.84079954978711,1.29317764536668e-06,1.94056684325052e-05
TPT1,54836.8452321691,0.995598880509554,0.205703380869883,4.83997334559766,1.29856543938698e-06,1.94693044498903e-05
GRIP1,51.5450334735213,2.47438787429946,0.512502515860909,4.82805020018866,1.37876341609688e-06,2.05086526713376e-05
PFDN6,87.8080006671525,1.15363449069435,0.239009197456036,4.82673680750947,1.38788342161114e-06,2.06141035664812e-05
HLA-F-AS1,222.874203720438,1.14498714561813,0.237230590578014,4.82647344437475,1.38971914622794e-06,2.06174067742838e-05
ZDHHC9,160.946941277485,-1.95434686051098,0.405012700190566,-4.82539648655814,1.39725021048155e-06,2.06929586145662e-05
PHLDA2,20.5033497580767,3.10852193013817,0.644492264494365,4.82321061305049,1.41265666879813e-06,2.08846768143222e-05
KCP,121.909730721359,1.05832447417131,0.219443767480525,4.82275931698644,1.41585777268286e-06,2.09137842628141e-05
PAPL,121.69194584216,1.25123707895318,0.259556455746178,4.82067408169872,1.43073942355005e-06,2.10968805356137e-05
PKI55,85.6566231507634,-1.17896223557578,0.245004787399727,-4.81199672907737,1.49429800099794e-06,2.19767986767219e-05
CSNK1A1L,205.368922897205,1.1055978346972,0.229792821439924,4.81128099550422,1.49966000679946e-06,2.20365624548922e-05
VN1R2,240.493512555747,1.1288606154749,0.234685012736287,4.81010952643741,1.50847615090637e-06,2.2121208796459e-05
LOC400706,86.7261118476851,1.54583987320282,0.32141280325799,4.80951554366681,1.51296531383296e-06,2.21362476779077e-05
IDO2,28.9646492477136,2.4342783800876,0.506120607073918,4.80968043202413,1.51171784549034e-06,2.21362476779077e-05
KANK2,107.743551934494,1.32519454900756,0.275746565557059,4.80584244569073,1.54101222255205e-06,2.25077964209582e-05
SNX32,18.0643116932182,4.60921027068255,0.960136426078837,4.80057848602454,1.58207954903396e-06,2.30481151126218e-05
UGDH,183.843661264573,1.10528268203423,0.230234240495457,4.80068768075371,1.58121706812844e-06,2.30481151126218e-05
RPS6KA4,253.880913772705,1.27059967034434,0.264948469914906,4.7956482660663,1.62149583686025e-06,2.35614127943531e-05
KCNE1,515.980213933336,1.13069791840678,0.235784150776489,4.79547889322985,1.6228665776926e-06,2.35614127943531e-05
MIR7845,9.4913203799164,4.46187460921892,0.932122884798948,4.78678796753425,1.69471710734688e-06,2.4541585960658e-05
LOC283335,146.965114434903,1.30062947693263,0.272177737822232,4.7786034498608,1.76516937439093e-06,2.54748763793902e-05
PDE6B,111.163898162154,1.05489389021357,0.221077180447557,4.77160911894208,1.82759922792212e-06,2.63087481732776e-05
IL1B,492812.247020395,6.17139725821027,1.29442967051656,4.76765744696465,1.86380328927002e-06,2.67618184648823e-05
DDIT3,7352.13451917783,1.21312992940067,0.254657491858102,4.76377082232725,1.90008298878984e-06,2.72366625724165e-05
CRLF2,89.8270445760175,1.12849625901669,0.236920731929059,4.76318070532804,1.90565042345906e-06,2.7293416866622e-05
BCAT1,315.860254080249,-1.61765055768987,0.339901276951604,-4.75917764180745,1.94383302901658e-06,2.77408002831577e-05
DCBLD2,84.6547871277683,-1.74947335654275,0.367609763819545,-4.75905029933193,1.94505964747571e-06,2.77408002831577e-05
NCR3LG1,498.075482602656,3.17368874268654,0.667932095981995,4.75151405626133,2.01899121086974e-06,2.8722815449188e-05
LOC101927131,488.444959508284,1.17030636033325,0.246560907644005,4.74652032844958,2.06945934555497e-06,2.93238870449647e-05
LOC101927446,79.2841512800195,1.22895459105472,0.259394245512852,4.73778664065943,2.16065118106819e-06,3.05333653997413e-05
MESDC2,313.232339034748,1.40911874330434,0.297590218641879,4.73509764445609,2.18949661015941e-06,3.09152549647466e-05
ADARB2,215.796730480675,2.15489009655339,0.45519171314091,4.73402751927146,2.20107863649934e-06,3.10271649656702e-05
ASB4,32.0596564740522,1.90484341688652,0.402934611520554,4.72742564779484,2.27384284501651e-06,3.19467390443876e-05
GINS4,439.657075940382,1.17385903926078,0.248525788332785,4.72328866607977,2.32061091723105e-06,3.25499243696243e-05
ACAT2,177.872359251668,1.50871564731644,0.320015672654058,4.71450549532111,2.42298465516032e-06,3.36796851493701e-05
GOLGA6L7P,10.2362107813602,-4.83867618043437,1.02757877068061,-4.70881290903811,2.49163638206158e-06,3.44645906082715e-05
PBOV1,80.299133713929,1.10353212091896,0.234435183530472,4.7071949879721,2.51148655971269e-06,3.47108712471041e-05
LOC101927257,175.629760216622,1.09072827931708,0.231867647670234,4.70409861089517,2.54989988815613e-06,3.51844722778747e-05
ENO1-AS1,10.9069708239359,5.18811071253444,1.10293055736112,4.70393233545689,2.55197855935906e-06,3.51845492359398e-05
MRC1,22.9724992371431,3.42128753970357,0.727515529275925,4.70270035762492,2.56743072376654e-06,3.53688589640955e-05
NPTXR,166.941359833123,1.04152834604776,0.221622027028213,4.6995705256101,2.60709178699297e-06,3.57989982272206e-05
CTH,65.9589588241037,-1.25935855255788,0.268238375527038,-4.6949231260571,2.66707004423952e-06,3.65044457990589e-05
ZNF414,399.971637687111,1.26012059699955,0.268501051934914,4.69316819401144,2.69006143223908e-06,3.67598410853154e-05
KMO,30.3539881218302,1.82517895283402,0.389502084893498,4.68592858324002,2.78693439393996e-06,3.79005212611772e-05
ZEB2-AS1,10.3327626136986,3.98783276987715,0.851155525953194,4.68519870726474,2.79688452454702e-06,3.79749793204896e-05
LINC01448,93.7216587416294,1.02044103942267,0.218020209034781,4.68048830858555,2.86192432803485e-06,3.88270021546023e-05
BACE1-AS,67.9240626633519,1.13816671483071,0.243269259297814,4.67862942533709,2.8879885227599e-06,3.91493140641222e-05
PGS1,3683.55489980825,1.36262437982271,0.291975183612591,4.66691847904004,3.05750566263899e-06,4.12495914994507e-05
CDCA4,61.9365038185123,1.63340705958097,0.350012358087155,4.66671253697346,3.06057044135336e-06,4.12581425978152e-05
SH3GL1P1,77.4739896664778,-1.3586796507425,0.291350813851535,-4.66338031729286,3.1105712101001e-06,4.18656737334012e-05
TMEM169,102.960458827165,1.08158595028111,0.232448916534618,4.65300491138244,3.27132453039576e-06,4.37517099526216e-05
TRIM55,8.64621847228039,5.48711451563655,1.1803190493826,4.64884008989497,3.33806873540856e-06,4.45040868635931e-05
MRPL16,149.102900422166,-1.0053901285435,0.216355511638262,-4.64693559655864,3.36902290237273e-06,4.48815201719544e-05
MYH7B,127.868158312005,1.73842903294093,0.374130713657122,4.64658198186353,3.37480050195667e-06,4.49232267601636e-05
INHBC,19.469041079691,4.25704045198274,0.916591699387823,4.64442396197342,3.41026617781537e-06,4.53295659790918e-05
TMEM38A,263.914535595582,1.03890304141805,0.223689415587541,4.64439964085594,3.41066790922109e-06,4.53295659790918e-05
TCHH,7.09284761402733,5.76002882738543,1.24269407542277,4.63511409710861,3.5674065645953e-06,4.73015814174308e-05
NFE2L3,770.809094191498,1.0088540372561,0.217780472752047,4.6324357023723,3.61388591096641e-06,4.78804618898688e-05
MIR6821,12.3734914592113,4.28218677379346,0.924717710339943,4.63080432645683,3.64247980709468e-06,4.81465477305381e-05
TXNL4A,137.965036502659,-1.05058589620211,0.226930070424538,-4.62955788202367,3.66447286918442e-06,4.83619234337464e-05
MDC1,282.940311335483,1.0882251266567,0.235096187308479,4.6288505956449,3.67700923963481e-06,4.84896665229853e-05
IL18BP,422.996645570032,-0.995589076745473,0.215858882893211,-4.6122219451956,3.98387275332817e-06,5.20911312553819e-05
SNHG5,128.040495066719,0.988488426602037,0.214402650721357,4.61043006360355,4.01836809853735e-06,5.24613410525969e-05
LINC-PINT,3127.0221974532,1.22230214241955,0.265241796015713,4.60825616769366,4.06060195229065e-06,5.29719725859162e-05
FOLR3,275.887784899013,-1.82016760220568,0.395497422290141,-4.60222367990653,4.18003930188271e-06,5.43213070685707e-05
CASP8,8500.88357956182,-1.03416724517634,0.224807694725797,-4.60023063907014,4.22023413219538e-06,5.48016937196787e-05
ATP5L2,74.667603445236,1.66926717652883,0.363494662103441,4.59227424928128,4.3844167574221e-06,5.68032986312732e-05
CDH17,49.8348806038859,1.68960870482604,0.368092111150548,4.59017907106137,4.42865901447847e-06,5.72453928360462e-05
LOC101927438,14.4373014567237,2.60905404185448,0.569050168045439,4.58492798766056,4.54142930932842e-06,5.83529717324473e-05
CYYR1,25.5494179849194,-2.2896342021618,0.49946286901875,-4.58419302852289,4.55743079789565e-06,5.85088619530143e-05
DSE,1642.26143531041,1.40016694305851,0.305512478376557,4.58301065311233,4.58328680424973e-06,5.879632928324e-05
TRA2B,2136.90071826721,1.06756633751315,0.232985998817211,4.58210511761571,4.60318387855305e-06,5.90069764250773e-05
LOC643733,32.0238185755838,1.82862262195212,0.399298220122639,4.57959121728737,4.65885574695172e-06,5.96755469715204e-05
RPL21P44,207.138168444587,-1.00149838169304,0.218702321581843,-4.5792764084503,4.66587265431028e-06,5.97203549690454e-05
LOC644656,36.4381625208784,1.83189058361588,0.400063525440085,4.57899925168317,4.67205869745811e-06,5.97544688871582e-05
AHR,672.273077555796,1.35860672801536,0.296871124166279,4.57641925206035,4.73002158845293e-06,6.04047602702958e-05
MET,42.364378050531,1.43550600465315,0.313714042055906,4.57584236665229,4.74307593644737e-06,6.05259284160788e-05
OSGIN1,215.384745840838,-1.18917240429821,0.260027242294573,-4.57326083915105,4.80191728610077e-06,6.11847899247013e-05
VCPIP1,2919.32954874421,-1.39321356931545,0.305410005419613,-4.56178103072057,5.07215290078306e-06,6.43863717517502e-05
LINC00921,1633.25898521166,1.50296439728511,0.329588950125475,4.56011767601106,5.11249632684565e-06,6.48499907766999e-05
CA4,1070.84885452503,-1.08401402816488,0.238311869990911,-4.54872024715438,5.39731359585431e-06,6.81508345295184e-05
TBCC,344.030433937283,-1.67371991934415,0.368668215555549,-4.53990837485681,5.62786790296434e-06,7.08051697917797e-05
LOC643802,1822.26274792185,-1.36380077973816,0.30062606131125,-4.5365354347179,5.71858848669456e-06,7.17914996430849e-05
NLRC3,847.814473640299,1.10243127027615,0.243484226794291,4.52773177462353,5.96201919975817e-06,7.42387306370475e-05
MCM6,136.148002791805,-1.40874500872308,0.311414117116208,-4.52370310558975,6.07669502802536e-06,7.55558007440633e-05
DGCR10,66.0161536416768,1.56502482159825,0.346229121576474,4.520199844751,6.17812826126922e-06,7.65925440834632e-05
CDC42BPG,235.563202726365,1.89344841694172,0.419138427097949,4.51747750749476,6.25806731439629e-06,7.74139347375611e-05
LINC01224,49.4216853159421,1.28205802781519,0.284590240485912,4.50492619011178,6.63960162807934e-06,8.1480346226871e-05
MTHFD2P1,136.620113277271,1.0000136849641,0.222407537140156,4.49631203071105,6.91422479120057e-06,8.44231821268029e-05
GOLGA6L22,13.7017999369298,-2.82693214806412,0.628746998540464,-4.49613621158653,6.91994156166774e-06,8.44322416855679e-05
MT1JP,8.83592981437108,3.16526652122136,0.704182839861174,4.49494980855452,6.95863588563324e-06,8.47824610559708e-05
C7orf65,99.0449126745532,1.23466851652249,0.2746701223246,4.49509581192592,6.9538628685158e-06,8.47824610559708e-05
TRIM16,99.0940827291251,1.10127805659524,0.245082101649848,4.49350666238636,7.00598285081852e-06,8.52980924993486e-05
LOC101928988,67.7603107960745,-1.76812005949256,0.394199285408963,-4.48534567397357,7.27958197696199e-06,8.82493323664278e-05
P3H2-AS1,375.671726587001,1.26848733366373,0.283116789237372,4.48043839816294,7.44898774405454e-06,9.00457407351094e-05
CLMP,44.3015171379476,2.31373671447379,0.518559594165554,4.46185306473206,8.12539353597295e-06,9.78043823351298e-05
SPACA6P-AS,87.5107839545333,1.93816469228236,0.434598536833669,4.45966686036991,8.20871449439901e-06,9.8527795190198e-05
HRH4,1384.35518907372,3.13430567667913,0.702894209582274,4.45914283252075,8.22880732731915e-06,9.86429519205887e-05
DCTN4,2995.08512446726,-1.02490554690256,0.229845134773898,-4.4591135153275,8.22993282580448e-06,9.86429519205887e-05
DNAJB1,7439.8622742615,1.40600223516676,0.315423754788298,4.45750268907434,8.29199973148871e-06,9.9316739197478e-05
RAB13,104.381509822349,1.64827839576143,0.37023604725451,4.45196627390623,8.50875324647525e-06,0.0001018410155847
TDGF1,71.0190854570085,1.35843218925252,0.305669364748451,4.44412278728172,8.82511955370925e-06,0.0001053000807833
CXCL6,206.746169329773,-1.10226102770047,0.248031655134888,-4.44403367425429,8.82877768999818e-06,0.0001053000807833
SLAMF7,431.335137228316,1.11661853323827,0.251822543930493,4.43414841185338,9.243693537512e-06,0.0001100168069555
SH2B3,4853.28530245929,-1.17798301834587,0.265791622823186,-4.43197948014151,9.33719056407546e-06,0.0001110127487918
LINC01565,155.209526229447,1.0552542094397,0.238242238843972,4.42933299552645,9.45249772039941e-06,0.0001121872666507
SFN,314.708272360867,1.17578002778115,0.265533275040308,4.4279950511011,9.51130834347559e-06,0.0001126489359424
VPS9D1,2309.74965443092,1.56865746750818,0.354254335533182,4.42805439528983,9.5086924213742e-06,0.0001126489359424
IRF1,54022.4811447505,1.45370608053659,0.328318509082958,4.42773112182134,9.52295081106078e-06,0.0001127081737554
PRKCG,35.6648823541218,1.84174433667646,0.416360900296814,4.42343249657573,9.71449941850822e-06,0.0001147091886204
SLC16A14,96.7790215646162,-2.91506204006279,0.659020260110791,-4.42332689373271,9.7192511318886e-06,0.0001147091886204
LOC101927580,81.8114655935223,1.22239097806072,0.276573094179738,4.41977547268686,9.88035017314999e-06,0.0001162893919131
RAB3D,5452.14967696256,-1.11612467235913,0.252776057371087,-4.41546831597507,1.00791542711098e-05,0.0001182219378184
NFKB1,4820.25920112439,1.07555706616652,0.243588706892758,4.41546358977983,1.00793745005481e-05,0.0001182219378184
TNFSF15,968.545118455575,1.57926665282053,0.357802163133045,4.41379850527426,1.01572501700751e-05,0.000119053073126
LINC01249,10.7451425116978,5.88378692406152,1.33395848022375,4.4107721576721,1.03002654976739e-05,0.0001205628317424
PRSS8,32.9008898106415,2.14954032523246,0.487795507141262,4.40664231991372,1.04985336999595e-05,0.0001227988380122
INHBA,89.6140012935158,2.82563940687744,0.641512273428326,4.40465369707871,1.05952998659091e-05,0.0001238453370001
RELB,3002.84533450778,1.00361425151947,0.227926154471956,4.40324303213283,1.06644583898224e-05,0.000124567920022
MTMR7,68.3320559155933,-1.37518736979293,0.313120913360377,-4.3918732704072,1.12378199334437e-05,0.0001308150067972
LOC100289495,62.652121676755,1.69361848800401,0.386043606118754,4.38711705403306,1.14862981065086e-05,0.000133494154651
ALG3,44.6961376988397,2.01536814861442,0.459488450445065,4.38611274486293,1.15394325167861e-05,0.0001338668822111
HTATSF1P2,2634.68601882076,-1.16504068354825,0.265841093708299,-4.38247024678068,1.17341194993688e-05,0.0001355694187496
LOC644285,272.154542701325,-1.11087836544533,0.253722837250374,-4.37831445322013,1.19600702646519e-05,0.0001379920547462
DNAJA1,14934.8373182943,1.0509181298928,0.24029282929488,4.37348935037567,1.22276212460711e-05,0.0001409831438779
MIR29B1,26.7475835708653,3.22577947309374,0.73772743060883,4.37258984721712,1.22781260993321e-05,0.0001414693524493
LINC01268,100.364001662235,1.56786901223828,0.358603721632255,4.37214930481429,1.23029340184044e-05,0.0001415657450424
LINC00368,29.4185374860213,1.67388837822301,0.382896692768448,4.3716449105902,1.23313963100528e-05,0.0001417943483565
MIR6891,30.3303323410026,2.07571546890275,0.475424218019081,4.3660280444936,1.26526241880696e-05,0.0001448990133062
RGPD3,973.631873595021,-1.11243659337103,0.254865395306417,-4.36480045489731,1.27238853967999e-05,0.0001455187216674
MKNK1-AS1,109.155413078574,-1.5154907215236,0.348115155814821,-4.35341781651631,1.3403135501887e-05,0.0001529778182501
PI3,36508.2546738642,3.01625709831637,0.693923570632945,4.34667047779507,1.38219630795952e-05,0.000157334914411
DDIAS,123.20903514182,-1.19977498132024,0.276231047724084,-4.34337483496296,1.40310432139613e-05,0.0001589685349982
MRAS,35.9036887819297,1.43466577042965,0.330662530045005,4.33876124468769,1.43288084935813e-05,0.0001619098120859
DCTN6,321.38037056439,-0.991859917189647,0.228825481780427,-4.33456933848566,1.46045751025914e-05,0.0001646063643308
CPNE9,23.3128572769357,2.42183303918204,0.558964719541721,4.33271180543852,1.47283854262696e-05,0.0001656528545093
RAP1GAP,162.064220699184,1.01404466949021,0.234197975046851,4.32986096180956,1.49203516256597e-05,0.0001675898132301
C6orf222,18.5596972125413,2.33011808053093,0.538229874975296,4.32922472138485,1.49635183589215e-05,0.0001679635142775
DUSP6,16931.7889641909,-1.14140819849868,0.263759382927715,-4.32746007299953,1.50838677383853e-05,0.0001689791440632
TMEM41B,1415.58156106694,0.995776314137256,0.230441395002814,4.32116944147598,1.5520443006525e-05,0.0001734120860478
CEP19,2260.65145959415,-1.13983162899336,0.264157162729358,-4.31497528674311,1.59620759117953e-05,0.0001777613860728
ABCC6P2,19.3848623036705,-2.0283208512946,0.47023602861827,-4.31341013417149,1.60755500485135e-05,0.0001787904557164
NSUN4,624.980965118069,1.1240638731844,0.260676072947828,4.3121098936049,1.61704022849697e-05,0.0001794925229434
HSF2,72.9382454420307,-1.2455851498017,0.288937852172374,-4.31091025435673,1.62583886259312e-05,0.0001803324209297
LINC00106,55.4044019606276,1.30551534058371,0.302848362223179,4.31078884165017,1.62673189042793e-05,0.0001803324209297
GUCY2C,89.0940504627466,-1.07772293159606,0.250303426380482,-4.30566591588653,1.66484153756293e-05,0.000184076160101
BATF2,428.936707591377,2.9766668579153,0.691824121410442,4.30263525915617,1.68778571087673e-05,0.0001863701957384
PLEKHA4,13.0145478936005,3.0791432089735,0.715793634230224,4.30171918514596,1.69478012731257e-05,0.0001870208603429
MAP2K6,475.4778332506,1.49415849233958,0.347358661998279,4.30148620375265,1.69656338989102e-05,0.0001870959964472
ATOH8,40.0882661072772,-2.69838972195495,0.627483958196491,-4.30033260086941,1.70541955842776e-05,0.0001879505243223
EPHA3,23.8037546417837,1.79911627258345,0.419134892870379,4.29245167411973,1.76711019108952e-05,0.0001939934939403
ACOT9,1798.92798989615,-1.12415710102973,0.26198861698899,-4.29086238153994,1.77980591100451e-05,0.0001950088180863
RGAG4,134.702667048256,-1.17377226090107,0.273603500524276,-4.29004840454125,1.78634179548161e-05,0.0001954725528879
PINLYP,8.70673963965555,4.26854151418165,0.997616775174419,4.27873871049868,1.87955345069166e-05,0.0002047482744874
SLC5A3,513.398628135721,-1.06460891799206,0.248851127264464,-4.27809562164714,1.88499049346687e-05,0.0002050772990712
SPSB2,99.6768504590697,1.57832359985109,0.368980488865015,4.27752590578982,1.88981971046736e-05,0.0002054709809484
LINC00957,138.617084566721,-1.19328689990805,0.279117295264597,-4.27521662094369,1.90951540871177e-05,0.0002070817604898
PMAIP1,6099.06545365809,-1.62861793259307,0.381191216062642,-4.27244349808269,1.93342553414906e-05,0.0002092735852396
MATN3,5.07384023584046,5.59807683548109,1.31072169808289,4.27098814620148,1.94608753331218e-05,0.0002105098637053
LOC101929337,42.2999672750978,1.68909940185285,0.396098527529023,4.2643415323706,2.00492575855297e-05,0.0002159111673487
ASPHD2,133.084374063609,-1.20881488561337,0.283589559844849,-4.2625507309744,2.02106596051302e-05,0.0002175112966507
RAMP3,37.9741963154991,1.55554241756785,0.365326587140666,4.25795020762861,2.06309884489094e-05,0.0002211933897377
SNHG10,21.8995208926257,1.8106157441224,0.425524406998416,4.25502207239816,2.09028394077862e-05,0.0002238252305545
VPS18,1780.98974894529,-1.04796549351881,0.246338441075822,-4.25416954390909,2.09826278233641e-05,0.0002242551381726
C8orf86,109.626943538066,1.05830505056298,0.249498604397915,4.24172733597794,2.21806062042943e-05,0.0002345478183796
C1orf162,1122.03432828024,-1.23430902246586,0.291188972302213,-4.23885909108131,2.2465860790341e-05,0.0002369736415995
ZNF627,49.5731384385781,-1.64464867315126,0.388413406411451,-4.23427370426309,2.29291544469747e-05,0.0002412607621041
MIR6775,8.00516385306371,3.82755193910898,0.906535970117164,4.22217326755859,2.419579924445e-05,0.0002533319585298
ISL2,145.521480655195,-1.4239874530662,0.337593447523855,-4.21805418177014,2.46419613747821e-05,0.0002572099436979
CATIP,63.6614875594179,1.1630295453901,0.276212165766478,4.21063837707053,2.54650087987347e-05,0.0002653113132793
MAP3K14-AS1,115.721955688172,1.35230178376963,0.321385001974854,4.20773146058457,2.57947140717777e-05,0.0002683643195482
KCNRG,107.827512917841,1.19930577769478,0.285044607072712,4.20743191745021,2.58289183449329e-05,0.0002684436020515
CEBPE,105.946176068555,-2.58454964358623,0.616204757133172,-4.19430329556457,2.73711552188707e-05,0.0002827408681525
ALDH1B1,90.5203706486972,1.11729362024103,0.266585899077532,4.19112047601619,2.77580207542872e-05,0.0002856938315595
TMEM206,36.7542731010154,-1.78680532037662,0.426659311138546,-4.18789716696562,2.81551027411553e-05,0.0002889691124307
LOC101927136,51.5139834279546,1.09826010558372,0.262390871426698,4.18558808700986,2.84428737692804e-05,0.0002913291814195
HAUS8,126.332117135887,-1.27112272994711,0.30388455815627,-4.18291320118166,2.8779729284043e-05,0.0002942467261498
CASS4,43649.1333850092,1.55799284518097,0.37257210923098,4.18172162268615,2.89310058325552e-05,0.0002954374434356
PRR19,7.40785321383435,5.128656544164,1.2270307528589,4.17972942586368,2.91856142982206e-05,0.0002975004479696
LOC100131635,22.9848035304386,2.50787110149453,0.600619187370559,4.1754761656445,2.97363388874362e-05,0.0003025690309337
CSF3,6.36972694849359,5.7216037534782,1.37249851251844,4.16875042216216,3.06274132950053e-05,0.0003105187923792
LINC00628,15.8645986684346,3.00479144662408,0.720963249838896,4.16774564763949,3.07626920112154e-05,0.0003115181436839
GZF1,3009.61385662381,1.2993850020802,0.312138553362019,4.16284687708272,3.14304149624036e-05,0.000317900478392
USP3-AS1,106.456992520992,-1.16074707505399,0.278885565306137,-4.16209090556486,3.15346756506076e-05,0.0003185753066322
CLP1,125.124937753446,-1.31543284608488,0.316405874859099,-4.15742231926213,3.21858665120047e-05,0.0003245742878441
FZD10-AS1,49.2300670095456,-1.53277394989284,0.368917357054914,-4.15478946864698,3.25587190302135e-05,0.0003275557672678
MYOZ3,92.333731919857,1.13536330065922,0.273363049410239,4.15331663554635,3.27690810857364e-05,0.0003290868900515
HOXA3,42.1451018146551,-2.05157977515615,0.494137119440569,-4.15184307035832,3.29808394259624e-05,0.000330626584015
PPM1N,80.429809082494,1.42036839066619,0.342876706806964,4.14250476182345,3.43533233429281e-05,0.0003437762993963
NEDD4L,114.949817687996,1.15653630494979,0.279391428360329,4.13948384793757,3.48088106387874e-05,0.0003477193255806
DRC7,492.019621689957,1.87908389745664,0.455270080643738,4.12740475895028,3.66880302346827e-05,0.0003649878365433
MIR4260,7.58512405177677,3.68307783427095,0.893013054448519,4.12432698035465,3.71820369168974e-05,0.0003694692801835
C20orf195,9.12713599375874,2.94009416553443,0.71290736760101,4.12409002789252,3.72203302423309e-05,0.0003696333790946
LRRC17,112.898739738812,-1.01968825787031,0.247282290212235,-4.12357980425992,3.73029134214643e-05,0.0003698043496431
BCDIN3D-AS1,72.9401550326854,1.01468735679415,0.246110340771111,4.12289607017298,3.74138532284496e-05,0.0003706876339715
KCNK7,322.667001349842,1.11215912056266,0.270045382077766,4.11841562335027,3.81486199375569e-05,0.0003770869991731
MIRLET7I,4.26592628827698,6.02852163774531,1.46480488375168,4.11557996878395,3.86207062908683e-05,0.0003810875739352
TSC22D2,5919.55103430767,0.843284094385934,0.205225495968371,4.10906106186679,3.97271033024869e-05,0.0003915495918988
ASTL,196.166045301187,1.99241121643906,0.484983438933885,4.10820464471709,3.98746714420044e-05,0.0003925480996019
SIGLEC9,1958.17192516942,-1.07631000511635,0.262064648618352,-4.10704004065726,4.0076177735413e-05,0.0003943031237828
LOC101927924,93.6069646714932,1.14726053704869,0.279361523275056,4.10672351581902,4.0131111420865e-05,0.0003946148453273
LOC101927623,51.0842912330119,1.1701117198971,0.284976033686626,4.10600044066797,4.02568711385525e-05,0.0003953932968538
DNAH17,2027.689560778,1.18539505456568,0.289078222439385,4.10060309822972,4.12074797414679e-05,0.0004028648307443
TET2-AS1,46.047294224283,2.25484595088209,0.550273317205736,4.0976836062706,4.17305136627564e-05,0.0004069911151728
SLC19A3,70.3888017090954,1.19157936672491,0.290940564540251,4.09561096647991,4.21056485241946e-05,0.000409757492404
RGS18,6562.54635936516,-1.26883844083911,0.309850640807083,-4.09500021537508,4.22167995366222e-05,0.0004106037373842
FAM229B,50.1029311478111,1.18027812324922,0.288521765022845,4.09077673275624,4.29930870316814e-05,0.0004162456777533
PMS2CL,102.945235753727,-1.28384320019227,0.313896525841199,-4.09002041915485,4.31335213863463e-05,0.0004173672320234
TRIM25,33308.4731803074,1.10637086220041,0.270553742188379,4.08928316145806,4.32708361570816e-05,0.0004184573397481
RGPD4,1095.64857661806,-1.04198301691784,0.255066405273023,-4.08514408552747,4.40494734815473e-05,0.0004250185696013
IRG1,51.8622331502944,9.51727444640178,2.33095846736772,4.08298756912188,4.44604021104988e-05,0.000428739741261
CYP1B1-AS1,8.86194827932692,-3.73313650938533,0.914947008714408,-4.08016691002768,4.50033745670803e-05,0.0004337292862876
P2RY6,38.3135034459149,1.5962111834114,0.391233470542799,4.07994536151727,4.50462876394569e-05,0.0004338964777621
SMIM13,69.1051203655262,-1.07009272877638,0.262404033382885,-4.07803460556934,4.54180076419358e-05,0.0004367333856651
AMDHD1,19.396668344698,-2.31527022111961,0.567774979105602,-4.07779544066345,4.54647392978787e-05,0.0004369351955626
NDUFV2,522.328337458611,1.1030151075255,0.270960711873192,4.07075660489741,4.68606909314714e-05,0.0004495871376421
P2RY2,980.506021193144,-1.1425379428924,0.28089759429468,-4.0674536418201,4.7529660113005e-05,0.0004552291059718
LSMEM2,38.8161170505122,2.42206493051026,0.596718837859818,4.05897179180265,4.92892666307943e-05,0.0004689111172969
LOC148696,216.402579247091,-1.46872394396127,0.362351789893362,-4.05330947694093,5.04981280502081e-05,0.0004785339080224
MIR3181,11.3005582184221,3.09687201354565,0.765323780015003,4.04648606826896,5.19922175224386e-05,0.0004907741467134
SYNJ2,196.416340732418,-1.47534417823592,0.364693590510806,-4.04543489829227,5.22260782143036e-05,0.0004926761069054
SAMSN1-AS1,29.6293698414202,2.38276592932485,0.58995668798212,4.03888281608406,5.37063861693257e-05,0.0005042130819772
ACKR2,163.790249024229,1.07378151659991,0.26586292807942,4.03885387239526,5.37130127395093e-05,0.0005042130819772
LOC101927472,101.701574604373,1.06719216436554,0.264883158061654,4.02891664451214,5.60344806850325e-05,0.0005242652735316
REL,11690.2913834314,1.04394066572497,0.259164287298164,4.0281038587849,5.62285051847685e-05,0.0005257907382897
HAUS1,40.1116071170872,-1.79120114321647,0.445777264408442,-4.0181527552632,5.86561688627804e-05,0.0005460847492809
STX2,274.065569294844,1.01562403763617,0.252849743856361,4.01670977453364,5.90163310535827e-05,0.0005491366067112
GLRX2,41.8164831385677,-1.49580582198708,0.372502098767329,-4.01556347450646,5.93039345342108e-05,0.0005515103435148
GK,21964.2915767722,1.12906424811396,0.281249816782861,4.01445327513102,5.95837452819215e-05,0.0005535059249725
TUNAR,43.4094940097766,1.68364645893191,0.419769173776685,4.01088637306084,6.04912194527728e-05,0.0005600965502195
TMEM140,2770.04177004,-1.02909795144874,0.256714086482769,-4.00873191474756,6.10456695271319e-05,0.0005649220846316
SFR1,167.53968411649,0.956262823062079,0.239007202702857,4.00097910124886,6.30809295359727e-05,0.0005821694051574
PPFIA4,30.8185451480053,-1.58947889824738,0.397452353290373,-3.99916841626079,6.3565436321721e-05,0.0005860035769974
KCNJ1,34.7739077430818,1.59072324838878,0.397952024985685,3.99727391372364,6.40761410004417e-05,0.0005900706809872
CROCCP2,60.7010560523026,-1.17205567864484,0.293547673908134,-3.99272684753631,6.53177958234749e-05,0.000599553072318
PYCRL,143.883512406409,1.02866066826498,0.257629284377979,3.99279402863143,6.52992862541989e-05,0.000599553072318
FAM124A,91.635826001895,1.07164073300524,0.268548987839233,3.99048509408933,6.5938293318459e-05,0.0006045946592117
C2orf81,26.7278303110141,1.75560621496801,0.440552904944017,3.98500655713779,6.74782622834595e-05,0.0006170479889412
SSX2IP,74.4143187563895,-1.09848575903546,0.275771741448042,-3.98331516226954,6.79605330220087e-05,0.000621002670068
NPHS1,328.201817602881,1.37836454966875,0.346267460660104,3.98063550944438,6.87312699493775e-05,0.0006271543621402
POM121L9P,45.4774672284954,1.38744065289906,0.349174451599471,3.97348845696923,7.08275921643851e-05,0.0006438596112554
GHDC,158.969862656711,-1.17851587772741,0.296866125523645,-3.96985636420663,7.1915971976485e-05,0.0006520074125987
LOC102724297,36.0723527109704,1.56178362552334,0.393618695999922,3.96775773456566,7.2552031274289e-05,0.0006574228909702
HHEX,364.611382263679,-1.35938640786155,0.343047843155976,-3.96267294775985,7.41152805729492e-05,0.0006699264244173
UBR1,1097.42438661569,0.964452770253821,0.243387162997784,3.96262793145998,7.41292614338795e-05,0.0006699264244173
C5orf56,1351.15900032651,1.56471398912018,0.395285213164012,3.95844301029026,7.54399359498396e-05,0.0006796001024101
PIGA,822.271948999025,1.00187903528637,0.253187219085647,3.95706797090521,7.58753461054228e-05,0.0006831598801598
TRIP10,71.2478465309867,2.19152888171622,0.554122714005218,3.95495226296675,7.65499349554334e-05,0.0006888682375734
ZNF200,2613.30333462656,0.776108971254551,0.196692215966119,3.94580419688922,7.95325882567805e-05,0.0007119341180875
TEDDM1,138.609643145373,1.28021490610092,0.32446779394587,3.94558390690231,7.9605748926738e-05,0.0007122133741616
EXOC3L4,5.81994862491409,4.04978686691944,1.02655884743019,3.94501189781509,7.97960164756344e-05,0.0007135395108664
ANKRD53,5.81984516092151,3.60527977420785,0.914391365578217,3.94281913623282,8.05293855332246e-05,0.0007178281151627
IL12B,16.9160176792693,-2.42841275437748,0.616087891460809,-3.94166609673088,8.09175709439117e-05,0.0007209097186667
LINC00176,14.7441272792532,1.89266764969244,0.48033110337016,3.94033956246611,8.13663534367167e-05,0.0007233890783278
CACFD1,46.7129926880003,1.47750308379835,0.374962760036853,3.94039953101779,8.13460146826766e-05,0.0007233890783278
FAM184B,118.376350654183,-1.13558038604106,0.288364920082551,-3.93799767917668,8.21643890633047e-05,0.0007286649352724
GAS5-AS1,19.4426195767984,1.76030725116447,0.44859338118973,3.92405979440868,8.70691095247673e-05,0.0007664610616464
FAM20A,99.3132806947853,-1.16759039696668,0.297869489474425,-3.91980527789816,8.86205417039522e-05,0.0007789061801136
BATF,180.445909933412,1.43876848027483,0.367174629578832,3.91848554984632,8.91070702391226e-05,0.000781967526421
LYPD3,142.269553546411,2.18441603900999,0.557896665272733,3.9154491772094,9.02360522642567e-05,0.0007906485694522
MC1R,53.5399670671087,1.52532333722883,0.389630301567575,3.91479649065303,9.04804917525761e-05,0.0007923812724585
TMEM184A,55.1563410662535,1.25199841794327,0.319882324284019,3.91393435303303,9.08043322011864e-05,0.0007948071821137
ERN2,43.3903730830423,1.62642832519019,0.415736696938166,3.91215963654056,9.14744097025958e-05,0.0007994354693473
KLK4,4.86243163374635,4.16985506709811,1.06607485344582,3.91140927264169,9.17591261431734e-05,0.0008015110081842
ATP1B3,728.976299444214,1.57067807781316,0.401827364020121,3.90883801963898,9.27411179915649e-05,0.0008092556578677
SNORA78,11.1190352340133,3.68009516521782,0.942048247788502,3.90648268160044,9.36493519908268e-05,0.000816760946551
PLGLA,62.5049523110115,-1.61663407064055,0.414356471918112,-3.90155380741836,9.5577210327361e-05,0.000833146591513
LOC101928163,66.3342533733123,1.04552585633671,0.268273906567994,3.89723275629761,9.72980970287352e-05,0.0008451091621144
PPP1R35,502.024629737842,1.25404365887391,0.322178577088625,3.89238685640153,9.92627960068416e-05,0.0008599735445779
ZNF658B,177.746814106591,-1.07899515571082,0.277509531291203,-3.88813728555718,0.0001010164876407,0.0008720507773342
SBF2-AS1,118.143417614555,1.30702874983841,0.336248088032188,3.88709645157384,0.0001014504508168,0.0008744626974425
TIPARP,2788.8802671613,0.925168114916337,0.238314291388026,3.88213442646614,0.0001035436084859,0.0008902442366885
LOC101928565,56.7276768081922,1.15543927564086,0.297703571251248,3.88117371513063,0.0001039535519629,0.000893316295653
AK2,1541.13637513032,1.17505810909448,0.302897115545279,3.87939682746442,0.0001047158041788,0.0008985018344407
IL22RA2,13.9421759575243,4.48637951007728,1.15851609993286,3.87252236748138,0.0001077147871775,0.00092283461281
PRAP1,55.0094798680412,1.14647341856527,0.296551597886155,3.86601666198203,0.0001106273833436,0.0009422033384945
MRPL40,28.0089241684662,-1.8117573869773,0.468614247540515,-3.86620209796473,0.0001105433450314,0.0009422033384945
DUSP13,36.854466477549,-1.50890484371887,0.390569783545549,-3.86334249931267,0.0001118460169773,0.0009500753754451
APTR,75.9939099866544,-1.29977823487802,0.336741753437789,-3.85986656423987,0.0001134489573547,0.000962727852112
LOC101929767,118.437173782287,1.10225556820017,0.286189172762634,3.85149290436077,0.0001173999323438,0.000992286679153
PDZD2,51.2525793104179,-1.25585275987374,0.327082816035921,-3.83955591153962,0.0001232570582227,0.0010366297285214
HCST,720.716557052548,0.79368777114467,0.206865100348129,3.83674080262445,0.0001246779405086,0.0010465054432807
TBC1D7,448.523590501847,0.980831930397913,0.255630577402999,3.8369116103495,0.0001245912898357,0.0010465054432807
MIR6807,7.02970432692397,3.59591320688167,0.937684254220781,3.83488705360621,0.0001256220073859,0.001052867510792
LOC101929380,67.8049690152195,1.17234583835214,0.305830812737497,3.83331498830499,0.0001264278959943,0.0010590988404818
PRR7,688.071479386978,0.700730531251768,0.183221455767926,3.82450040206718,0.0001310375322805,0.0010928594584108
HYAL4,98.3619197913318,1.21023696726266,0.317442317694985,3.81246261068921,0.0001375890477917,0.0011391030824984
KIAA1755,26.8718651513173,1.63387481809225,0.429383901134679,3.8051608683386,0.0001417120578611,0.0011692450393874
ATAT1,99.979729437297,1.19676032657073,0.314747722523359,3.80228430876705,0.000143368067359,0.0011800401742083
PDZK1,18.1868812325233,2.1457011103168,0.564358087892244,3.80202066090792,0.0001435207553481,0.0011801522576396
EXOSC3,91.9576349748733,-1.06297824174028,0.27985728128129,-3.79828688706464,0.0001456996263583,0.0011963299751106
CLK4,775.046063051734,-1.17879011053566,0.310674839083993,-3.79428895500921,0.0001480671608383,0.0012134214648712
UNC13A,45.6310427588333,1.28417881371767,0.339627330012036,3.7811409749391,0.0001561112364458,0.0012731955333774
HCRTR1,6.52018820124063,3.58026431193014,0.948952338955848,3.77285998985954,0.0001613868629458,0.0013111813489309
DDIT4,4954.64774359282,1.41432071431657,0.375712286968294,3.76437173702526,0.0001669683430119,0.0013462169679806
C15orf39,11328.3779426865,-0.982410347792766,0.261020592120119,-3.76372737420146,0.0001673993789993,0.0013479552078257
ZNF439,73.9955792849169,-1.08739526992013,0.288923104318579,-3.76361479461719,0.000167474794611,0.0013479552078257
CALB1,10.7031659734956,-3.51395748639921,0.933726788284817,-3.76336796854043,0.0001676402520865,0.0013484314494845
MIR29A,17.1235860862231,3.19275576972834,0.849633874561237,3.75780187834099,0.0001714125120298,0.0013761651628055
LOC102467655,27.5279518122642,1.76231985125284,0.469043338867947,3.75726442572718,0.0001717809517017,0.0013784710696372
RGS1,944.1680258094,-1.37444371976402,0.365864457106397,-3.75670195086569,0.0001721673424672,0.001380918778995
DUXAP8,44.370564304777,1.29763590266511,0.345488194223756,3.75594860941818,0.0001726861292656,0.0013844255956055
ZNF704,10.2304793625127,2.24462415043978,0.597641744724279,3.75580215112874,0.0001727871579698,0.0013845815132502
TMEM252,105.187886604644,-1.74510682201968,0.464813168856484,-3.75442637804975,0.0001737389004373,0.0013902388581905
LOC102723604,25.9042696250197,2.59663393163318,0.69295053245013,3.74721399297006,0.0001788095347349,0.0014261068719554
AEN,85.942250629111,1.4632177453841,0.390625471738271,3.74583290452828,0.0001797962417777,0.0014326299603061
LOC102723885,6.88015109307964,3.47173254788205,0.928685309138902,3.73833042659103,0.0001852463757157,0.0014726002288744
DYNC1I1,9.13800191607445,3.42415249896406,0.916487809643256,3.73616807876246,0.0001868458020971,0.0014825371450174
LOC101928269,35.5119722208562,1.41232111687099,0.378488160191392,3.73148030880759,0.0001903578917424,0.0015082885801363
NUAK2,2829.33379049612,-1.12615095254295,0.30189559730086,-3.7302662331331,0.0001912775437466,0.00151439685005
MIR17HG,72.9445344155549,1.03868706090601,0.278702592147465,3.72686544786934,0.0001938758892437,0.0015311594193783
SLAMF1,55.525728353928,2.47700663892664,0.666525555716659,3.71629657359997,0.000202164268256,0.0015899592033561
PRUNE2,430.887643362827,-1.18199835269683,0.318087065969164,-3.71595855083089,0.0002024347690992,0.0015906124542373
PPP2R3A,44.0770517142697,-1.26887587831866,0.342067242599973,-3.70943405359202,0.0002077230519167,0.0016261418990459
CFLAR-AS1,321.601110046923,1.40788989052535,0.380385875011118,3.70121495832147,0.0002145696030908,0.0016727952703984
VSNL1,9.50184884043986,2.37247671600979,0.642014612900897,3.69536248604985,0.0002195732972166,0.0017086648328107
SEZ6,314.718311161683,1.3396148107709,0.362854578892363,3.69187792768154,0.0002226043091007,0.0017269404709335
ERCC8,35.2633301666904,-1.36070928689974,0.369168731678175,-3.68587361316925,0.0002279194468924,0.0017574960711762
LOC100133985,25.4635571448185,1.5743315607356,0.427210962442897,3.68513848926813,0.0002285783166252,0.0017617761988025
CCDC39,17.5894537221407,-1.82966922173871,0.496597310852555,-3.68441226271956,0.0002292309669095,0.0017660045258233
NCR1,485.593016206863,-1.0398829694011,0.282595043709026,-3.67976364961241,0.0002334502207334,0.0017926507965841
EID3,56.1425848541568,-1.24291990407567,0.337923649055816,-3.67810867202838,0.0002349698511882,0.001802037195828
PLEKHG2,1800.9215581299,2.0464132411964,0.556432861424209,3.67773613506315,0.0002353131988977,0.001803855289834
C7orf61,182.576135691615,1.48888029071747,0.404959616067795,3.67661423915469,0.0002363500371435,0.0018109854764788
LOC102546294,29.0770510260958,1.47305371972496,0.401225212449178,3.67138872139434,0.0002412361085807,0.0018434305424731
SNORD97,17.2234698177434,-2.30031347712405,0.626846932157503,-3.66965739021288,0.0002428757643355,0.0018551248750241
HLA-DOB,34.7238758463004,1.36200378638152,0.371509898575755,3.66613054350096,0.0002462482548403,0.0018766615990794
MRPL18,145.844720437188,1.1117157466751,0.303872983982825,3.65848826738062,0.0002537073530376,0.0019257250428243
PRSS12,6.08653082372937,3.47871201899444,0.950894532333052,3.65835736846577,0.000253836941086,0.0019258473688481
CHRNB2,71.7958202880808,1.48676340647748,0.406510630011769,3.65737891389074,0.0002548075650376,0.001931484588575
BBS10,265.670973410431,-1.11492579680294,0.305007956468687,-3.65539905814685,0.0002567822319328,0.0019447157699079
MCC,425.029783882595,-1.2901954599728,0.353394993087707,-3.65085947794567,0.0002613642170837,0.0019732533328939
LINC00563,53.6261329828223,1.01099453406304,0.277276362057983,3.6461619972193,0.0002661862050983,0.0020034200766873
CASC1,23.98819973865,-1.62689631943402,0.44667590034112,-3.64222989910937,0.000270286516559,0.002029779981876
CXCL8,886649.88327115,3.29929712772981,0.90671996703868,3.63871674570619,0.0002739999661801,0.0020504089179934
TMIGD2,186.927920642043,1.01748989936066,0.280037337017259,3.63340799551295,0.0002797022110533,0.0020884759903199
URGCP,74.4465751103165,1.33122604511,0.366374541184558,3.63351132643085,0.0002795901676852,0.0020884759903199
SNORA12,39.6193908734278,-1.1358369847861,0.312771684303198,-3.63152114398255,0.0002817555678035,0.0020982691955956
GDF15,60.8514578291592,-1.35671757748871,0.37358968094156,-3.63157133802349,0.0002817007619946,0.0020982691955956
ZSWIM3,129.63720305471,-1.07549359731872,0.296405186537207,-3.62845741629325,0.0002851197670703,0.0021186745563563
UNC5A,53.0504938793332,1.13667874550882,0.31331480671233,3.62791263341878,0.000285721905946,0.0021212914206984
MUC1,24.4916072497943,1.80830690078781,0.499384511716943,3.62107125543529,0.0002933856898097,0.002172487751942
SCARNA10,71.3575505150012,-1.32773530174064,0.367134663877364,-3.61648036096138,0.0002986359637426,0.0022065518400696
FAM129B,55.5273593583614,1.53715554036496,0.425659165714037,3.61123561802412,0.0003047416419642,0.0022460562076817
CARD6,1152.16189133422,0.710033537325108,0.19667746925837,3.61014172087173,0.0003060297504878,0.0022543129015974
ESPL1,36.4778442774561,1.54075920519767,0.42789613435923,3.60077851019837,0.000317265770476,0.002321964060595
IL21R-AS1,111.147309588489,1.27314444100992,0.353735621137972,3.59914118039397,0.0003192698333666,0.0023356239706462
MIR6847,4.18732835402341,5.12888076062672,1.42725756499818,3.5935215103472,0.0003262387028076,0.0023794255539544
PEX11G,144.759744323323,-1.00684367461981,0.280331690713919,-3.59161560384303,0.0003286343395538,0.0023941120105552
CCAT1,50.8744618961765,1.13444920575738,0.315863289437401,3.59158295279581,0.0003286755234853,0.0023941120105552
LINC01170,24.7733917642687,1.44921542793557,0.403969807222786,3.58743500634032,0.0003339469366056,0.0024273008171608
SNHG9,59.2916540841055,1.58049921549475,0.441082709315801,3.58322641562256,0.000339376194011,0.0024625450041708
LOC442132,30.439338246981,-1.41338625067755,0.394785543389281,-3.58013679666044,0.0003434143770063,0.0024875923203377
MRFAP1L1,294.647329934339,-1.0242172144423,0.286303980372384,-3.57737679060604,0.000347059719973,0.0025097134927066
MT1G,7.73215343405576,2.47356682086884,0.691587803816375,3.57664899123294,0.0003480269912585,0.0025145653876715
MIR4308,5.96896197220274,5.05651111188007,1.41484294619987,3.57390276105301,0.000351699584292,0.0025367808519353
SNORA40,34.3696389419738,-1.33899875326272,0.374723391879597,-3.57329908481655,0.0003525117385936,0.0025415587202255
ZBTB49,158.982110103217,-1.02865298230131,0.288674863643946,-3.56336180198239,0.0003661354907524,0.0026197519178124
HIST2H2AB,34.701270296578,1.27670856420398,0.35841425781742,3.56210317072361,0.0003678957447958,0.0026301291409751
BRD2,26271.9185104542,0.700433007046482,0.196857402021276,3.55807300032732,0.0003735854981255,0.0026663133196749
LINC00904,27.8840232122546,1.51192954711353,0.425336156997594,3.55466969416871,0.000378454204774,0.0026897507384528
PCGF2,3.61789828848422,4.53379997799733,1.27575299150862,3.55382272914444,0.0003796750401131,0.0026950417318281
PRR27,52.7228343755417,1.0664487486073,0.300597466371099,3.54776359721783,0.0003885167667888,0.0027474610691417
SIRT6,390.901619025926,0.673859802108846,0.18999933261716,3.54664299514484,0.0003901729323478,0.0027557282595951
SIAH3,26.851639126269,2.3462529824102,0.662023360694467,3.54406373205466,0.0003940099892119,0.0027805145683595
LINC01608,10.0411681406134,2.31544201690051,0.653627149775656,3.54245079583251,0.0003964273718928,0.0027952494207581
NHSL1,30.6218748900564,-1.46279409232184,0.412959823139214,-3.54221890449792,0.0003967760554274,0.0027965461846824
MPZ,458.948829248412,1.02086816653043,0.288357059039987,3.54029192116592,0.0003996846689127,0.0028123748759484
DYNLT3,438.872221182668,-0.887712021546323,0.250832959924753,-3.5390565171843,0.0004015598699954,0.0028243987209131
ASPDH,10.3095815798762,2.78881065341363,0.788348818075564,3.53753388027065,0.0004038823654298,0.0028395573761706
HSD11B1L,25.2916559252537,1.6217808240828,0.458865627110099,3.53432623466843,0.0004088161452041,0.0028635689708645
RLIM,16515.6896090596,0.798826669307911,0.226191473665502,3.53163917438036,0.0004129924705319,0.0028904363752037
SYN1,39.8187972705948,-1.92227970754624,0.545003906136516,-3.52709344997746,0.0004201484450652,0.0029368860830505
SLC16A6,908.841821677318,-1.29332027749323,0.367866060264264,-3.51573688685536,0.0004385353481054,0.0030478386273736
LOC101928052,29.9107389293189,1.39813894568718,0.397927332210189,3.51355343680858,0.0004421554678025,0.0030679732622834
MRAP2,4.78780138515144,4.47260271107647,1.27315544889496,3.51300598442908,0.0004430674973474,0.0030709285028772
LOC285847,24.3468138635628,2.20453016761302,0.627873819556823,3.51110382205307,0.000446250077209,0.0030875484347297
TBX19,54.5249061701902,-1.00078703230224,0.285255969453048,-3.50838243357768,0.0004508404499423,0.0031154984187382
ZBTB41,48.7273790689004,-1.3040029136331,0.37186460165385,-3.50666050985656,0.0004537676723619,0.0031330579590087
LOC101928865,102.035383828729,1.09374828841472,0.31223623921292,3.50295113460186,0.0004601338672169,0.0031706829047526
ZNF276,4433.49384848368,0.905394523791713,0.258564512544152,3.50161944066902,0.0004624396388985,0.0031826948707973
ZNF730,22.8419188731912,-1.67292513480756,0.477823929500163,-3.50113301474364,0.0004632845495832,0.0031872174201566
MAGI3,190.406505964651,-1.363954232403,0.38978361111062,-3.49926008565791,0.0004665512524781,0.0032057926546801
SOCS1,360.124819333535,1.17570158489527,0.336031140253015,3.49878759453669,0.0004673787441722,0.0032101788936024
LINC01314,14.7307134809113,2.02285645632844,0.578530456052483,3.49654272331849,0.0004713290130972,0.0032268640622375
CNOT11,3655.41851927544,-0.613065341526703,0.175318529546826,-3.49686563714281,0.0004707588745464,0.0032268640622375
LINC01158,35.0482597781413,1.32689644380922,0.379465937371589,3.49674717314577,0.0004709679605164,0.0032268640622375
NUCB1-AS1,8.69303225373933,3.91645679182826,1.12097215079478,3.49380382826769,0.0004761907895246,0.0032548973337945
FAM86B2,12.8161866381294,-2.19835852697821,0.629758230252422,-3.49079761307297,0.0004815809106541,0.0032851250866647
PTGES,169.817640207682,1.13824201409468,0.326264723809741,3.48870696409839,0.0004853629182406,0.0033042837739192
PAM,907.11931916356,-1.19016004786599,0.341170690009225,-3.48845924552842,0.0004858128748788,0.0033060208951261
LOC100506321,21.4308734434453,-1.98459588060165,0.568976541504283,-3.48801002472737,0.0004866298332286,0.0033089268948542
MIR6835,4.51698159188175,4.94940580748732,1.42038227645317,3.48455897369154,0.0004929488175681,0.003347870080739
ATP1A1-AS1,27.965568323063,1.30450134224974,0.374529824401008,3.48303728370912,0.0004957593160065,0.0033602344693545
LINC00656,68.6842082990226,1.44230393072712,0.414544085924067,3.47925342490909,0.0005028128474526,0.0034012513539125
GNGT2,169.486609813542,1.07572520463497,0.309613867622964,3.47440898850482,0.0005119800123091,0.0034563742119771
PSTK,9.54694601802896,-2.45510488334516,0.707171169720342,-3.47172649065439,0.0005171229058943,0.0034841643345926
LOC102724050,137.575411289348,1.55670265500232,0.448409506624246,3.47160939276606,0.0005173484994652,0.0034843010844936
IDI1,5427.12395984574,0.929869218280255,0.268080208472902,3.46862315415666,0.000523132694238,0.0035134974620529
USP36,954.204564655701,-0.931125904492137,0.268741018212119,-3.46477032306692,0.000530684493354,0.0035599909965237
TRAF5,197.170763469206,1.019717157403,0.294752628236543,3.45956934634918,0.0005410399414292,0.0036180180795658
IAH1,110.365486332853,1.17856808976598,0.340719456424542,3.45905720246708,0.000542069767791,0.003623476998405
SULT1C4,10.8789684957834,-3.11496315653076,0.901770403962157,-3.45427521555861,0.0005517739781529,0.0036825434357894
SEMA3B,256.072084163799,1.33792986105843,0.387317113623796,3.45435255504348,0.0005516157518437,0.0036825434357894
ERCC5,95.022659669628,-1.08473435402196,0.314931289117105,-3.44435243974316,0.0005724289982929,0.0037979925563049
SLC8A2,9.30734860025202,3.27567551766478,0.951470874316921,3.44274912252721,0.0005758332285148,0.0038175835101145
DNTTIP2,8523.2323339148,1.04969409663578,0.305391588352443,3.437206971871,0.0005877462963968,0.003878394301107
OR7E91P,15.3253632374105,-1.77727359732932,0.518127034887873,-3.43018888739117,0.0006031612129662,0.003960097526678
DOK4,262.220320330526,-1.10784207317623,0.323279406804942,-3.42688723703539,0.0006105425488809,0.0039992775529167
C17orf105,11.5164792635479,3.62846310818215,1.06000063812994,3.42307634322137,0.0006191668510068,0.0040490868260632
MIR4734,3.95429373273823,4.4735794245562,1.30746722435213,3.4215614290239,0.0006226265807376,0.0040664169078247
CTIF,75.6998472900151,-1.01410145863859,0.296566907772925,-3.41946937456375,0.0006274339482958,0.0040956957578755
NUP210L,19.0596498688597,1.64103137568397,0.47998924642393,3.41889196041404,0.0006287668660642,0.0041012418335291
IL12A-AS1,13.2301750840357,2.10986120338174,0.617663882525982,3.41587271503282,0.0006357795737549,0.004134272385352
TMEM144,65.5857533013838,1.91214701839227,0.559772363925237,3.41593680149537,0.0006356299693637,0.004134272385352
FAM166A,7.546802714961,3.25165914329137,0.952543470165421,3.41365958104429,0.000640966087699,0.0041600292315211
UBE2C,147.8861305888,-1.14318779913429,0.335000654452702,-3.41249422632306,0.0006437129054937,0.0041730693017725
PPIL1,72.8829514501816,1.67034767883408,0.489476358054777,3.41251962704019,0.0006436529177919,0.0041730693017725
PRKDC,25031.7789152436,-1.02849599446009,0.301828735963955,-3.40754829448351,0.0006554930759622,0.0042397212215059
GXYLT2,6.39188125242853,4.74425322094279,1.39320893621019,3.40527044984949,0.0006609855756764,0.0042703643663423
DSTNP2,163.953848746401,1.17870075060916,0.346204837037557,3.40463397535168,0.0006625279197611,0.004278700096722
SLC51A,160.311307194056,0.789593682894547,0.232714292495998,3.39297459741595,0.0006913804944767,0.004438014278464
VSIG8,71.158998785655,-1.06129455908427,0.313069644924731,-3.38996314810216,0.0006990201980242,0.0044753807274773
MTF1,6986.40118085029,0.633057198396191,0.186949562566095,3.38624594626894,0.0007085584948347,0.0045277314662404
STAMBPL1,32.4448570014711,-1.46812194288916,0.433966835348699,-3.38302797196357,0.0007169132998901,0.0045688620773042
MAPK6,1387.87555274707,1.0448131646122,0.30902484920789,3.38100048358677,0.0007222241577085,0.0045994703206864
C2orf48,56.7832429333781,1.00716471592321,0.29791763723273,3.38068173901509,0.0007230624029653,0.0046030814340314
HAS1,280.730174215931,-1.2441923543228,0.3685341774041,-3.3760569049164,0.0007353270888761,0.0046723966126567
LINC00477,28.3562827446641,-1.25948330472679,0.373448484413785,-3.37257575620865,0.0007446859737779,0.0047247889147514
SLC35G6,4.69555844287498,4.10918815526608,1.21965978536088,3.36912654216128,0.0007540680090642,0.0047771714258449
KCTD21-AS1,39.9590338361063,1.00364943017698,0.297983776446473,3.36813447411714,0.0007567867394987,0.0047926061726765
LGSN,90.672549975999,1.06601775974847,0.317797483584617,3.3543933316408,0.0007953921279787,0.0049850056115417
SSTR5-AS1,44.571816171777,1.26446462512103,0.377329139368596,3.35109190675526,0.0008049358274985,0.005035521881425
MED11,494.768931573503,-0.815204850678793,0.243378203049873,-3.34953927863351,0.0008094607783952,0.0050563740636449
KL,25.8457490563427,-2.28250272250747,0.681805969233766,-3.34773062352712,0.0008147616477408,0.0050819750077036
PTGER2,142.478167993868,1.06164337197424,0.317618117846452,3.34251515364587,0.0008302282203873,0.0051670822722456
CABP5,20.7917804236967,2.18272574921133,0.654351453692109,3.33570856593278,0.0008508230578876,0.0052701346490764
ZNF699,62.9583310451157,-1.11409186702377,0.334359223436419,-3.33202073977068,0.0008621783064417,0.0053282216372029
ABHD10,45.8337123878588,-1.2639707369633,0.379447314737151,-3.33108362576995,0.0008650860983075,0.0053421291289259
LINC00615,30.9099897342667,1.45285806663616,0.436343320273205,3.32962142224727,0.0008696413711035,0.0053593149420369
LIPM,23.6662271190108,-2.9086204981678,0.873916456017513,-3.32825921532883,0.0008739051208764,0.0053741571992267
MIR192,21.8378733051697,1.57322943316202,0.473100572750778,3.32535939243255,0.0008830462786313,0.0054222364113352
TNFSF8,1827.30847525431,0.510432333309232,0.153714407163437,3.32065381982388,0.0008980685552452,0.0054953666439586
MT1H,2.34344731086513,5.2269497279809,1.57499516696862,3.31870842374784,0.0009043480512652,0.0055250522412075
ECHDC3,120.874373873672,-1.59642507858812,0.481252305153972,-3.31723102724122,0.0009091440631179,0.0055503572083587
LOC101929297,32.2131027768213,-1.54479099550988,0.465869927201552,-3.31592769850875,0.0009133945641004,0.0055743015253189
MIR4257,193.745234134894,1.29149673568169,0.389634230729536,3.31463879152389,0.0009176161365677,0.0055920219281248
KBTBD4,69.0426854701318,-1.02661877926996,0.309970409791979,-3.31198961848946,0.0009263498344406,0.0056371492972846
LOC102723582,15.3107902951298,-2.06780406168458,0.625434280201494,-3.30618919867713,0.0009457420517187,0.0057366454974165
LINC00202-2,27.6517709289416,-1.28659600101313,0.38921726391122,-3.30559849294507,0.000947737881132,0.005744517309648
NOP9,204.03090221864,-1.03600810153513,0.313438179240504,-3.30530283211029,0.0009487383008312,0.0057466047258061
LINC00462,12.6145486102602,3.06388290642195,0.929741144010907,3.29541499390286,0.0009827643126399,0.0059252134686055
MRS2P2,125.692100070171,1.1732453876376,0.356521464077206,3.29081277244932,0.0009989837798782,0.0060016823759624
GOLGA6L4,49.1702315423907,-1.11148813905639,0.337803701151791,-3.29033736239897,0.0010006732995967,0.0060097053222771
CHMP1B2P,10.8150905562702,2.69391442891866,0.819411308298939,3.28762173725806,0.0010103749487294,0.0060593935087759
ZNF675,53.5904948682783,-1.49898128746687,0.456300824819297,-3.28507249150928,0.0010195613606994,0.0061058558270255
SYAP1,11185.3009180255,-1.06102523220102,0.323267692223845,-3.28218766589988,0.001030050270844,0.0061621477605796
AP1AR,115.019757242272,0.934790476760186,0.284911455913626,3.28098592512748,0.001034449061777,0.0061841033731875
SEPHS2,1024.24644163486,1.05425755288896,0.321435846902598,3.27983814825862,0.0010386665502858,0.0062049449811516
LOC101928093,99.807467917831,-1.03071488641165,0.314496618095372,-3.27734807659864,0.0010478710414577,0.0062533288732843
HOXA2,44.1868390703292,-1.49016815558266,0.45476284618769,-3.27680277330229,0.0010498967899226,0.0062632155777036
ALG8,54.2923068212718,1.26260723118113,0.385452194053949,3.27565195025043,0.0010541838833651,0.0062821660352786
PITRM1,501.218142743735,1.39000127829898,0.424680705048397,3.27305022755995,0.0010639356936725,0.0063313873047022
LINC01547,78.9914257536252,-1.30659809945855,0.399542509327806,-3.27023550424404,0.0010745798131315,0.0063854510810625
NR4A1,888.00125602825,0.932179510143712,0.285199191646598,3.26852087048975,0.0010811120389828,0.0064178501313805
KRT8P41,24.7580518562583,1.60512214287115,0.491448669240567,3.26610334575029,0.0010903844761889,0.0064661094793425
ZNF230,1133.01800456082,0.777064381539375,0.238315067130771,3.2606598940426,0.001111532773699,0.0065731478171496
SGK223,48.6938539718666,-1.36780456870456,0.419666217220851,-3.25926775274538,0.0011170019373222,0.0066008902786328
KLC2,61.8799520062304,1.37427789895097,0.422353980631801,3.2538533125583,0.0011385105167976,0.0067116361552931
LIMS2,32.6894380441546,1.52591558545052,0.469028482501212,3.25335377782004,0.0011405140613219,0.0067211127252626
ZNF658,119.513307884232,-1.0057148647072,0.309362972827935,-3.25092190417556,0.0011503145085981,0.0067600892797531
ATP6V0D2,34.4457042764488,1.2447163295317,0.382895073543884,3.25080267555086,0.0011507969956013,0.0067605838038578
C11orf95,21.1563690256376,-1.43221259418127,0.440947150528723,-3.24803685081979,0.0011620421963797,0.0068148514709594
HOXA4,23.4090294691899,-2.12520966802375,0.654335468060065,-3.24789006826185,0.001162641808459,0.0068160127023029
COX6A2,4.18638207765775,4.37017146436502,1.34933578922387,3.23875754224136,0.0012005158016956,0.0070065867215883
RFTN2,11.790273679416,-1.97337323405099,0.610531069694885,-3.23222409473312,0.0012283068815724,0.0071442167217437
CDK5R1,277.493072626933,-1.62603925939192,0.503249281923607,-3.23108113175362,0.0012332292959113,0.0071679341130849
LINC00939,37.6387670237718,1.07673570710995,0.333765854229558,3.22602115664412,0.0012552407794952,0.007278423816055
POU5F1P5,51.8354889563921,1.08426813623331,0.336315081616708,3.22396525014906,0.0012642874054764,0.0073208754164949
DNAJC5B,3.52466278788376,4.98286089628235,1.54607568901671,3.22290876939628,0.0012689596268389,0.0073454238699557
ZBTB6,114.21683617679,-1.2574220767252,0.390244728560225,-3.22213725055134,0.0012723816868189,0.0073602119934188
MGST1,25.2911152778012,-1.41265686431465,0.438961099754951,-3.218182351701,0.0012900577345201,0.0074421685487003
LINC00880,41.5550906176494,5.2548384607772,1.63342375583271,3.21706993792208,0.0012950702487659,0.0074634744523106
SLC22A3,4.35284394521224,3.94390812321883,1.22632828872472,3.21602963862162,0.0012997740762622,0.0074809263430445
LOC101929631,23.3121972535723,1.66442036627007,0.518045629649493,3.21288371334434,0.0013140948324517,0.007544931494036
LOC102723824,28.2319291656095,1.19059521841074,0.370762834588752,3.21120432615997,0.0013217991476287,0.0075840348659753
MIR6732,12.8752119390006,2.74836660499243,0.855911322152608,3.21104130049398,0.0013225492552745,0.0075857742347145
IGF2BP2-AS1,20.5484469015308,2.04460942021095,0.640184217753249,3.1937829198392,0.001404216662128,0.007970690698875
LOC153684,54.4327377864216,0.840707858424448,0.263341096708977,3.19246737000389,0.0014106288157813,0.0080044106524377
ZDHHC19,92.9747890445866,1.01870356962695,0.321006889860119,3.17346325516831,0.001506319673607,0.0085019146991882
LINC01132,8.49049023577041,4.3381959013099,1.36783373797318,3.17158129740105,0.0015161142525925,0.008551509170821
KCNG2,17.3567045369233,1.95442338219009,0.616436700732438,3.17051755657618,0.0015216763701681,0.0085743331190219
FAS-AS1,74.0412132157777,1.25712089181863,0.397639970987118,3.16145504361117,0.0015698304867415,0.0088193191065799
TMEM253,114.54408983586,1.61741789972637,0.511823872716376,3.16010640758574,0.0015771152936956,0.0088543833161104
RS1,7.14761970108111,-3.49424400029782,1.10626940659829,-3.15858323429771,0.0015853803024783,0.0088860880097959
CD40,28.294090777162,2.41391966465781,0.765082222214577,3.15511143059966,0.0016043681685159,0.0089717748125377
FLT1,1073.65809932104,0.917632685946117,0.291071308365518,3.15260439477527,0.001618209477306,0.0090261138742882
IL17C,15.8736334496074,2.15999224074398,0.685165699695942,3.15251076010157,0.0016187285557677,0.0090261138742882
FAM225A,18.783963414845,-1.69483627080958,0.537758974164383,-3.15166524825209,0.0016234227275997,0.0090455451519447
DAB2IP,9.7056609467143,-3.69081776514009,1.17173136098128,-3.14988391370627,0.0016333534944911,0.0090949066628949
LOC102467147,24.6945885605726,1.28660063448948,0.408803495034473,3.14723491877431,0.0016482248011797,0.0091656852312003
ANKS3,21.1581717276447,1.4593727729258,0.464175345679554,3.14401181904495,0.0016664870885194,0.0092611718619356
LOC729966,6.83722862479142,3.55405222978371,1.13247164332974,3.13831454475446,0.0016992242449971,0.0094092117083494
LIPN,1827.81024238893,-1.25146248644516,0.399893113533973,-3.12949246708857,0.0017510856227071,0.0096585717219972
RNU6-35P,25.515512930283,1.21255900213859,0.387898614660566,3.12596889060729,0.0017722029814114,0.0097528628406336
MECOM,21.5254846923157,1.43008657465571,0.458076253746187,3.12193998916194,0.0017966355720691,0.0098745139019291
LOC728485,21.7276842876533,1.54144743230305,0.494620101696664,3.11642698510537,0.0018305700600961,0.0100253097966928
SAMSN1,31783.748931842,1.13707417091303,0.364978687848034,3.11545361077761,0.0018366223442341,0.0100552111052716
PRNP,696.172455018758,0.963743460828641,0.309410167429704,3.11477631402529,0.0018408445078861,0.0100685829802911
ENO1,3833.02834609335,0.939845575547146,0.301790377068819,3.11423308017812,0.0018442373870954,0.010080643134874
WNK4,5.63012638348336,3.6329723457626,1.1673927495227,3.11203949763092,0.0018579963844867,0.0101525803726688
CD48,2226.3629310893,0.826699891947771,0.265895728987878,3.10911309141584,0.0018764987705928,0.0102240568650087
LOC100379224,27.7799991104786,1.31795745532139,0.424225581016649,3.10673734517124,0.0018916438846867,0.0102933568486385
KLF17,44.0298722742935,1.50815945482268,0.485495186632855,3.10643544230066,0.0018935765006651,0.0102972702240594
SNORD50B,8.54408946818236,2.16067246195947,0.69574244660453,3.10556366440529,0.0018991673264006,0.0103243651068773
DNAH14,43.6958080059457,-1.75585026663017,0.565727725164175,-3.10370199042414,0.0019111572758164,0.0103762512108625
ABHD17C,76.3916946428694,-1.76997693684401,0.570558828489387,-3.10218131499289,0.001921002592775,0.0104230358070903
LINC00102,27.4925386723283,1.51108995636238,0.487216310440292,3.10147653923332,0.001925581302138,0.0104378683678973
PDZD7,45.0672971647367,1.10329771183132,0.356419406164367,3.095504040323,0.0019647869607644,0.010630017308924
MIR6728,3.87228966431467,4.7071909191997,1.52084116847928,3.09512328884844,0.001967311029615,0.0106368916198235
ZNHIT2,11.9829972979003,2.07602422411227,0.67091297544799,3.09432713344982,0.0019725985066379,0.0106586889062907
N4BP2,1403.58767024073,2.43771438835543,0.788062359263518,3.09330138624257,0.0019794299931512,0.0106887960050151
IL1RL2,186.377773788535,0.800747282484326,0.258900536688828,3.09287610109029,0.0019822687596156,0.0106973180884567
PNP,262.089737468172,1.20252129830341,0.389354998470969,3.08849585346487,0.0020117250097605,0.0108356067488595
HOMER1,55.711690557515,0.981899431777092,0.318067591299434,3.08707789990686,0.0020213461753377,0.0108701797489963
SERPINB9,3544.87641915516,0.779109590700896,0.252371441101821,3.0871543440074,0.0020208264082957,0.0108701797489963
PLK3,7544.65759462708,0.855020811703656,0.277006425963686,3.08664612645392,0.0020242842403501,0.0108790855374357
INPP1,374.961076384516,-1.10712062144112,0.359016347166513,-3.08376103255163,0.002044017070725,0.0109677703839219
MGAT3,71.8264029076765,-1.23990186077115,0.402554680276784,-3.08008308316931,0.0020694285825981,0.011086597823187
SLC25A51P1,9.14589035128413,-2.2511982364727,0.731053723907383,-3.0793882348897,0.0020742618198049,0.0111089844132945
PPRC1,178.609684129695,1.05297777629524,0.342175544233295,3.07730284656847,0.0020888296387091,0.0111764239054768
MIR3605,8.11496789668288,-3.62794622360254,1.18014913766485,-3.07414216374476,0.0021110880744494,0.0112741934548636
SNORD35B,41.9314824160974,-1.2170591005229,0.396603307806122,-3.06870637881279,0.0021498777731586,0.011434573978705
BYSL,50.812182018028,1.15242548336399,0.375535215370801,3.06875476971204,0.0021495295923107,0.011434573978705
CRB2,26.688654156117,1.16135419223644,0.378462642432592,3.06860984949998,0.0021505724726327,0.0114346854653893
ZFP92,17.6405828876243,-1.95908394680723,0.638689418106719,-3.0673499376498,0.002159658664895,0.0114722149798431
FOXI1,52.4237007471601,1.52245142866619,0.4969712414047,3.06345981784168,0.0021879358597625,0.0116042648162154
CYP26A1,5.84784266388896,3.46066712222909,1.12984913944613,3.06294619468009,0.0021916946315758,0.0116205689744156
AIRE,20.3764509390597,1.75730927695958,0.573755331892554,3.06281995003519,0.0021926194146771,0.0116218415696131
ITPKC,531.337758317374,0.805570579620951,0.263166497764243,3.06106813163816,0.0022054890241245,0.0116654848472586
TRIM69,76.8253255932052,1.38810988769942,0.453842426512636,3.05857232953247,0.0022239438580546,0.0117444222378294
MGC39584,5.8304799325312,4.81789678823527,1.57895222231828,3.05132525236353,0.0022783362528115,0.0119880184591219
ZNF878,9.94612315781571,-2.00252832041386,0.656853849318957,-3.04866649177763,0.0022985950480292,0.0120667352784264
DAPP1,4727.03520533538,0.802955862439664,0.263422960773306,3.04816201322201,0.0023024575661766,0.0120795393549149
CKS2,121.628729590292,0.794677074210427,0.261227765816557,3.04208502387329,0.0023494552083896,0.0122991507163573
RASGEF1B,175.700981649748,1.33993185140599,0.440825716332482,3.03959547222824,0.0023689610498144,0.012386323763848
HAS3,28.4438673875554,-1.63014565108993,0.536525965143318,-3.03833506110833,0.0023788929069058,0.0124191234746251
GRAMD1A,7243.12364259624,0.79669325397677,0.262268651371237,3.03769912954279,0.0023839184112026,0.0124415323723649
NEIL1,60.6031643764455,1.19490426598677,0.393527094657745,3.03639643167642,0.0023942434540927,0.012487738138556
CAPN12,22.1296640999641,1.41244677782913,0.465358270412708,3.03518142393061,0.0024039103540693,0.0125250796292497
KCNQ1-AS1,4.11494834312079,4.06377652703061,1.33991751381928,3.03285574307278,0.0024225137516796,0.0126080660513666
TSEN54,82.6535249099441,-1.24543064311612,0.411500532338518,-3.02655900841357,0.0024735453613474,0.0128029923369284
ALDH7A1,20.4685291420629,1.60249562585337,0.52999248036834,3.02361955162015,0.0024977032042438,0.0129044197206777
MIR3128,7.66509993913512,2.90370511324909,0.960986204478356,3.02158875925309,0.0025145190800677,0.0129833945320685
FARP1,41.7897307190821,1.19390735218865,0.395241401212655,3.02070417857434,0.0025218761345205,0.0130174214583583
CHI3L2,11.5415851036754,1.92676795555884,0.638498175911502,3.0176561629299,0.0025473775353869,0.013117139420688
LOC644669,40.8848345513458,1.07107356440939,0.35502262154977,3.01691638615553,0.0025536023837662,0.0131374555722928
LINC00886,35.047813613802,1.07586802759206,0.356669093703259,3.01643188766772,0.0025576867297459,0.0131429235324385
BCRP3,22.0916744587851,1.51432987926515,0.503503967735189,3.00758281226017,0.0026333436645326,0.0134698941152648
GRIN3A,28.1319361299014,-1.26252192819943,0.420726331753144,-3.00081509740209,0.0026925801139535,0.0137232641723785
LOC101928069,21.8798082148576,1.31654166976518,0.439417257906302,2.99610824581202,0.0027344934616456,0.0139067454661837
HNRNPU-AS1,1251.99487703417,0.644606595928254,0.215437379254984,2.9920833522827,0.0027708059942902,0.0140418391564926
FAM134B,370.306722130195,-0.988966146831819,0.330564176570651,-2.99175233412036,0.0027738119505445,0.0140444917734611
LOC101928254,62.5215676981246,1.04472623731478,0.349467106237707,2.98948375588791,0.0027944930619284,0.0141407681118217
LOC728024,14.5000736327012,-1.69631770116332,0.567485030521606,-2.98918492987232,0.0027972277306049,0.0141503871963715
MIR3690,22.6183972700732,1.80448540473571,0.603860316121748,2.98824969377835,0.002805802227805,0.0141837062495862
MIR372,28.4174835073864,1.20819555362238,0.405545348842449,2.97918730191565,0.00289014052167,0.0145380749655553
LAMA2,15.7851472922204,2.39899514215285,0.80742683691133,2.97116101730007,0.0029667618974244,0.014848682666791
ZAR1L,19.6710623104758,1.42829319766606,0.481034768456867,2.96920990191198,0.0029856657461531,0.0149212953603388
ARHGAP31,101.01770120003,1.24508652094521,0.419513007283721,2.96793305410705,0.0029980962138991,0.0149701938635766
KCNE5,27.1013306146023,-1.15635880955431,0.389781317579576,-2.96668608114661,0.0030102813929303,0.0150221981184399
SARM1,32.0341476677921,1.18830470210047,0.400740403850463,2.9652730063722,0.0030241442799292,0.0150825085862354
KIAA0125,50.1498529123077,-1.60176262381559,0.54041814822887,-2.9639319646557,0.0030373543216095,0.0151394941398996
EGR4,2.89917687160553,4.98498785491465,1.68223837050665,2.96330647446431,0.0030435337451168,0.0151613897041748
LOC101927018,83.2277171103966,-1.28887180689552,0.435270927550432,-2.96107946870904,0.0030656282715485,0.0152356787773708
HSPA4L,5.20102056038913,3.60372407907056,1.21753994376387,2.95984053544076,0.0030779831802872,0.0152836543405019
FAM225B,14.8583436426484,-1.86658428818141,0.630788197405269,-2.95913001520884,0.0030850891105654,0.0153099802293909
LINC01271,151.513272109932,1.06477610860607,0.360160581506953,2.95639268503768,0.0031126052658911,0.0154149800328874
LOC283214,3.0576986534605,3.8386288157798,1.29893628246025,2.95520947995173,0.0031245681789885,0.0154652000973443
LRRC8E,67.0640277271089,0.855455127479635,0.289505793885956,2.95488085401366,0.0031278982141078,0.0154726576770148
INPP5E,36.3478148517638,1.11897183628291,0.379128348624363,2.95143278085906,0.0031630338444893,0.0156191476312694
RASD1,12.8827358734478,1.83978077162452,0.624107505774925,2.94785874965589,0.0031998323451647,0.0157367587835803
ATP6V1B1-AS1,5.37186578801728,2.48536201711152,0.844002392676613,2.94473337833749,0.0032323307141172,0.0158735870601848
KCNH2,250.095713324498,-3.57960509825438,1.21604172837635,-2.94365317794961,0.0032436326478501,0.0159244817180539
LYPLAL1-AS1,2.85292792638344,4.86697144040499,1.65580821554881,2.93933282532473,0.0032891965764269,0.0161062447475816
SGK494,554.22939840423,0.721611933990101,0.24551508174977,2.93917558484481,0.0032908658313397,0.016109770663253
PILRB,66.0723690421881,-1.16470756951578,0.396330294683269,-2.93872960291003,0.003295604546247,0.0161236668662166
LOC101926933,24.3864430351978,-1.22111355515066,0.415559193501354,-2.93848283047714,0.003298229260426,0.0161318579273634
AP3M2,112.760549600623,-0.962726686925566,0.328036699537627,-2.93481396527445,0.003337477190311,0.0163003346399884
GOLGA6L2,5.0925501594275,-3.04834473534526,1.0387854604198,-2.93452772636358,0.0033405570652794,0.0163106831162035
MIR29C,111.914372915545,-1.07876956009752,0.367628009798618,-2.93440524482467,0.003341875733351,0.0163124288025405
BZRAP1,770.652382805352,1.0238796272052,0.349417721702522,2.9302452726679,0.0033869455187383,0.0164920125091695
DNAH3,5.07292594397899,2.91733166465013,0.999631320295211,2.91840762231078,0.0035182410298194,0.0170361160508119
C1QTNF3,26.1828731722216,1.27097182456057,0.435580494711252,2.91788048361325,0.003524193998747,0.0170600743145279
SOX9-AS1,64.3432830109521,1.03944645786023,0.356351002799276,2.91691744851277,0.0035350932101062,0.0170933338922858
SLC12A3,28.992881096381,1.06205245488188,0.36488126066166,2.91067963576972,0.0036064358866095,0.017388758485096
MIR4748,4.63824547385161,3.69633286972412,1.27084443603712,2.90856438829792,0.0036309239797545,0.0174919221641765
CLUL1,17.0697699875494,1.52433531277823,0.524403251571654,2.90679988770044,0.0036514670750335,0.0175526781666582
GCNT1,121.484621904205,-1.08304339929754,0.372593354649979,-2.90677057382026,0.0036518092509115,0.0175526781666582
MIR21,150.133950257739,1.09125271894724,0.375866133726424,2.90330152421106,0.0036925093734065,0.0177131908099083
BOLL,36.6675564314211,1.17228712255773,0.403855601645159,2.90273829998214,0.0036991560984887,0.0177400614025292
SNORD14B,9.07768717087096,2.06294271443926,0.711107228686693,2.90102903081045,0.0037193941854078,0.0178270426757251
MIR197,12.804725571485,-2.01366480356658,0.694204713781901,-2.90067866666663,0.0037235549763393,0.0178320561036372
TNFRSF12A,145.137370317581,-1.28486272309875,0.443487620664658,-2.89717832748775,0.0037653565657317,0.0179965169342719
MARCH1,122.670531727295,-1.14021821670203,0.393621375006114,-2.89673856427212,0.0037706383344393,0.018015622540992
C2CD4B,12.4146116126767,-3.14124466785021,1.08489983969436,-2.89542366301314,0.0037864711247354,0.0180770711474009
FLJ22447,19.4641643484219,1.31598624037137,0.455374120052491,2.8899012535444,0.0038536285505608,0.0183615339023352
DDN,15.4010887380526,1.48732415964103,0.515001140556798,2.88800168099238,0.0038769780052235,0.0184468939457961
SLC52A1,43.7675180941033,1.06580301420822,0.369194564767468,2.88683289495202,0.0038914084570564,0.0185034510904314
PPP4R1-AS1,22.3530437615378,-1.39362961307419,0.48276364932483,-2.8867741285477,0.0038921353047867,0.0185034510904314
ZNF222,395.565988911317,0.960472342000022,0.33288996806948,2.88525469112231,0.0039109712155714,0.0185462429367642
RAD21-AS1,16.7445756702064,1.25038148680629,0.434013046566208,2.88097672800153,0.0039644491107818,0.0187631428634105
PDE7B,115.181017488437,0.838962779090262,0.291262107681305,2.88043915416641,0.0039712159610658,0.0187899295487061
NHLH1,267.541825090581,0.855614957921493,0.297371056972166,2.87726373451865,0.0040114017717409,0.018956394619538
NUTM2G,26.7755824044904,-1.21055728126597,0.42073880448264,-2.87721804684625,0.0040119826463222,0.018956394619538
LINC00648,7.05097127798724,1.99180789090981,0.697122610106829,2.85718446372666,0.00427417362773,0.0199838222616626
TDRD9,96.5947108633779,-1.09934064152108,0.384784232961901,-2.8570314148759,0.00427623512577,0.0199879544352988
CISD1,154.155150086369,-1.0608717629739,0.371400145628714,-2.85641181205793,0.0042845901096282,0.0200214932105205
MEI1,99.5221067525594,0.844447317414493,0.296181043959883,2.85111871483873,0.004356570068895,0.0202852420327261
MITF,7.14719512944813,2.74332734613515,0.962359443798218,2.8506265136318,0.0043633188302026,0.0202943949537405
MMP19,6.37649448581193,3.31992951725984,1.16478049744277,2.85026193737672,0.0043683237844916,0.0203065437607208
CD2BP2,1586.42870100373,0.618314334625346,0.217063429029218,2.84854218598987,0.0043920030190929,0.0203886967286776
LOC100507140,2.4980276990103,4.22346331379566,1.48501682195479,2.84405082242512,0.0044543942256651,0.020621925476811
OR52W1,5.40615815634443,2.85947167156826,1.00955128934427,2.83241842365984,0.004619735227576,0.0213060180115276
SUMO1P1,425.320407034073,0.729511390714973,0.257784075070948,2.82993195182516,0.0046557905334385,0.0214431687743606
BAG2,18.860649927848,-1.55118197521621,0.548242894392232,-2.82936995824781,0.0046639749906822,0.0214750362294787
CYLC2,15.7040460018633,1.70163415441216,0.601682481289482,2.82812647422498,0.0046821304858263,0.0215396067097604
COL27A1,10.4001323410868,1.76169466838589,0.622933559556406,2.82806190380945,0.0046830749916931,0.0215396067097604
WFIKKN1,26.7398880958337,1.13020004972054,0.399792371329247,2.82696752307405,0.0046991093403603,0.0216016478127291
CISD3,23.6348205865709,1.12816332442303,0.399194419085467,2.82609994149615,0.0047118560343367,0.0216485166796867
HEY1,211.161788601108,-0.832415660529765,0.29479731588316,-2.82368805847501,0.0047474565577932,0.0218061793501671
RGS17,46.4751498700113,1.2944194321203,0.458712369832612,2.82185421028138,0.0047746877492555,0.0219134668686765
CES3,198.876613340323,1.02126937871954,0.362289850790095,2.81892903290644,0.0048184169932006,0.0220545235190402
LOC101928227,15.0211005848234,-1.55742247391679,0.55455519796161,-2.80841741208348,0.0049785650366339,0.0226288713984338
ZBTB8B,22.7346001197623,1.52332293144242,0.543455009732175,2.80303411351961,0.0050624314317754,0.022948607441264
LTB4R2,21.91935982295,-1.28041985388053,0.457040749541874,-2.80154418432926,0.0050858676102879,0.0230302414839399
ARMC12,10.6120546290951,1.87416196654115,0.669642135281755,2.79875155369754,0.0051300592725835,0.0231879674711652
SNORA63,32.1426983628654,1.21978673637503,0.436188197791824,2.79646891536756,0.0051664380596719,0.0233080241224755
PDE3A,26.3829682060107,-1.76719935646334,0.632177937479304,-2.79541447382636,0.005183321453824,0.023353154158296
ANKRD37,37.11826675351,1.04028578706334,0.37244564391282,2.79312110120114,0.0052202144851528,0.0234881973070028
SNORD3A,5.12105050722452,2.9914853980951,1.07142973366231,2.79205000954168,0.0052375260640866,0.0235536015791411
NPM3,13.5431366050745,-1.70413595178251,0.611228227791457,-2.78805178540271,0.0053026066794159,0.0238190088703058
FAM83C,2.33912382473685,4.86759135830028,1.7461485664344,2.78761581452362,0.0053097471272977,0.0238404836625653
C5orf60,22.3214086811103,1.32733606089159,0.476276872541048,2.78690009407751,0.0053214882212566,0.023874252733589
SNHG8,63.5965148672624,0.782355649736418,0.281228020208875,2.78192638541261,0.0054037295627993,0.0241665607746589
SRRM4,20.0622093028269,1.32120959351377,0.475122448950121,2.78077703218034,0.0054228968495443,0.0242458918151913
VLDLR,58.1009880711429,-1.6377592451813,0.589324041223323,-2.77904706175168,0.0054518625847267,0.0243493532411927
SEMA7A,760.332091005951,1.17992264393262,0.424754121439679,2.77789569159057,0.0054712178672268,0.0243912554879365
HIP1R,590.895508320467,1.04393413767381,0.375816760605357,2.77777429615503,0.0054732622139839,0.0243934043979886
MRPL14,26.6144149457408,1.25547763441239,0.451999071329052,2.77761109269717,0.0054760117108376,0.0243934043979886
CELF3,31.405888138213,-1.07140094359379,0.385896156938093,-2.77639702891798,0.0054965042687039,0.0244782656647712
PVRL4,27.301415207482,1.07223960244572,0.386807795401951,2.77202169964414,0.0055709322712022,0.0247837123215842
LOC100129520,11.2345110400262,3.32942517158433,1.2011617196666,2.77183756114744,0.0055740844689044,0.0247847423647488
SEMG1,123.809176423782,-2.33862169082152,0.843789302202392,-2.77157068087666,0.0055786559485847,0.024793822265561
LOC100130264,5.78841882594463,-2.95807163037425,1.06746671675841,-2.77111368807549,0.0055864917847518,0.0248204027672275
HOXA-AS2,9.65672233480572,-2.05059267007113,0.740049835109537,-2.77088457126352,0.0055904240770708,0.0248313733148513
PTGIR,17.3718457825782,1.86680437576883,0.674702226922169,2.76685669807961,0.0056599628602209,0.0250942762966743
HCG4,3.74534923134797,3.4173502372524,1.23644156496629,2.76385907274605,0.0057122204279683,0.0252797405745705
HLX,3462.99211026871,1.64587009583422,0.59623460474672,2.76044040840834,0.005772348780742,0.025512579038217
SH3D19,16.5741345287413,-1.63512702290072,0.592779599412662,-2.75840636978877,0.0058083941942896,0.0256585284397407
DLEU7-AS1,25.4040312404464,1.0756045998097,0.390340576688687,2.7555541597397,0.0058592803157361,0.0258631223715667
PPAP2B,35.7019418390069,-1.20052611977149,0.436017298069682,-2.7533910353704,0.0058981400734497,0.0260075950445802
EHD4-AS1,21.2631543463037,1.18303892802014,0.429970742297287,2.75144053220759,0.0059333791648239,0.0261426041498942
ZNF614,34.962585100213,-1.03886689711775,0.377692932890348,-2.75055953302509,0.0059493579987694,0.0261994042436726
OSCP1,28.7055644571161,1.22790806211505,0.446479412424407,2.75020085572916,0.0059558744905641,0.0262212974977573
MIR3174,14.0126289245641,1.52399909410946,0.554260154777597,2.74960969316112,0.0059666288401578,0.0262470438499874
OR6K3,3.23419999376924,-4.53375528623353,1.65207778479801,-2.74427471148875,0.0060644764637092,0.0266165747458166
GAR1,50.2708683840216,-1.06229594500774,0.38721806113711,-2.74340494833373,0.0060805649082839,0.0266664980939004
TFEC,129.236326856466,1.07821600322061,0.393680161781966,2.73881213201127,0.0061661597525311,0.0269791346532507
SLC7A5P1,25.9942427699193,1.16454047403204,0.425653052667043,2.73589127749773,0.0062211576673317,0.0271840556810747
MANBAL,107.744598845827,-1.01128133984239,0.369838290030996,-2.73438788546647,0.0062496374421785,0.0272881005064714
TEX30,46.1016470333711,-1.28401481271161,0.469780510070805,-2.73322282467207,0.0062717886428732,0.0273602521973171
LRRC75B,26.2210820138646,-1.12426944016773,0.41159583784966,-2.73148884605189,0.0063048875107722,0.0274798538348298
TADA1,31.4240282663475,-1.17339606242573,0.430683453476088,-2.72449766285454,0.0064399386153486,0.0279679217450608
MIR4313,13.4598901977095,1.67910678125812,0.616551365192937,2.72338506741069,0.0064616694347253,0.0280407705564202
LOC101927730,90.9816309265675,0.969446713062527,0.356651396400359,2.71819127261813,0.0065639880469066,0.0284338961541857
CENPJ,28.1467994409049,-1.06875150436541,0.393999630274852,-2.71256981540782,0.0066763715873052,0.0288617877177138
LOC101927066,43.8047577290743,1.03997819711544,0.383415241823402,2.71240702943794,0.0066796516029865,0.0288686139561721
CERS1,12.1169784533901,2.82039529766256,1.04055011341631,2.71048483037757,0.0067184921708306,0.0290216974098596
CLIC4,834.391719114508,2.01965995332124,0.746254077456814,2.70639721018894,0.0068017635495003,0.0293366025316695
WNT2B,9.26394744751603,-2.15369365322335,0.797839555020154,-2.69940696681671,0.006946317426219,0.0298841316496298
LINC01032,32.4491009937375,1.25095883603462,0.463682793408161,2.6978763366219,0.0069783358250191,0.0299990667736134
HMGN5,69.5974532176703,-1.44092453656796,0.534255772599861,-2.69706872713038,0.0069952831232876,0.0300338844342116
PEX12,46.013694254811,-1.09557283934169,0.40662992537796,-2.69427499297637,0.0070541937611468,0.0302485539449683
GREB1L,16.367233578501,-1.36526675382939,0.508045015033967,-2.68729485267779,0.0072033335223478,0.0308057804985125
ATF7IP2,63.0231938426503,1.20240810003365,0.447556706076542,2.68660503509027,0.007218224953647,0.0308431889280704
LINC01431,8.14907832832464,2.54133373077736,0.945967767468205,2.68649082788413,0.0072206930648252,0.0308456085316422
CMAS,34.0459021775294,-1.07626364451897,0.401089027669031,-2.68335349579065,0.0072887902413875,0.0311051918473294
ZNF449,38.8051415147916,-1.25117294483616,0.466997429961552,-2.67918593243473,0.0073801400605674,0.0313845495133927
ZNF433,27.3021373567506,-1.07131481359433,0.400649995763857,-2.67394190670543,0.0074965436362467,0.0317998846774257
RBFOX3,3.07440468187336,3.32662252921169,1.24865268824352,2.66416959698478,0.0077178641275302,0.0325515879653189
MRPL24,98.5439553454036,1.29738093904041,0.487112746546686,2.66340995639716,0.0077353111014123,0.0326170683262537
LRP4-AS1,16.8039060567301,1.2732153945469,0.478169664192189,2.66268542296143,0.0077519846774419,0.0326574751740203
DPH1,28.4198823728247,1.39971667418766,0.525736019311408,2.66239447702474,0.0077586892290585,0.0326750554827746
SLC35G3,6.32179055616791,3.61490745390858,1.35928939551853,2.65940973704837,0.0078277701651962,0.0329169760266876
MIR4645,6.09858286038746,2.59270305954402,0.976277369232686,2.65570332904651,0.0079143205949861,0.033174079806892
LOC100506281,5.02208317707379,2.50824008665582,0.944980921322222,2.65427590130209,0.007947881221703,0.0332761589798406
IQGAP3,4.21534439056903,-4.01825914751521,1.51467114766805,-2.65289211701274,0.0079805373438438,0.0333939052760647
ERG,39.9839851608717,-2.25855245769936,0.852760293522942,-2.64851972453921,0.0080845131379991,0.0337707007083735
GOLGA6L3,8.75821123047932,-2.08969332915683,0.789449452631601,-2.64702612965391,0.0081203078308178,0.0338785310975027
ZNF529-AS1,25.3429021016499,1.43621998837229,0.542569862138369,2.64706923217571,0.0081192728742722,0.0338785310975027
ZNF257,11.3956451021956,-1.69930545373029,0.642235273393567,-2.64592357992294,0.0081468218889187,0.0339724474444052
LOC101927153,255.193132142084,-1.1145245754583,0.421597128340972,-2.64357724599328,0.0082035044732063,0.0341668412071798
OR7E5P,22.2822739965639,1.12628829195541,0.426313832111547,2.64192293826561,0.0082436810120286,0.0343005035881713
TFB1M,28.6580125098194,-1.20108638265942,0.454653776281033,-2.64176048967203,0.0082476357187223,0.0343034369194468
ID1,24.9088143991472,1.36770815676619,0.517934535451646,2.64069696679627,0.0082735684642407,0.034365884477507
GADD45G,105.022361378617,-1.04824039471039,0.397108740949937,-2.63968099065979,0.0082984099513448,0.0344353578714486
TSFM,36.2216540281693,-1.09669714791982,0.416598198399519,-2.63250573846236,0.0084757591184818,0.0349406324408243
SNORD56B,11.0100156907504,1.89134079715706,0.719112808522407,2.63010305857753,0.0085358987268453,0.0351543977655956
CXCL10,6.22709382208934,2.77817591492124,1.05777092394565,2.62644382827069,0.0086282232136651,0.0354400301022083
BEST2,2.95264661972715,3.15335620350237,1.20126995898568,2.62501878109478,0.0086644187896853,0.0355628816683289
MIR628,5.70953941491525,-2.94965019466952,1.12512759525967,-2.62161394591764,0.0087514501857832,0.0358593946289506
TSC22D1,170.979716998264,1.13743246159541,0.433926037467224,2.62125883994995,0.0087605719254841,0.0358881068595987
FAM138E,14.2357284669035,1.42373637406306,0.543266367039483,2.62069669768382,0.0087750292540438,0.0359299870927943
PRRG1,17.2288933475733,1.3967882522303,0.533139108081948,2.61993207974456,0.0087947281250677,0.0359846011906099
SLC22A13,25.032014307409,-1.6776697912146,0.640789083610796,-2.61813104205999,0.0088412845282865,0.0361576580756816
ZNF705A,19.2606662435265,3.0001589519866,1.14756994402975,2.61435825118545,0.0089395246182206,0.0364803106084252
DCLRE1A,37.7639800815513,1.32005069141753,0.505154665700274,2.61316143559241,0.0089708916805522,0.0365740146831213
LAMB1,20.4333096580094,-1.8214296964926,0.697014761911291,-2.61318668703377,0.0089702288576578,0.0365740146831213
LOC101928517,11.5481503759297,-1.88132487073799,0.722310562019025,-2.60459277444213,0.0091983514328182,0.0372855076469529
ZFP36L2,15954.8916518773,-1.1086812708248,0.425751087271082,-2.60405975221594,0.009212669385703,0.0373257161170093
MT1F,8.36612069416671,1.89910764480262,0.729468256793075,2.60341368814535,0.0092300505128911,0.0373693743570584
KCNN2,37.7225090166458,1.20461518247259,0.462984263462208,2.60184908546232,0.0092722644893771,0.0375134381200738
TIAF1,8.11054542443594,1.98653461505846,0.763998851827808,2.60018010538344,0.0093174844610904,0.037669448850316
SYCP3,9.08888132538809,-2.29055539502212,0.881780028079711,-2.59764943872721,0.0093864267136094,0.0379120500198429
LOC101927709,8.54961359836581,2.43427001747678,0.939639186767416,2.59064335732022,0.0095796712513203,0.0384819362076708
SERPINA2,18.5115042784354,1.56949452783236,0.606146130371845,2.58930058147784,0.0096171107383169,0.0386140533358681
IL6,2.91726198994465,4.80892182652371,1.8579331819699,2.588317961696,0.0096445909015139,0.0386969259528358
GDF6,8.88853408024059,1.66663505054063,0.644185423228572,2.58719770805691,0.0096760055419874,0.0388046233597852
GLOD4,44.3465284693505,-1.0907348106328,0.422447252172603,-2.58194320124765,0.0098245752691668,0.0392983010766672
PITRM1-AS1,47.3471999266364,1.73656112251792,0.672776862721887,2.58118436994434,0.0098461981593575,0.039356965417008
RPH3A,141.971632317179,1.04929892027455,0.407332039267221,2.57602844638052,0.0099942423685339,0.0399017364099643
BOD1,50.7856638532065,-1.29485972032131,0.503336046125657,-2.57255511558981,0.0100950880743543,0.0402664711628535
CLEC7A,28621.3290213605,0.469761855395114,0.182734715224844,2.57073131844215,0.010148402714031,0.0404601106090048
LOC646626,19.0322669678607,1.35911061809214,0.529474381977282,2.56690533924728,0.0102610619859772,0.040756083319917
TMEM114,2.33599828046781,3.87354777349393,1.50915161047438,2.56670552289729,0.0102669762217694,0.0407700328581822
NR1I3,71.6789930764729,0.782557922117717,0.305293771695399,2.56329474974844,0.0103683985003116,0.041046630484491
DNAAF1,14.4499292886418,2.04742750033039,0.798794550479719,2.56314655514462,0.0103728253353774,0.041046630484491
EMCN,21.1046245927364,1.10897647206706,0.432662607595113,2.5631437813199,0.0103729082104632,0.041046630484491
FBXL15,48.0757402669022,0.855953568581541,0.334131231527058,2.56172870961399,0.0104152639882006,0.0411854287995668
TESPA1,235.998759221932,1.11601436347133,0.435937825317018,2.56003103804942,0.0104662815220191,0.0413293927388804
UPB1,95.6267020848429,0.973960297163563,0.380512286725387,2.55960275434276,0.0104791871469926,0.0413514913412598
RAB3IL1,6.02797825222486,-2.65380357696922,1.03971578604051,-2.55243174394374,0.0106973867508903,0.0420560685513344
ZNF812,6.8811544712995,2.50041774088424,0.980663165968416,2.54972127806498,0.0107809071131048,0.0422962449199293
CAMK2N2,2.43510364165594,4.08160167192516,1.60339822561059,2.54559447973122,0.010909183777631,0.042710649844049
PLG,26.2928566773399,-1.12613696618003,0.444050926850118,-2.53605363278555,0.0112109562819193,0.0437106248602652
LINC00293,12.2046298780015,1.71575009047962,0.676636989398443,2.5357024776387,0.0112222032440508,0.0437343819651047
SYP,25.0626324048374,1.25131599598118,0.493987804135438,2.53309086885494,0.0113061639281247,0.0439908789977378
RUSC1-AS1,3.3372959743017,3.14459330286501,1.24279956767453,2.53024975599969,0.0113981359376175,0.0442776752422167
RCCD1,11.5820729333425,1.85770964422584,0.735440782898758,2.52598127194365,0.0115375631563331,0.0447321151419667
CCL16,29.1432918644691,1.14279946028556,0.452949483560273,2.52301747051996,0.0116352620333097,0.0450246400684536
LOC101927815,17.0469640169058,1.22193130667731,0.484304098541617,2.52306621058321,0.0116336494459753,0.0450246400684536
SLC10A1,214.284123794141,0.792647500629802,0.314194541669989,2.52279207785332,0.0116427218323469,0.0450422327190771
GRAMD3,13.0065590163389,1.91626405948394,0.760831336044672,2.51864502511951,0.0117807357665239,0.0454246286110981
SNORA21,8.13968209913781,1.86590848646435,0.741914710823099,2.51499054978201,0.0119035574460501,0.0458527410291335
LRIF1,1402.06099082435,0.737343095772287,0.293230180912125,2.51455390259863,0.011918308204815,0.0458887311370508
SLC25A47,5.19251191883057,2.24442215363068,0.893817857602961,2.51105091998248,0.0120372332528172,0.0462567418249748
SNORD2,16.9088474859755,1.21425825085849,0.483572451820246,2.51101618028036,0.0120384179024814,0.0462567418249748
MIR4285,9.49775454491805,2.02953661463088,0.808638927182202,2.5098180985462,0.0120793366715572,0.0463824665134999
LOC284578,9.7107078101114,1.59954399250745,0.637605753957326,2.5086724556355,0.0121185797176599,0.0464986928241334
SNORD5,22.0010271856479,-1.15377037963514,0.461024272285594,-2.50262393759695,0.0123276454725974,0.0471014855832784
SLC9A5,4.06554056251906,3.18824024044312,1.27477675887568,2.50101848676238,0.0123836713910531,0.047246913475924
LOC100129617,34.962357539859,1.00989211584294,0.403814285479038,2.500882589245,0.012388424186251,0.0472486146716971
CLUHP3,15.9774740049917,1.53896790219314,0.615471317758629,2.50047054637351,0.012402844594418,0.0472823626362226
HIST1H2BG,23.5779451386216,1.5120436008534,0.604687520189641,2.50053713756024,0.0124005130726963,0.0472823626362226
NRARP,152.522955061548,-2.41067650179024,0.966351894918346,-2.49461558927655,0.0126093650341489,0.0479473445227843
SLC35A2,1387.43882236547,0.819354139659926,0.328455782684048,2.49456451326384,0.0126111799404731,0.0479473445227843
LENG9,8.5515760558527,2.53381988608973,1.01763144037413,2.48991902722479,0.0127772201683158,0.0485242740426618
RNVU1-19,3.08012020997477,3.36794782289974,1.35601743004502,2.48370540693412,0.013002332261118,0.0492359623238944
MIR877,2.63677500960054,3.97868972030099,1.60267756969047,2.48252661392735,0.0130454322484923,0.0493551217390572
MIR590,15.2857650539627,-1.44987109122038,0.584477876422999,-2.48062612753384,0.013115185491247,0.0495637782581704
PTGER3,25.0003641619074,1.56291436618415,0.630083841445824,2.4804863470198,0.0131203288301671,0.04957217740552
MT1IP,2.41820437433885,3.52290199597911,1.42034461223498,2.48031496415202,0.0131266374378145,0.049584974536966
SLC22A18AS,27.9157302792388,-1.15221951227168,0.465074420449955,-2.47749491609734,0.0132308293705713,0.0499219373991403
SGK1,33548.303915282,0.940708851744072,0.390521969109215,2.40885001653003,0.0160028729738273,0.0579880363202734
CDK4,43.7527680431461,1.0849475404403,0.46237330045575,2.34647532496122,0.0189519210385628,0.066224419161311
MYB,93.8715892628956,-1.45522471138749,0.625267499873028,-2.32736342714599,0.019945930573218,0.0688333334055827
PIM1,2723.3555496726,1.35674402808139,0.58567664229646,2.3165411254264,0.0205287416901693,0.0703100577932168
FAM179A,50.5049059284115,1.03741936661719,0.448552934521233,2.31281368769661,0.0207328849012669,0.0708147559960359
AZIN1,6846.11224278712,0.715999965262288,0.311122625175904,2.30134328822107,0.0213722347550552,0.072531407371085
FLJ45079,87.9896057508487,-0.940259630813193,0.409141944511114,-2.29812573222409,0.0215546340900568,0.072989874257072
ANGPTL1,17.380728442087,1.13915940831083,0.495878106966025,2.29725691114022,0.0216041182834793,0.073079080334842
LOC613266,49.1857550307251,0.840323640700155,0.365804971483934,2.29719032327875,0.0216079149094696,0.073079080334842
CTSH,248.023631391256,0.590195427956925,0.260771188717965,2.26326930846354,0.0236190930356212,0.0782227173565028
CCR1,6984.69366002906,0.743165050071035,0.328950109201088,2.25920292860197,0.0238707647463696,0.0787271629618568
HDGFRP3,21.3017036260819,-1.27818948579736,0.566319839163946,-2.2570099039517,0.0240074559185963,0.0790406482736016
RHOB,4348.71856547702,-0.768188825089546,0.340412216242113,-2.25664294181259,0.0240303948286658,0.0790854878867784
METTL12,22.8553294623563,1.20852327197953,0.537977299713659,2.24642056946041,0.0246770820234399,0.0807254859792061
P2RY13,21980.2839978869,0.471493494762254,0.211117628384886,2.23332129282297,0.0255277643479496,0.0827846526120013
ID3,66.3840133528749,0.862883022072355,0.39013512466529,2.21175425517672,0.0269836494506377,0.0866455426480831
DNAJC3-AS1,524.690000318352,-0.662479560323826,0.29951402814048,-2.21184818766854,0.026977156268793,0.0866455426480831
FUT4,463.707340232058,0.521910055027643,0.242525001077151,2.15198454884911,0.0313985713253081,0.097066767310224
HSPA8,10997.4393971912,0.616441211732214,0.287150257155598,2.14675486568756,0.0318128022789559,0.0980793606318691
SEMA6B,224.784966412511,0.816654660437953,0.383114801816414,2.13161865990573,0.0330382084890472,0.101049643985603
METTL22,462.317668712103,0.584406178593685,0.27665774064072,2.11237964005721,0.0346538998834302,0.10485754837254
ZC3H12C,111.838094787682,0.89989784871372,0.427546205758319,2.1047967134163,0.0353090073929111,0.10649564939598
CARD17,78.859677771834,0.566192598968311,0.2727987757928,2.07549538051576,0.0379406465542341,0.112653718215266
LOC143666,477.022783656309,0.625380551546143,0.303310640075034,2.06184837891422,0.0392221734532509,0.115569223584822
GCNT7,453.137311242663,0.858077981665892,0.421276559192396,2.03685195138999,0.0416648803642279,0.120774782159125
APOA2,70.3381725262871,-0.790587344127117,0.388384071622011,-2.03558127609451,0.0417924195398051,0.121027793667065
SLC30A4,122.643616133812,1.09778959216478,0.540449928426826,2.03125124904779,0.0422295139944862,0.122000612734913
MESDC1,843.271706968489,0.592620271430373,0.292559283837817,2.02564165339869,0.0428015198037655,0.123311389256409
GBAT2,8.23138968298978,1.75185016610383,0.872581472459701,2.00766372126328,0.0446790382516628,0.127630504416484
POMGNT2,25.1162554105127,-0.949322092498149,0.474113849004854,-2.00230829470757,0.0452515844600322,0.128839102743779
DOT1L,2114.8540927052,0.546035893432282,0.274679584635535,1.98790126378268,0.0468226109627569,0.131983616219882
GTF3C6,103.477197340381,0.685898217526607,0.347680768541696,1.97278158468046,0.048520452135978,0.135777265235255
CCNH,2236.39862484109,0.509769674507906,0.259787943363906,1.96225301261895,0.0497330347276488,0.138462773195154
MVD,136.448542422323,0.956305276915252,0.491167062095402,1.94700612218476,0.0515340006973587,0.142167507277814
C21orf91,680.96617151266,0.585274190716197,0.302192069901118,1.93676224166871,0.0527744134375169,0.144512317660784
LOC105747689,4229.77204005232,0.490877151682122,0.256598619862354,1.91301555692482,0.0557460608980582,0.150536538673324
SLC43A3,558.496953087128,0.48203403788901,0.252700405002791,1.90753171877064,0.0564517676664069,0.151975252748663
STARD4,270.73781769629,0.727254843162185,0.382870724197918,1.89947885068967,0.0575015447732783,0.153978576505535
ALAS1,1134.24551200702,0.589235458857289,0.311234140261702,1.89322244134859,0.05832829424016,0.155578785139713
TLR1,12410.1624980611,-0.529200601111107,0.279839666026039,-1.89108502245663,0.0586129955288495,0.156166367365092
ZBTB1,1459.51932665539,-0.477971878756223,0.252999702576138,-1.88921913302401,0.0588624720252696,0.156732644369764
KATNBL1P6,954.228354330578,0.605733145659655,0.322271549399334,1.87957375321728,0.0601661931543019,0.159130532992802
KATNBL1,8365.68424843236,0.586094862932539,0.31505468692617,1.8602956478787,0.0628437089663294,0.164520041427818
FAM65C,113.050833864136,0.615837297526465,0.332557920351937,1.8518196676078,0.0640517224536109,0.166705387744623
TMEM120B,713.235104323973,0.438989177466589,0.238675465498168,1.83927232131012,0.0658751420082243,0.170353940296142
MIS18A,20.695685933324,1.02207272700733,0.560236523090203,1.82435932839525,0.0680977665139009,0.174585391733221
GPR35,103.687403186419,0.737740472452043,0.404669775967719,1.82306788464206,0.0682931099479538,0.174927658019419
FOXQ1,93.5452426538848,2.07738562432959,1.14225269436198,1.81867430436655,0.0689611341908191,0.176263000839697
LINC00152,723.581856575092,0.588875334423781,0.327479178122742,1.79820695104794,0.0721442184509735,0.182439823255934
SDHAF3,108.155140532621,0.45638555040262,0.254975308482063,1.78992057356302,0.0734666809164937,0.184914208588867
FLJ42393,51.3493455496135,0.701309424059954,0.40009895557136,1.7528399269587,0.0796294875262312,0.19643483463593
PUS7L,163.635760398615,0.59154933430194,0.338329119345796,1.74844345484,0.0803872688495684,0.197815387402476
ZNF184,227.612224001959,1.22663132948365,0.72175358067588,1.69951540570811,0.0892221143616234,0.213008541981358
NET1,410.667267505523,1.32583266762974,0.803055377737224,1.65098535466576,0.0987415654008853,0.229441654981356
MAPT,13.2062502355326,0.913871950816429,0.560985473378161,1.62904744273189,0.103302975980641,0.23731160102104
LOC101928694,107.386530196507,0.469279160817547,0.294953527611502,1.59102745648683,0.111603396815552,0.251377949668685
LINC00624,19.3483844663258,0.777976214896389,0.490973087986563,1.58455979346404,0.113066386164874,0.253696814647045
MARCKS,26597.0215250698,0.425992371868822,0.271987021362214,1.56622315923492,0.117296382744649,0.260792856252219
IL1RL1,758.192243363655,1.5049272935767,0.987862368041026,1.52341798034177,0.127654166422498,0.276840811709209
SNORD89,731.587885218858,-0.283110574363386,0.186746007421421,-1.51601942270446,0.129514441253808,0.279467360774111
DRAM1,1214.49921693535,0.52546032820374,0.357944920490458,1.46799213544853,0.142106359190984,0.297667243333286
LOC100506023,178.197328873686,0.330555065260091,0.227071989543106,1.45572805313947,0.145467811644464,0.302299461152178
ZNF284,23.8108612558372,0.806424752983817,0.568217361724922,1.41921878369886,0.155835241368528,0.317697983964763
SUCNR1,201.713246390781,-0.58214651034555,0.412946273814425,-1.40973910472228,0.158616733454078,0.321783791559003
TRMT10A,90.4723756650202,0.506708135726417,0.368479964317916,1.37513076637524,0.169090907563118,0.33557189934065
ITPRIP,19459.8550751633,-0.35812552625696,0.261086809736411,-1.3716722289361,0.170165497405087,0.337087147466628
CFL2,32.5734431546282,0.83945734776481,0.61702481350096,1.36049204083347,0.173674269870735,0.34133507002209
CETP,55.4869043972946,0.375992341326354,0.279182025782139,1.34676414168497,0.178056206915877,0.347392797307306
PLEKHF2,1967.4063817344,0.402006467181567,0.304240442538453,1.32134460437737,0.186386487728956,0.358615969814743
MTRR,199.375761653766,0.465701296854735,0.353620469737164,1.31695231670519,0.187854608378331,0.360745464290228
ERI2,50.8198100507683,0.749576232179916,0.572860795627587,1.30847884494999,0.190710945353537,0.364294027258826
BMP2,42.4206127066306,0.49863630029361,0.381725271435903,1.30627007852515,0.191460728674788,0.365232267850793
TOMM40L,433.567931203124,-0.317683015562932,0.244099615306687,-1.30144824343043,0.1931050694352,0.367213360050893
LOC441454,48.3304298320657,0.371185782080198,0.291023649015725,1.27544886243984,0.202150413261726,0.379911456153637
C3,102.808306195478,0.54428344887871,0.427113731411795,1.27432908110825,0.202546814307419,0.380275591497827
TWISTNB,487.581729016521,0.442173819129386,0.348867603042652,1.26745451647835,0.204992817130856,0.382996267321101
FAM110A,575.408125640221,-0.398601524018747,0.315377809486933,-1.26388576503593,0.2062710317977,0.384545909179543
PF4V1,60.006770556287,-0.67624924806933,0.53552334548762,-1.26278201271239,0.20666753070185,0.384927472337127
KCNJ12,9.03053980590908,1.3749267018144,1.09389842866013,1.25690527181622,0.2087879393523,0.387527220766321
DMWD,100.348930255795,0.548375613838235,0.44152853272876,1.24199360446568,0.214238921739485,0.394187878333907
DUSP3,654.736637647987,-0.329315538975905,0.268147521261075,-1.22811330653799,0.219404436521786,0.400383508071303
MAP3K8,4927.20588171014,0.649250922958414,0.537997598929996,1.20679148800977,0.227512454966553,0.410039437792539
ANXA2R,50.0072895896381,0.564775142276502,0.472491160215093,1.19531366897827,0.231964501213608,0.415723496789583
IKBKE,108.164306342721,-0.422481255899858,0.354562826219035,-1.19155541601777,0.233435615460437,0.417478320926716
GRASP,142.021743513318,0.448715223121213,0.377881876517958,1.18744838269556,0.235050805309131,0.419415035051994
COPZ1,756.44747178868,0.455093792859191,0.383593798689,1.18639507315956,0.235466316479206,0.419915343415477
ZBTB10,132.631831976372,0.446793270200863,0.376629327579812,1.18629442128662,0.235506048978637,0.419942074308197
NUDT16P1,141.254555091498,0.473940461898703,0.399712395819134,1.18570368809167,0.235739337562165,0.420225610451116
RHOF,69.7713119468163,-0.575880476478507,0.490879113732458,-1.17316149815324,0.240731048607429,0.425548105089603
LOC100133315,17.5333668003106,0.579195571789083,0.495417099755614,1.16910694458224,0.242360546307192,0.42736033162864
EREG,1086.64425365559,0.366289631980258,0.315764794637411,1.16000782291409,0.246045621074175,0.431705394486809
PPP1R3B,10962.4794976384,-0.358778074766287,0.317102905566178,-1.13142474719902,0.257876360393105,0.445599428689857
CSF1,898.320595752916,0.307416705276576,0.272096214112156,1.12980882986435,0.258556786751862,0.446320767367026
PDE1C,33.3142416157253,0.714029097503071,0.633257726844575,1.12754896977091,0.259510448322725,0.447453370429897
BATF3,61.5281770095616,0.695498689576829,0.618330312394372,1.12480121972937,0.260673277486251,0.448514483525613
SLC25A25,260.825098504932,0.459540897210713,0.414584571791097,1.1084370439194,0.267673114061149,0.456210894943344
MFSD2A,357.307593480282,0.859775389700765,0.789460110122737,1.08906755221248,0.276124097489318,0.465857852532453
IL18,192.162564786547,-0.425231777188627,0.405655270929652,-1.04825897174739,0.294519307050998,0.486290658553316
TUBB,2272.67576055467,0.216021296720587,0.208295814384601,1.03708899460515,0.299694383695793,0.492116351204506
LZTS1,137.349933892301,0.456484054057577,0.442230634427015,1.0322307378118,0.301964038806661,0.49430301568544
RTN2,459.607005789833,0.26831812622559,0.264001431820142,1.01635102649136,0.309462257877592,0.50250606971857
PUS10,271.47416071979,-0.323905300334014,0.31938391348212,-1.01415658917382,0.310508039084622,0.503674131639512
ADAL,13.4610769734438,0.55678078621371,0.550542017670088,1.01133204795163,0.311857532238901,0.505042560797579
RPS2P32,68.7554954412194,0.361590022573596,0.357729385204728,1.01079206106219,0.312115963635667,0.505387046374409
PATE4,12.8974766417988,0.508353174082839,0.503560550030509,1.00951747322549,0.312726526012654,0.506111814578694
ZNF684,19.5938042770342,-0.52141438565385,0.51726097084093,-1.00802963116697,0.313440237410173,0.50681654730608
MTA3,25.5503502368196,-0.578516742557023,0.580240478821231,-0.997029272642767,0.318750301406855,0.512704705250872
GUCY1A3,12.0529660761986,-0.77223956516618,0.774944161775652,-0.996509946467273,0.319002436738813,0.512704705250872
LINC01010,44.19653148041,0.329296031460211,0.33167287046927,0.992833785272528,0.320790962413617,0.514502382733311
DDTL,53.9922494214293,0.281179094560933,0.285270001408389,0.985659526668565,0.324300216676374,0.518074480179915
ALPP,58.6661999445307,0.293533825076567,0.298032929400985,0.984904002609846,0.324671227113551,0.51843141873951
UCA1,106.208741288011,-0.328135968952391,0.333282570893292,-0.984557842532519,0.324841306017726,0.518614180281733
RPL39,1508.01306007336,0.291545714383941,0.296662313476641,0.982752783686145,0.325729125314405,0.519348424378565
MS4A14,22.7635409822102,-0.683457152974123,0.696359660459438,-0.98147148920602,0.326360287386484,0.52004325613014
RPARP-AS1,16.7043494794867,-0.55444588234409,0.566288823699327,-0.979086747151618,0.327537119323185,0.521233941786507
TBC1D4,113.600035055859,-0.481314081264972,0.493162483595749,-0.975974647859692,0.329077027838612,0.522997969517457
MLX,1198.03803503007,0.176606598314408,0.181166494383153,0.974830356549812,0.329644416424173,0.523610379155098
TULP3,31.2575803163284,-0.430216004280149,0.444305524156983,-0.968288668245647,0.332900222498698,0.527294966535347
MAP4K4,20147.601792905,-0.127114876194473,0.13136860524179,-0.967619896401524,0.333234236817136,0.527579427916085
WHAMMP2,134.747851181259,0.238720648753346,0.247637729726991,0.963991428190385,0.335050223415932,0.529565318664109
ROBO3,10.0957265926479,0.908775530581868,0.944598519232716,0.962075963574507,0.33601144713301,0.530510287959968
PRKCI,193.296387541443,-0.174094696491415,0.180930647890342,-0.962217836067941,0.335940191488334,0.530510287959968
ZNF470,88.2818762336679,0.235345769122348,0.244739668864288,0.961616766969033,0.336242145914696,0.530631187406713
CSNK2B,1958.79007327271,-0.11862060324848,0.12337463624497,-0.961466690875986,0.336317565715563,0.530631187406713
SHCBP1,60.3179680268163,0.24047384633921,0.250644071527668,0.959423635570271,0.337345372878138,0.531507545431195
IFITM2,165393.193488755,-0.170943760550297,0.179002074053492,-0.954982010427506,0.339586794436715,0.533753201998511
C1orf186,37.55345775605,-0.314160525180018,0.32912002208406,-0.954546986204864,0.339806837382806,0.533950712347096
HOXB2,8.70238111154409,0.833687450386498,0.877253026187064,0.95033864289996,0.341940209704476,0.53586419566984
MRPS16,253.56624674727,0.134770430937668,0.141924226631463,0.949594259813222,0.342318456287732,0.536204360556355
LGALS3,207.406461469274,0.253271192977667,0.266800692185941,0.9492898646648,0.342473206954448,0.536204360556355
KCNK5,60.4077759396654,0.449109500646371,0.473057475961946,0.949376182530721,0.342429319493562,0.536204360556355
DERL3,19.3351611258317,0.775792769451423,0.81817755310198,0.948196105490962,0.343029629423227,0.536877431812154
ZNF613,51.9148633274528,-0.299062027091147,0.316167931474251,-0.945896143535679,0.344201560668826,0.538046021403266
ASAP1,18959.9946408382,0.177700636455147,0.189178182143054,0.939329442973357,0.347561626333648,0.541473831662812
ACP2,57.5330998269557,-0.320680064419592,0.341452100803821,-0.939165592083547,0.347645731879084,0.541544432956564
CDK14,1335.26255067057,-0.141144440376476,0.150720800027807,-0.936462919188562,0.349034895793946,0.542872090488898
FOXO4,2639.26599906132,-0.141651137199195,0.151403116383815,-0.935589310064804,0.349484680595037,0.543314093187717
ECT2L,44.5820964305554,0.266915098804478,0.285689911721211,0.934282548502957,0.350158163967845,0.543921321514028
NDUFA11,228.449050527997,0.178546006556644,0.191490705570194,0.932400379564091,0.351129648712494,0.544981472148921
HAGH,233.633378813853,0.180804067963777,0.195938947214303,0.92275716764992,0.356133766620508,0.54983191913793
SLC45A3,24.7282533842158,0.651276395768299,0.708010748685529,0.919867949713248,0.357641769282354,0.551357626329376
RPAP3,876.69877244056,-0.218476861305224,0.239817074438295,-0.911014621527449,0.362287669695679,0.556195959301228
HP,275.082778031295,0.626576696863559,0.689293616224932,0.909012766279693,0.36334338709118,0.557048124226896
TMEM143,26.7363604336249,0.401383400841136,0.442628466559979,0.906817864563951,0.364503121210307,0.558302438647009
RILPL2,10533.7062409191,-0.216899059628669,0.239805646166728,-0.904478535413077,0.365741711012175,0.559575256404818
CHIAP2,62.484759812312,-0.24767273993289,0.274072576449723,-0.903675745823202,0.366167363626353,0.559974094022928
CA12,41.0351800864987,0.282261624363305,0.312704286574369,0.902647122159538,0.36671320875595,0.56045534254894
MACF1,2580.96669740558,-0.146020977846827,0.161959585444362,-0.901588982499523,0.367275245796402,0.561046133500179
HERC2,330.484286924651,-0.227570195699323,0.254216519848607,-0.895182562623572,0.370689504546911,0.564651074418433
CLCF1,122.608864713402,-0.563107808885417,0.62970398565982,-0.894242091060259,0.371192376202001,0.565315596634993
PGPEP1,1076.28956766999,0.15058901374628,0.168998183334304,0.891068831482003,0.372892244869328,0.566947095962586
CD151,97.987345425995,-0.314311473399416,0.358566307645535,-0.876578380894984,0.380715686010688,0.574304596308072
AIFM2,60.5624216715615,-0.219076964673134,0.251910968413997,-0.869660285347709,0.384486081914803,0.577835631121761
NBPF20,7353.21927190245,-0.196833617716157,0.226610044228117,-0.868600588233479,0.385065632634883,0.578296739564393
PGM5P3-AS1,14.5302011457614,-0.446617075416862,0.515381132515787,-0.86657630099251,0.386174203203437,0.579301003346288
PYCARD,1355.69873625794,-0.120584353619624,0.139440510463705,-0.864772749458712,0.387163530779085,0.580017917436149
HLTF,138.413782639829,-0.344969382711763,0.399501618574746,-0.863499336854927,0.387862983879792,0.580648369269457
SAMHD1,1289.96389432107,-0.175029688071085,0.202892756905888,-0.86267095356328,0.388318406860942,0.581123793521526
QTRTD1,396.852205038945,0.123825910816825,0.143543691263638,0.862635687620719,0.388337802358797,0.581123793521526
SLC6A12,108.391734248806,-0.315284536946829,0.366977156672425,-0.859139407492497,0.390263608035492,0.583008539318866
LINC00707,29.0040132852668,-0.338691590969784,0.395050601382848,-0.857337236759587,0.391258534951235,0.583774932324603
LOC102723704,24.3217512250095,0.394866992668973,0.46302610794596,0.852796388567917,0.393772227005353,0.586031413252793
SAMD10,10.1928808977275,0.66409999365722,0.781854633826879,0.849390621894386,0.395663969789427,0.587817254402385
RPL26,1148.42997618392,-0.200554135492373,0.236867265998746,-0.846694179741303,0.397165603699195,0.588832956506377
PMEPA1,61.1635367667055,0.34331550539778,0.407174180335143,0.84316619760909,0.399135500312236,0.590749778608117
MLLT1,3839.19201613037,-0.0896840369111444,0.106821791929417,-0.839566864506481,0.401151284407584,0.592647945592402
NAA15,136.535283151796,-0.184881983148019,0.220327503775798,-0.839123486535535,0.401400017672467,0.592920706807666
KIAA1024,58.4520554515231,1.04247844382098,1.24686173811981,0.836081830045546,0.40310886948575,0.594505016763308
ETV3,675.529671606555,-0.197346176877268,0.236568479456744,-0.834203175885706,0.404166501807217,0.595614428213059
DHX38,1268.36436940473,-0.109674249936594,0.132555087540576,-0.827386198232655,0.408018200830717,0.599557134588652
MRGBP,129.837440635096,-0.228904302746045,0.276758253601867,-0.827091151815608,0.408185398945166,0.599750895238279
MADCAM1,74.6135056630822,0.489001318041136,0.591695309072642,0.82644109314901,0.408553920847479,0.600164329438837
TNFRSF9,2034.07440609599,0.205755877688082,0.2494254318664,0.824919400353253,0.409417351303733,0.600479849299077
DLEU7,107.806059993464,-0.295405798481329,0.358409044940577,-0.824214128106915,0.409817900805854,0.60084911994445
THEM6,8.58249951670755,-0.64012304269624,0.778166560316028,-0.822604151013986,0.410733137337963,0.601619298084052
TMEM158,17.983872041518,-0.562215272663574,0.683838573029214,-0.822146183086919,0.410993703638196,0.601804285337712
SYT2,495.470679076387,-0.226975580964407,0.277448863192214,-0.818080774788255,0.41331106580826,0.604039904322552
LINC00239,19.3906690166625,0.415434044201345,0.510123786865782,0.814378891746622,0.415427927180258,0.606514846696965
LRRC28,81.7378016976315,-0.198563574317592,0.245435203507681,-0.809026461892123,0.418499925470044,0.609221673364279
LINC00629,12.1532629986988,-0.50653110808618,0.631266168359308,-0.802404965567345,0.422318741657901,0.613296285053298
THBD,10595.3356710505,-0.30556362767424,0.381114422032653,-0.801763486263607,0.422689783934699,0.61336398654888
DANCR,21.9204516976555,0.451909379819068,0.56469715118787,0.800268566732545,0.423555210855843,0.614301230838178
LOC100128593,71.4494861554695,0.224046325185873,0.279986453572861,0.800204161047276,0.423592519365368,0.614301230838178
DOLPP1,16.4944325460966,0.43007513973924,0.550522693425261,0.781212373032951,0.434677597692011,0.624193940944988
LRCH4,7348.43361880141,-0.0903428040680769,0.115815274088943,-0.780059493695939,0.435355857396084,0.624956407995122
CYP51A1,655.027018642662,0.0998829421186544,0.128768041775944,0.775681145267787,0.437937275232618,0.6273016247822
ZMYND15,278.967936361714,-0.164686104366259,0.212362695992956,-0.775494507621626,0.438047509678561,0.627387538756502
GBP4,1575.65755559132,-0.214824298273922,0.278168173810353,-0.772282088677704,0.439947371474072,0.629099906365992
C12orf76,38.8284992798441,0.247619764833449,0.320858907135288,0.771740348567108,0.440268228097472,0.629134660879877
MPDU1,91.9607883825268,0.197501523434117,0.255850289247815,0.771941763344336,0.440148920419093,0.629134660879877
MZT1,25.9266110344901,-0.342793070409372,0.44546084697315,-0.769524578284731,0.441581959474603,0.630216028944077
UBXN8,12.6369563841208,-0.447913144022015,0.586643872704112,-0.763517978901539,0.445154544226807,0.633875570485558
SPTBN1,1049.19087976543,0.207858387460549,0.274561399443268,0.757056118893718,0.449016241975755,0.637235860758634
C18orf25,1898.01123712209,-0.103497754579926,0.137007306783124,-0.755417773037159,0.449998352476283,0.638202727352508
TRIM52,157.798833552118,-0.140160087432091,0.187382553047717,-0.747988994452432,0.454466795871314,0.642178874325863
USP53,232.538308928156,0.119333866583762,0.159678217891337,0.747339669490615,0.4548585525643,0.642198814317015
RNASE6,1408.0840933022,-0.303544881260983,0.40780498673238,-0.744338326250489,0.456671820144467,0.643526580163725
USP20,712.210822315664,-0.103687250313437,0.13946718966987,-0.743452639713131,0.457207684724874,0.644121260492286
ZNF827,31.5896812063057,0.461187744199381,0.621745007470514,0.741763486088392,0.458230647211376,0.644813078888274
PRORY,24.080705389964,0.327012708867893,0.442037956677634,0.739784228770141,0.459430930139358,0.646127092005733
EXOC2,187.944338379069,-0.123646417871541,0.167681590198751,-0.737388151704579,0.460886338617804,0.647233543046189
OXCT1,54.6591340057729,0.332857574583679,0.451789096193643,0.736754333798733,0.461271758494826,0.64748195229296
RSPH4A,29.3328959927448,-0.285862861482244,0.388172034366599,-0.736433426866264,0.461466968225834,0.647702397016941
DCK,294.333462553096,-0.152672292464902,0.208489177795073,-0.732279219859394,0.463998160050072,0.650018718313646
ASAP1-IT1,10.1847329230498,0.455345493599587,0.622373815979803,0.731627009215894,0.464396258183299,0.650200733697983
LINC00899,37.168234650617,-0.223379652000321,0.306172656415446,-0.729587202905596,0.465642546830034,0.651205377977752
NUTM2D,112.215525956579,-0.151685876744816,0.208415880649348,-0.727803832760816,0.4667336779908,0.652021070282316
TTYH3,571.972612264221,0.132441549918464,0.182013783464079,0.727645716702559,0.466830487602357,0.652048970091943
UMAD1,374.055045107107,-0.0960995560060983,0.132886349546618,-0.723171012929249,0.469574825266772,0.654266803581615
DBF4B,58.0913053446593,-0.184084988170368,0.254906911906415,-0.72216554189771,0.470192705910965,0.654644020075546
RABEPK,171.791917143937,-0.188900044408531,0.262143054623057,-0.720599081597473,0.471156219070263,0.655339382082174
C17orf58,14.9433815664519,0.367322518435972,0.510894176776854,0.718979653973253,0.472153455891028,0.656040166776725
KLRF1,34.2841706140232,-0.379962141101915,0.529991369447372,-0.716921374584091,0.47342261235368,0.656877745002179
CNR2,84.2150784019143,0.44256555208651,0.625174565439835,0.70790716153839,0.479002912107807,0.660742664273443
XRCC4,220.291883575138,-0.145988231471842,0.206222295680477,-0.707916818548263,0.478996914725943,0.660742664273443
TPRA1,212.089460439348,0.228539684472837,0.324352828408299,0.704602101342395,0.48105789043964,0.662059237474989
BMP6,404.945848304514,-0.219931896204242,0.312775093826929,-0.703163073227112,0.481954128885557,0.662808968110013
RNF144B,7403.3553555861,0.268406138647979,0.385643420152622,0.695995639032957,0.486431560824999,0.667033231938913
LPAR1,82.4247995643027,0.256614803880635,0.375940724481468,0.682593789844348,0.494863559327955,0.674419832324826
SNN,11593.2680818443,-0.189588769564017,0.280445920125422,-0.676026128243295,0.499024056242226,0.678260293308485
ETS1,1525.4875456865,-0.175663165214994,0.259898311571812,-0.675891906155985,0.499109276923855,0.678321800764867
RAB28,199.743053546631,-0.122429775300842,0.183093520643391,-0.668673445519122,0.50370381021309,0.682646519728334
FAM13B,2550.78311359252,-0.141073603992571,0.211507339082873,-0.666991531377999,0.504777542803414,0.683511190273445
RQCD1,337.150789934867,0.124193075436744,0.18810869256333,0.660219757760172,0.509112814948753,0.687403555712827
KLF9,115.61965567075,0.212042679018064,0.324750458986667,0.652940352046646,0.513794733314457,0.691641253978077
ISCA2,62.2727841401129,-0.169571743060515,0.26104915305524,-0.649577832664459,0.51596495578331,0.693576638272668
LAMB2P1,18.0536222396171,-0.343842515419842,0.529784326700427,-0.649023570707241,0.516323141051447,0.693882045286654
MIER2,39.2096328233662,-0.230234666371695,0.358101751393332,-0.642930858271088,0.52026896519013,0.696461341650546
FAM124B,9.33792023871526,-0.717645026986445,1.11622570939909,-0.642921069586172,0.520275317121173,0.696461341650546
ZNF350-AS1,25.6620615870523,-0.30711480437422,0.48038833570468,-0.639305290216329,0.522624347639129,0.698325321861946
LOC100130744,210.833664049458,-0.208793912032905,0.328174491276135,-0.636228340664115,0.524627603643473,0.700163536135647
PRCD,8.43292908801073,-0.460251865695636,0.723910549664689,-0.635785548240486,0.52491620816587,0.700383481524462
ABCB1,34.8990690194913,-0.41282325289262,0.654969968860421,-0.630293406598304,0.528502636027141,0.702831374967782
YAE1D1,42.9769132207272,0.218805570439274,0.347373373842237,0.629885843060173,0.528769275916177,0.703037379620004
RFT1,547.111403377074,0.0870313865058113,0.138479399287895,0.628478943101675,0.529690236563864,0.703894949067512
REPIN1,908.150916455355,-0.220724293457966,0.351171884327173,-0.628536347324224,0.52965264364963,0.703894949067512
SUFU,213.052018326073,-0.115315489591061,0.18383386536863,-0.627280992867265,0.530475060353897,0.704297923057897
ZC3HC1,36.9238342928527,0.209190050252793,0.333688769798371,0.626901679607601,0.530723686234251,0.704500030469969
CTSO,49.8937239832694,-0.23593238655477,0.377237767259467,-0.625420907001855,0.531694843939752,0.705159403871647
SERPINB6,238.562615966932,-0.162529927158189,0.259862277765469,-0.625446403978938,0.531678114250877,0.705159403871647
PI4K2B,145.164301751964,-0.247255001046895,0.395414362360387,-0.625306070247249,0.531770196695367,0.705162996419539
TMEM191A,11.4188700842778,-0.344025904438667,0.552086922142445,-0.623137210176307,0.53319435918771,0.706328921704681
DDX12P,31.2785536864304,-0.402773779997935,0.647167367701919,-0.622364167445863,0.533702436562052,0.70660720440995
RALGAPA1,300.459732043606,-0.125668710361886,0.202959963261636,-0.61917980444195,0.535797914643793,0.708011020943075
CFAP44,62.8132642565733,0.16927267843407,0.2748432140272,0.615888149297068,0.537968343512969,0.710027827544628
TTL,318.822997543108,0.398344197599395,0.653715022826814,0.609354510283186,0.542289483069375,0.713460320526372
SNX11,1055.34761636304,-0.083604470184129,0.137268060520345,-0.609059892499446,0.542484740882884,0.713503644006843
AHSA2,568.261099828933,-0.0809479871358402,0.133718779081372,-0.605359903013929,0.544939887141253,0.715402209511243
ZFYVE19,67.4810654455506,-0.153176618806708,0.255847481542337,-0.598702859544702,0.549371049975998,0.718994868922936
C9orf64,123.097095767299,-0.105544490992217,0.177701438397101,-0.593942806227387,0.552550367147437,0.721324447908495
CHCHD7,199.987522811181,0.15769267413507,0.266991842555674,0.590627311402548,0.554770161228907,0.722939125950324
ARHGAP32,22.1632972039642,0.374707551504353,0.638991760188282,0.586404355815079,0.557603817871672,0.724739776146272
KLHDC1,9.06698026648359,-0.457692298592233,0.783192253326401,-0.584393291236355,0.55895573931017,0.72577437132371
RPLP2,940.238961418781,-0.170723601479087,0.292849313856067,-0.582974223948487,0.559910652392287,0.726625140877955
SPATA20,31.2427352983636,0.31535305756733,0.545816324626009,0.577764063365837,0.563423420646678,0.729121028990882
NAIP,11056.6029604159,-0.202977297667873,0.35792096475001,-0.567100890023702,0.570645638251849,0.7351370592267
KCNH4,12.2942232165563,0.418796387025751,0.768478456360024,0.544968285785684,0.585775329818689,0.747221262509041
TMCC1,6025.53011880837,-0.131071752318528,0.240639032550475,-0.544682011597743,0.585972238775607,0.747360098932862
TRIM28,2271.91568988618,-0.0728831604503237,0.134110872581359,-0.54345452421174,0.586816893595334,0.748043887494368
LGALS9B,124.784569537375,0.14090157222751,0.259442527628738,0.543093584214304,0.587065369785561,0.748135865445302
C9orf40,61.580392397429,0.223703688370003,0.412449854638151,0.542377905712348,0.587558196999791,0.748539087185142
MTRNR2L3,724.874009292142,-0.0904526357688349,0.168430594023581,-0.537032100926813,0.59124544049719,0.751643271412993
NDUFS7,104.233372747585,-0.142911343506066,0.266749577908552,-0.535750963981129,0.59213067613066,0.752191273655144
RSBN1,1805.26340595254,-0.16081259868125,0.300990511268283,-0.534277967779231,0.593149233113041,0.752821107801459
GLI1,750.209638980003,-0.135390782536507,0.254716726421825,-0.531534714812142,0.595048291673788,0.754118847542378
MYH10,1718.27833583538,0.0730869967216291,0.137708735030365,0.53073609822582,0.595601667388117,0.75442581527809
GADD45A,710.261498001027,0.167972610630939,0.318467919331131,0.527439658549368,0.597888309306014,0.756080797670939
NPPA-AS1,17.0109954131844,0.259947546151522,0.49348967569121,0.526753768024478,0.598364591818074,0.756346086435481
GNAO1,11.2184778320065,0.531024718394959,1.01864951852748,0.521302674508293,0.602155938172407,0.759327630779559
TMEM9,40.3315398742214,-0.204742292743919,0.395631755254997,-0.517507227426565,0.60480212499673,0.761082560975321
LDHB,174.844671023558,-0.174176006852062,0.338503973433383,-0.514546417536631,0.606870016273087,0.762665525078625
SIPA1L1,11012.3573519164,-0.0552940603138365,0.107956302911098,-0.512189273092938,0.608518549780779,0.764114888049673
SMTNL1,97.3100483947661,-0.208083851342764,0.407377916274403,-0.510788246073216,0.60949934044201,0.765120030028239
CIDECP,293.039565448732,-0.120824255840635,0.237557427066041,-0.508610727658057,0.611025108006461,0.766185307209875
TREML3P,1686.04824495244,0.119471561197143,0.235428765348373,0.507463737578355,0.611829473821884,0.766726748802461
FAM96B,137.355593401626,-0.111863412994582,0.221053829973623,-0.506046029638707,0.612824336831165,0.767161583192008
PRC1,50.6687037721638,0.142698565073193,0.282803597707496,0.504585395058471,0.613850069936724,0.767798908317936
NFE2L1,1517.64204637369,-0.0754926322240968,0.150029537994257,-0.503185127631244,0.614834120149416,0.76852000936632
NOP10,3927.53568466199,-0.1006760448785,0.200477421774997,-0.502181462566356,0.615539881402799,0.769062342989421
C5orf42,38.394919117017,-0.250562032126501,0.500167356424529,-0.500956387713217,0.616401816636511,0.769590485118808
CCDC170,273.38493184011,-0.173189659752998,0.350423325221694,-0.494229828004257,0.621143876463454,0.772336701667315
RPL19P12,38.2264128966476,-0.192795504740565,0.391299156391987,-0.492706159957653,0.622220224496242,0.773083576145697
NSFP1,41.8493583154425,0.160166273830473,0.325980154840661,0.491337498470612,0.623187762178736,0.773832506562592
FXR2,439.448399052237,0.0834899935241178,0.170128134735508,0.490747715854974,0.623604893560461,0.774067304432688
CWF19L2,443.204365698665,-0.116727648295139,0.238130634119747,-0.490183250578506,0.624004232014014,0.77435710553868
ERI1,1480.30529473523,-0.168774107547247,0.348790196315557,-0.483884321664114,0.628467967807366,0.777429248258758
ZNF688,70.8167707504058,-0.152926744869015,0.318212981530276,-0.480579843517368,0.630815143964061,0.778915578272685
TTYH2,89.5358787876225,-0.134630805841526,0.283219187828505,-0.475359056262276,0.634531072462692,0.781569318599535
TNIP1,14950.1293923731,-0.135989769889268,0.28751879453072,-0.472976975683368,0.636229605754292,0.782980847571739
S100P,4381.87718459752,0.0970541534548694,0.206643569682076,0.469669361617148,0.638591260724123,0.784976524734541
NIPSNAP3A,40.7408004659691,-0.226823865425625,0.48453419992571,-0.468127668718538,0.639693293837591,0.785775881582939
RNF26,38.6555643378119,-0.194325327477731,0.415796945543958,-0.467356313124208,0.640244973095028,0.786212118035513
BTD,189.805324198212,-0.0797850170995792,0.17177990925404,-0.46446070117308,0.642317709100016,0.787518739941163
ABCA3,9.75625248240283,-0.476826476391128,1.02913201213852,-0.463328776840097,0.643128721913738,0.787815277395883
ACOT2,8.69282003495604,-0.37623951526127,0.817946806150809,-0.459980419792606,0.645530274856648,0.789503482371336
PTPN12,11057.1464355916,-0.0832405553356807,0.181295281499269,-0.459143528983771,0.646131099806178,0.789953682892267
COMT,33.1893878362879,-0.167644039102986,0.36601139336528,-0.458029564494121,0.64693120110217,0.790533252581613
NUDT9,30.3166433345204,-0.190120997208536,0.432863008813562,-0.439217473744501,0.660503964952596,0.800147986664915
TJP2,322.889110318763,0.083983136830102,0.192687611198404,0.435851253268314,0.662944654743501,0.801902692631081
PIP5K1P1,9.8660760884334,0.267776266629375,0.625214312775128,0.428295164006724,0.66843623933735,0.806476139477749
TMEM199,380.468460726507,-0.0848057484770623,0.199356808806418,-0.425396799762237,0.670547438562548,0.807563680578314
BRF1,105.150156352905,-0.103070602459347,0.242482976045754,-0.425063252440035,0.670790565359876,0.807708937586933
DMXL1,701.393811614057,-0.0625954131185729,0.147676693748674,-0.42386792072351,0.671662140512027,0.808586313574274
GPATCH4,24.2860447674878,0.231233314014241,0.548778836444752,0.421359751247478,0.673492404842912,0.809555427806848
IARS,70.0389649264694,-0.188770174936222,0.452445318673673,-0.417222075563949,0.676515979599062,0.811551399897885
PRADC1,23.5521503677922,-0.21199613928498,0.513596922248844,-0.412767542213317,0.679776934038491,0.813392957282369
ORM2,353.791861409215,-0.14336038429609,0.354210028986123,-0.404732708180057,0.685673996965138,0.81716586451038
CASZ1,503.360820565327,-0.0721406764296729,0.182784290159134,-0.394676568576361,0.693081597421438,0.823224472707716
RPL27A,2284.81177305612,-0.0792885843551569,0.201602426007088,-0.393291816599317,0.694103961688028,0.823569102193037
ANKRD33B,1087.52599556063,-0.155873857445164,0.397253115773289,-0.392379194161237,0.694778056658032,0.823973484566091
FAM195A,12.2449537423095,-0.242111339549367,0.623029395687774,-0.388603396926553,0.697569553533205,0.825891207712979
SLC25A27,16.1936380290058,0.220100173456462,0.570133014250298,0.38605056706966,0.699459219001906,0.827513995835679
JMJD6,4681.78450942483,-0.0776400968080677,0.201926460534879,-0.384496893583973,0.700610197853654,0.828393219867091
RHOV,16.7819179565673,-0.32195566594728,0.853029020801312,-0.377426392416103,0.705856756385365,0.832138942216869
OR7E156P,17.7151772127416,0.179995257296345,0.497683395270063,0.36166618980461,0.717601495685233,0.840079203225903
APPL1,520.311859192524,-0.0556991359618652,0.156525855179503,-0.35584623318614,0.721955723201011,0.843001894335574
SCARB2,399.594119876066,0.050991248562205,0.144729253927137,0.352321643196448,0.724597058518897,0.844749366477725
LSAMP,18.6090567189954,0.186172517963507,0.534495301057969,0.348314601821571,0.727603928980752,0.846626483111293
CASP1P2,68.5481249763542,0.13906242964381,0.400478752688087,0.347240468340448,0.728410670686321,0.847152762782755
PTGER4P2-CDK2AP2P2,73.3612711257829,-0.0905324842693098,0.261672593918654,-0.345976179291645,0.729360616695086,0.847678908730196
ZNF561,240.107683047675,-0.0467852360781158,0.143038260405282,-0.327081970554978,0.743605887913192,0.856424627887527
RRAS,16.7330441586834,0.178346027132654,0.54534851799579,0.327031285952867,0.743644222317846,0.856424627887527
TMEM258,123.054828184349,-0.0707187595766294,0.216807259174325,-0.326182618819823,0.744286191057171,0.856735437753098
LINC01104,12.2975026006897,0.179621859283809,0.55556926414699,0.323311368852625,0.746459444872739,0.858484934771963
LOC101926889,2064.43878997865,0.0420458436983847,0.130641407477786,0.321841631303107,0.747572673664863,0.859126813211674
SLC4A10,22.4667992422264,-0.179382880213341,0.574799232207964,-0.312079192458698,0.754980339403979,0.863874017265707
HDC,60.250211067342,0.189059103323772,0.610587912820601,0.309634533134494,0.756838892361926,0.865031134560348
CTDP1,1405.44867340251,-0.0377382863381047,0.123629834415575,-0.305252259832763,0.760174032871192,0.866833154290851
HCG18,1982.04599135433,0.103021093982846,0.339389677262769,0.303548106747757,0.76147219181645,0.867363355346412
LSP1P3,19.4329326411243,0.127227598560871,0.422067729090398,0.301438820814519,0.763079895377319,0.868436396723923
GPHN,12.7251864267354,-0.216029360724724,0.718826388259426,-0.300530648642184,0.763772422004807,0.868933204602868
PLBD2,32.8746428865892,0.141932076716379,0.480392010025291,0.295450535717501,0.767649733351792,0.870485152298164
NEO1,37.1969068985091,0.145162633788175,0.50346285807534,0.288328387009737,0.773095379675545,0.87426537738895
PRDM1,2599.02333662155,-0.101478233092844,0.353190037019434,-0.287319070348692,0.773868021950616,0.874808800955516
LOC100996342,10.5573996581514,0.18741046367379,0.670455734711965,0.279526975415169,0.779840439323277,0.87810719861563
PLEKHF1,23.4791247668191,0.179961576405532,0.644713943038723,0.279133991669734,0.780141997855093,0.878196590011053
SC5D,561.835309030672,-0.0727796296878214,0.262348296971317,-0.277416055404311,0.781460654815357,0.879044288572563
NBPF8,1816.97317811089,-0.0662778310470555,0.239074792485204,-0.277226345605455,0.781606311248646,0.8790869658391
SERPINB12,25.4246595525176,0.105950179236165,0.383757414920065,0.276086337662647,0.782481753982908,0.879585092775466
LGALS9,2603.07809112906,0.0628533679687462,0.229843778614623,0.273461254194449,0.784498672288834,0.880822404477778
SDR39U1,22.5055936506838,-0.14314083838936,0.52910411701655,-0.270534350018831,0.78674919427627,0.882123758027142
LINC01138,410.053031973608,0.0418846336939814,0.155170125580786,0.269927175332311,0.787216280015647,0.882472569645017
HIBADH,47.0556179904477,-0.0790810952171654,0.309640528999764,-0.255396460768951,0.798416904074541,0.889669233399486
GTF2H4,9.23764922264621,0.182107510481427,0.721157003388967,0.252521308987697,0.800638145485821,0.891278407791247
FRG1JP,90.4926159403052,-0.0595859383970609,0.23687567666428,-0.251549417129522,0.801389360744153,0.891607202611088
RPL3,2367.09115444416,-0.0739895519100415,0.296068378259444,-0.249906971980657,0.802659291408731,0.892591632406564
LINC01191,18.1453944143574,0.110602189448777,0.451285352950396,0.245082604001408,0.806392472237639,0.894398969991976
ASPH,1558.5185081913,-0.0570980173031881,0.23673713779598,-0.241187410791437,0.809409867669027,0.896164412165094
RAB30,84.070921300679,-0.114899148313439,0.482454740391385,-0.238155289385754,0.811760653378402,0.89765453538821
USP12,354.275514040612,-0.0495560893504402,0.210152260273439,-0.235810403780385,0.813579794747744,0.898963299248614
PLAGL2,2042.92479677458,-0.0730539554509893,0.312060335603099,-0.234102021680527,0.814905776464921,0.899257531740094
EEFSEC,27.068915177621,0.0979570412621608,0.417901876929651,0.234402013175573,0.814672895890884,0.899257531740094
DNAH7,40.5983200074835,0.0779084601068787,0.334472296644717,0.232929485904881,0.815816161660409,0.899806037483875
HDAC11,18.7045019950796,-0.112400692242159,0.482322847462905,-0.23304036463005,0.815730062066308,0.899806037483875
MRPS2,14.8709206704089,0.16141162698844,0.708199801628814,0.227918204180802,0.819709830259811,0.902444760048576
EP400NL,22.9030627471252,-0.12048873740623,0.531645245553253,-0.226633715647817,0.820708573062237,0.902970112553135
ANKRD65,79.3726368432394,-0.0476992976566864,0.217646139706191,-0.219159860685227,0.826525521912524,0.905719986951146
RAB15,128.122023920762,-0.0431780773108904,0.201821380123028,-0.2139420376799,0.83059225776354,0.908299729301726
NF1,1702.54833171646,-0.023568260427174,0.110461344297694,-0.213362064141257,0.831044567640765,0.908677258214088
LOC102723809,20.2465609313185,0.113348704451635,0.533522268541606,0.212453558426861,0.831753205716127,0.909042140988738
LYG1,12.2392469890243,-0.112672851913901,0.537609829210148,-0.209581086118606,0.833994642886654,0.91016519195992
GPR146,13.7895179219572,-0.161837615678184,0.791229467538851,-0.204539419116411,0.837931991048574,0.912412814631829
IPO7,463.769885736946,-0.0570770245959123,0.291384096038781,-0.195882429315276,0.844702190224893,0.916597215553897
TMEM92,188.129260393574,-0.0807744550332996,0.412827374724957,-0.195661576675033,0.844875060420716,0.916612036554652
GPR18,77.4520382733876,-0.0697677382318381,0.358811603212124,-0.194441142948748,0.845830477195885,0.917000807487422
IRF5,191.484914527165,-0.0751415775547713,0.390333197067849,-0.192506243689311,0.847345677622517,0.917600142220926
XIST,816.190917842475,0.222463873182116,1.16315877548378,0.191258388683513,0.848323160264519,0.917997007846067
ETV7,164.935387564516,-0.044789241651341,0.236276368542125,-0.189562933981507,0.849651634892217,0.918957911508457
ZBTB42,21.057851197239,-0.0975662906911468,0.521092125759016,-0.187234244902536,0.851476976035453,0.920240131883039
C7orf31,51.9191504766063,-0.055802894752984,0.303484434425628,-0.18387399294002,0.854112307553992,0.921726590182892
PPAPDC2,63.8369066629403,0.0610020179945853,0.332518873774114,0.183454302314355,0.85444157167068,0.921847457529387
ZMYND10,23.5663773245006,-0.0732252150425412,0.400355558372828,-0.182900458133145,0.854876123422633,0.922081828200122
LOC101927051,9.94931752114146,0.114881433034803,0.636287326141544,0.180549616996846,0.856721105612959,0.92294286759465
MAP6D1,29.7389024435466,0.0727550408011908,0.403558553055867,0.180283728966386,0.856929828785062,0.922995139577918
NEURL4,260.879349573129,-0.0263317050685839,0.146349306637823,-0.179923674894805,0.857212488623231,0.923167617697285
AGBL5,63.8901136869855,-0.0546970820543208,0.313800970754864,-0.174305012259026,0.861625760331243,0.926034450528288
TMEM223,23.0186006109857,0.08077571780551,0.471203213765593,0.171424377945124,0.863890087656781,0.927266795327023
LAMTOR2,128.678608870271,0.0349494533410062,0.208429332683901,0.167680109565048,0.866834944886568,0.92889485340543
ANKS6,12.9697657738357,0.117855685875755,0.706902642040611,0.166721241181872,0.867589391409978,0.929324497026923
HDAC7,4168.80863988325,0.0256317707667852,0.155413234984366,0.164926563489677,0.869001784059344,0.930106469007706
TPRN,23.557235372191,-0.0726920705814276,0.447308724872288,-0.162509842843289,0.87090437783803,0.931203244545268
SYS1,1312.47530859659,0.0315096853064249,0.196816743191175,0.160096568998799,0.872805003858267,0.932274920691826
HIST1H2BC,1177.68080642959,0.0318516039145945,0.200385422903238,0.158951701441752,0.873706926594278,0.932716896775625
GOLGA6L9,40.2177271335814,0.0526747242593206,0.332163103668317,0.158580901001934,0.873999077156197,0.932807969909129
CDC42,18283.4686084137,0.0274389743387712,0.17635122278267,0.155592764857583,0.876354028291456,0.934321934771655
AP1M2,48.1000460938865,-0.0811715132076562,0.542567642690583,-0.149606255185304,0.881075272807482,0.937236573493487
PATL2,342.654917798937,0.0304286498245722,0.21228491362227,0.14333872956566,0.886022669853354,0.939930943163481
SBK1,72.7295221724537,0.0564949958393887,0.406452275837638,0.13899539797867,0.88945378562949,0.941878353522898
MEST,9.8553585379474,-0.105877683671897,0.765116062630154,-0.138381206255079,0.889939149346655,0.942092389088183
SMPD2,157.969483340707,-0.0372659512574857,0.272116026199476,-0.136948755933132,0.89107130019562,0.94236066682933
CLEC5A,584.886464996409,0.0569595367549868,0.419099759270349,0.135909256674719,0.891893017611936,0.942893253700621
CST3,1583.11833770439,-0.0291436943891824,0.221269770383414,-0.131711143093259,0.895212771395126,0.944980810751232
SSSCA1,117.759271358824,0.0423272897606164,0.324102853481398,0.130598324901961,0.896093067912532,0.945390162778113
SUPT7L,286.569843007304,-0.0234972463605714,0.1834366836518,-0.128094587695305,0.898074119158191,0.946237353206509
BMF,539.789302563766,-0.0490882353876259,0.387828425587124,-0.126572041008372,0.899279126971076,0.946868003161059
SF3A2,531.140315549683,-0.0229639770610565,0.181675448043021,-0.126401103222372,0.899414428912681,0.946869009226122
LOC101927851,351.163324402726,-0.0266415415281774,0.215866370963976,-0.123416822218332,0.901777036705046,0.948027742006817
ZNF773,127.362616043455,-0.0260825451606856,0.211693118602484,-0.123209225377152,0.901941420438031,0.948065874456094
TET2,23428.056779114,0.019973861304862,0.164060207330886,0.121747141673286,0.903099277249098,0.948653892026471
ABCF2,138.858736135911,0.0269485401697859,0.24551690663075,0.109762462144066,0.912597761981133,0.95467265879831
IL20RB,34.4639315402972,-0.0387444585623267,0.360490546306111,-0.107477044708481,0.914410535493422,0.955825131891308
MTMR2,55.8868901432432,0.0314706922025589,0.315479378555321,0.0997551483291019,0.920538716812877,0.95872503078965
LINC01420,18.866190052329,0.0602673125611465,0.61713669183205,0.0976563431712919,0.922205182891692,0.959577362763644
SLC25A39,66.8027229334656,0.0407034940674308,0.427626791325771,0.0951846210131919,0.924168185174413,0.960536721622582
C7orf60,1053.6182139317,0.0153297762356543,0.160894331295677,0.0952785353729005,0.924093591372438,0.960536721622582
ENDOV,21.1129188895776,0.0453305890242334,0.479099547748501,0.0946162216960164,0.924619664591487,0.960682767992751
RFX8,26.0332370645235,-0.0608873799087904,0.653138857761784,-0.0932227185463179,0.925726626188346,0.961337634974386
ZNF451,790.98396904118,0.0131682133511283,0.141345676029048,0.0931631849029609,0.925773921339205,0.961337634974386
SLC25A26,15.2209630942947,0.0525295005249827,0.57053100918192,0.0920712453479159,0.926641434277423,0.961550684813063
MIATNB,44.0049587852652,0.0293923990311931,0.327686803946154,0.0896966209112981,0.928528301241705,0.96248931120621
HDGF,3954.01336820456,0.0222404984086916,0.250288529655287,0.0888594393012041,0.92919361873445,0.962599896060617
GRIN2C,11.0377374333082,0.0533533476216146,0.608994576523526,0.0876089043784014,0.93018752472489,0.963394316813989
C19orf71,121.270890946096,-0.0205856719764413,0.244923741760459,-0.084049311955125,0.933017225168847,0.964794269515973
EDC4,731.920514969056,0.0111186587572734,0.136133122682366,0.0816748968817536,0.934905241036454,0.965528951149667
DPYD,2308.48612109497,-0.0112488753409021,0.141151855696157,-0.0796934286511708,0.936481086007975,0.96666810556668
OSTF1,4038.45165844797,-0.0131678725442504,0.16815365442339,-0.0783085719391823,0.937582598982509,0.967621299890745
CAB39L,101.175672288668,-0.0194658595066292,0.253849633504406,-0.0766826378194924,0.93887601687935,0.968492296752953
GYG1,2557.34144633949,0.0211881737184624,0.283100545557944,0.0748432811272193,0.940339405004549,0.969236024640909
CRACR2A,255.402569827755,-0.0167381546273187,0.226173569567563,-0.074005794131125,0.941005774856007,0.96938780566115
UBA6-AS1,33.4303916853133,0.0241676958406881,0.325821825958211,0.0741745761494437,0.940871475404645,0.96938780566115
GPANK1,435.663816470585,0.0150899842774821,0.209169272069621,0.0721424525130988,0.942488542000595,0.970037327764348
PIK3R3,48.8556814568164,-0.0420529028247682,0.597222531207612,-0.0704141264391604,0.943864047884506,0.970982929424005
MRPL13,18.1282020959639,-0.0396216230804906,0.597710673246525,-0.0662889669767511,0.947147766982054,0.972414971944796
RBM48,296.295295254618,0.0087285275239747,0.136781978527001,0.0638134322808591,0.949118782645783,0.973614021097868
COL7A1,83.9841500052256,0.014717459501035,0.235397143324787,0.0625218271265456,0.950147280407591,0.974139159301537
TMEM263,49.0333304074354,0.0281006070876913,0.4708641520518,0.0596787990023074,0.952411457578026,0.975093554973206
RPL36,346.729912287241,-0.015273489675039,0.258404239799769,-0.05910696235818,0.952866913179573,0.975336665489639
IL24,10.4692450084275,-0.0470784393404763,0.874792497056505,-0.0538166931002329,0.957081209622021,0.977952862522243
MGC70870,8.48616629723287,0.0413375810945683,0.779010224074012,0.0530642343541835,0.957680728135093,0.978258038995413
ZNF354B,28.5441480894238,0.0231639691903811,0.442055592840306,0.052400579396694,0.958209512461286,0.978621485467141
UGT2B28,12.8115427850348,-0.0459558361273277,0.981468270608542,-0.0468235576264056,0.962653853351894,0.980628828230623
SPOCK2,1613.64723854075,0.015102844318283,0.386946174690632,0.0390308660638859,0.968865779796137,0.983624250845643
CD8B,38.3740603367939,0.0232243919344161,0.634395234346072,0.0366087112214133,0.970796997637475,0.98447947489445
SNX30,1123.49994119519,-0.0074339860571266,0.207485417292152,-0.0358289568208987,0.9714187436809,0.984881655779703
LRPPRC,209.036213311824,0.0094788970726829,0.278835336977966,0.0339946047563977,0.97288145299684,0.985893481028324
LOC100996255,46.0374643163878,0.0113175213134113,0.368204308500361,0.0307370692089559,0.975479228165698,0.987167078298436
TOB2,1404.34735422035,-0.0048389815299434,0.17154952044871,-0.02820749085912,0.977496662761165,0.98804221419281
ADPRH,29.5852964890368,-0.0102650071165939,0.506445362458076,-0.0202687355389568,0.983828996087109,0.991776296126777
RNU6-33P,31.7171016906052,0.0064931278389807,0.424754295290035,0.0152867855863518,0.987803384827519,0.994038348702032
IGF2BP3,22.9488633989851,-0.0024196169760119,0.446369561070659,-0.0054206585462687,0.995674961417382,0.998321938038389
LOC100129138,42.0839935012455,-0.0014763457853174,0.302656714108774,-0.0048779548461853,0.99610797057472,0.998461166819877
VPS33A,504.866720219593,0.0006239556658263,0.146885367884227,0.0042479089293502,0.996610669242838,0.99872911421761
HIF1A,26102.2955384917,-0.000717592881404,0.205668521964064,-0.0034890749179861,0.997216126639769,0.9987469416916
