,UT_1,UT_2,UT_3,UT_5,UT_6,GMCSF_1,GMCSF_2,GMCSF_4,TNF_1,TNF_2,TNF_4,GMT_1,GMT_2,GMT_3
EGR1,4774.54976927527,1940.76024297107,5009.47767401187,16051.9255555119,4774.54976927527,244149.280864689,111863.661316343,277558.251356591,5311.32308942016,3466.75342571061,35964.7814157611,263263.675110631,227453.904193854,86329.4812278561
LOC101928254,45.6230347708064,32.1475623068827,53.8384253892802,48.7604056971807,45.6230347708064,33.9449003278118,69.0978501979779,61.8662242858314,50.5412431854319,71.6611179154006,67.8580781429454,125.954522555532,47.5148008556863,120.870747372171
ADARB2,16.8606867631241,23.8130091162094,38.8137485364578,754.456459060014,16.8606867631241,30.4333589145899,46.0652334653186,753.550895809389,40.4329945483455,34.0684003204363,782.064350597446,360.842686240173,64.0897313867396,58.8019852080832
NOS1,64.4673317413569,80.9642309951121,113.93713280057,103.726681210366,64.4673317413569,120.562921853952,142.514316033329,144.01645653423,161.731978193382,144.497008255644,156.073579728774,245.951736611816,322.106149986803,294.009926040416
C6orf25,220.180733024327,220.270334324937,416.934782665821,773.960621338887,220.180733024327,397.974693498484,480.805874294263,742.394691429977,320.094540174402,433.491024766931,881.306789881503,445.947093372289,543.65772141855,828.127958347171
GPR1,109.09856140845,101.20528874389,192.816686277887,159.57950955441,109.09856140845,129.927032289211,181.381856769692,183.570272061237,171.840226830468,203.235629497775,193.395522707394,211.058929687648,311.608693983803,279.309429738395
TMEM253,11.9016612445582,21.4317082045885,112.685076396168,257.100320948771,11.9016612445582,76.0833972864748,107.96539093434,317.444724614184,26.955329698897,111.60338036005,268.039408664634,90.2106715600433,93.9246063426356,96.3699202021363
HMGN5,208.279071779769,29.7662613952618,53.8384253892802,23.0503736023036,208.279071779769,139.291142724469,18.7140010952857,9.12780358315546,146.008035869025,46.9908969937053,18.66097148931,26.382366210956,16.5749305310533,29.4009926040416
PPP1R35,176.541308460947,313.736395106059,364.348413680943,679.099468437099,176.541308460947,654.317216663683,545.585108854867,907.709356324904,195.426140317003,260.799478315064,810.904033808197,813.598132183032,672.389681876397,457.348773840647
LOC100129520,0.0,0.0,10.0164512352149,1.77310566171566,0.0,9.36411043525844,77.7350814727252,5.07100199064192,0.0,10.5729518235837,5.0893558607209,7.65939664189047,3.86748379057911,26.134215648037
LINC00330,110.090366512163,108.944516706658,182.800235042672,169.331590693846,110.090366512163,209.521970988908,241.842475692923,299.189117447873,208.903805166452,292.518333785816,283.307476246797,189.782827904619,275.696344499854,506.350428180716
SFR1,89.2624593341865,101.800613971795,125.205640440187,127.663607643528,89.2624593341865,140.461656528877,146.832931670703,144.01645653423,307.740014062407,223.2067607201,246.833759244964,214.463105972933,228.734041328536,160.072070844226
SEMG1,320.353048499358,63.6997993858603,181.548178638271,70.0376736377687,320.353048499358,74.9128834820675,30.2303094616153,42.5964167213921,270.676435726424,178.56540857608,72.0992080268795,62.977261277766,6.07747452805289,39.2013234720554
PDE6A,289.60709028425,329.214851031596,472.025264459503,508.881324912395,289.60709028425,488.104256437846,653.550499789208,565.923822155638,488.565350792508,684.892323683255,644.651742357981,873.171217175513,876.813825092722,1354.07904826392
LINC00176,5.9508306222791,6.5485775069576,7.5123384264112,12.4117396320096,5.9508306222791,12.8756518484804,21.5930781868681,23.3266091569528,5.61569368727021,10.5729518235837,13.5716156285891,21.2761017830291,28.1773819027907,31.0343810820439
MLK7-AS1,0.991805103713184,8.92987841857854,30.0493537056448,16.8445037862988,0.991805103713184,57.3551764159579,257.677399696626,111.562043794122,6.73883242472425,39.9422624446495,27.991457233965,74.8918782762623,112.157029926794,359.345465160508
COMT,42.6476194596669,39.2914650417456,10.0164512352149,48.7604056971807,42.6476194596669,36.2859279366265,12.9558469121209,32.4544127401083,44.9255494981617,17.6215863726395,45.8042027464881,38.2969832094523,46.4098054869494,6.53355391200924
DERL3,7.93444082970547,55.9605714230922,5.00822561760746,23.9369264331614,7.93444082970547,14.0461656528877,5.75815418316483,19.2698075644393,14.6008035869025,1.17477242484263,21.2056494196704,12.7656610698174,72.9296943366347,8.16694239001155
GPX3,1587.87997104481,993.597805373839,1426.09224461373,1920.27343163806,1587.87997104481,367.541334583894,493.761721206384,551.725016581841,1160.20231579003,1401.50350283726,945.771964117302,383.820876165844,225.419055222325,524.317701438742
TRIP10,10.909856140845,27.9802857115461,13.7726204484205,7.97897547772048,10.909856140845,19.8987346749242,4.31861563737362,4.05680159251354,203.288111479182,397.07307959681,40.7148468857672,91.0617156313644,111.604532242426,53.9018197740762
BEST1,2524.14398895005,3508.25156804556,6426.80552379478,3643.73213482569,2524.14398895005,1189.24202527782,3148.27079964537,2400.61234236989,1600.47270087201,5246.5336493472,2663.42956711061,1634.85566100795,1146.43269506452,2891.09760606409
LINC00293,1.98361020742637,2.38130091162094,16.2767332572243,6.20586981600482,1.98361020742637,10.5346242396657,44.6256949195274,13.184605175669,8.98510989963233,7.0486345490558,6.78580781429454,9.36148478453279,8.83996294989512,32.6677695600462
C12orf76,21.81971228169,28.5756109394513,27.545240896841,77.1300962846313,21.81971228169,18.7282208705169,38.8675407363626,78.0934306558856,17.9702197992647,32.8936278955937,80.5814677947477,38.2969832094523,20.4424143216325,40.8347119500578
MIR3690,8.92624593341865,10.120528874389,18.780846066028,29.2562434183084,8.92624593341865,24.5807898925534,18.7140010952857,45.6390179157773,11.2313873745404,0.0,32.2325871178991,48.5095120653063,27.0723865340538,32.6677695600462
MRPL14,22.8115173854032,27.9802857115461,5.00822561760746,2.65965849257349,22.8115173854032,24.5807898925534,4.31861563737362,2.02840079625677,71.8808791970587,44.64135214402,13.5716156285891,51.0626442792698,58.0122568586867,21.23405021403
LOC101927815,9.91805103713184,13.6924802418204,18.780846066028,7.97897547772048,9.91805103713184,12.8756518484804,14.3953854579121,11.1562043794122,23.5859134865349,12.922496673269,16.9645195357364,21.2761017830291,27.6248842184222,37.5679349940531
EEFSEC,43.6394245633801,52.3886200556608,7.5123384264112,15.0713981245831,43.6394245633801,30.4333589145899,7.19769272895603,8.11360318502707,39.3098558108915,9.39817939874106,7.63403379108136,37.4459391381312,65.7472244398449,11.4337193460162
RBKS,59.508306222791,58.3418723347131,116.441245609374,22.1638207714458,59.508306222791,37.4564417410338,61.9001574690219,19.2698075644393,52.78752066034,89.2827042880401,13.5716156285891,9.36148478453279,14.3649397935796,16.3338847800231
EGOT,0.0,1.19065045581047,0.0,0.886552830857831,0.0,8.19359663085113,4.31861563737362,1.01420039812838,13.4776648494485,7.0486345490558,0.0,35.7438509954888,24.86239579658,32.6677695600462
GBP3,367.959693477591,703.674419383989,436.967685136251,399.835326716882,367.959693477591,849.793021999703,702.494810346109,536.512010609915,1408.41597676737,1771.55681666269,1295.24106655347,2015.27236088851,4443.18637769103,3062.60339625433
ZNF627,63.4755266376437,70.2483768928179,92.6521739257381,71.8107792994843,63.4755266376437,29.2628451101826,44.6256949195274,57.8094226933179,37.0635783359834,46.9908969937053,41.5630728625541,16.1698373551021,42.5423216963702,16.3338847800231
MAP3K14-AS1,58.5165011190778,52.983945283566,96.4083431389437,115.251868011518,58.5165011190778,108.857783809879,113.723545117505,190.669674848136,42.6792720232536,109.253835510365,144.198416053759,188.931783833298,212.711608481851,127.40430128418
ADAL,19.8361020742637,17.2644316092518,2.50411280880373,7.97897547772048,19.8361020742637,15.216679457295,11.5163083663297,5.07100199064192,19.0933585367187,4.69908969937053,6.78580781429454,21.2761017830291,24.3098981122116,13.0671078240185
CDK10,75.377187882202,164.90508812975,40.0658049408597,152.487086907547,75.377187882202,221.227109032981,154.030624399659,305.274319836644,85.3585440465072,48.1656694185479,184.913262939526,251.058001039743,503.325390459653,267.875710392379
NDUFA11,188.442969705505,301.234565320049,195.320799086691,242.915475655046,188.442969705505,176.747584465503,201.535396410769,249.493297939582,221.258331278446,203.235629497775,257.860696943193,269.780970608809,301.111237980802,200.906782794284
LOC284578,2.97541531113955,4.16727659533665,11.2685076396168,7.97897547772048,2.97541531113955,9.36411043525844,7.19769272895603,13.184605175669,7.86197116217829,11.7477242484263,9.33048574465499,17.8719254977444,5.52497684368445,24.5008271700347
PTGER3,25.7869326965428,5.35792705114712,5.00822561760746,34.5755604034554,25.7869326965428,77.2539110908821,10.0767698205384,36.5112143326218,25.832190961443,3.5243172745279,17.8127455125232,40.8501154234158,17.1274282154218,24.5008271700347
CXCL8,230388.391151743,131077.518029719,137969.103426659,382251.437869648,230388.391151743,926207.674692825,1236369.27313096,942232.737877194,1030598.84432025,546114.107591745,1248676.0051058,1639457.25630159,997815.237950886,2733552.38719533
ATOH8,109.09856140845,98.228662604364,5.00822561760746,15.957950955441,109.09856140845,80.765452504104,2.87907709158241,10.1420039812838,69.6346017221506,7.0486345490558,6.78580781429454,6.8083525705693,39.779833274528,0.0
PLEK,34402.7436324992,33943.6585194728,66823.502359332,51806.6012240082,34402.7436324992,187918.968214766,552876.3715893,227411.112671133,110263.022410813,170654.49106719,130446.976518091,359942.281612715,233807.627564092,930974.263864587
EID3,46.6148398745196,61.9138237021446,165.271445381046,42.5545358811759,46.6148398745196,45.6500383718849,64.7792345606043,32.4544127401083,41.5561332857995,103.379973386152,36.4737170018332,20.4250577117079,30.9398703246329,47.368265862067
ZNF226,100.172315475032,72.6296778044388,62.6028202200933,62.945250990906,100.172315475032,658.999271881313,433.301102283153,262.677903115251,125.791538594853,37.5927175949642,52.5900105607827,556.58282264404,738.136906316242,614.154067728869
INCA1,53.5574756005119,42.2680911812718,90.1480611169343,74.4704377920578,53.5574756005119,131.097546093618,161.228317128615,104.462641007224,122.422122382491,89.2827042880401,107.724699051926,137.018095482707,137.571923407743,223.774221486317
TNFAIP3,12619.7281396465,15882.0864300559,14637.7914238622,15756.7034628362,12619.7281396465,24385.3140872174,51816.1899557545,35694.7830121285,272448.748654127,309660.613009119,269440.677978286,489372.468155523,429519.987293295,926214.569839688
MIR6732,0.991805103713184,4.16727659533665,1.25205640440187,20.3907151097301,0.991805103713184,0.0,0.0,1.01420039812838,17.9702197992647,38.7674900198069,36.4737170018332,14.4677492124598,14.3649397935796,29.4009926040416
HCAR2,15513.8154322816,20485.7364174471,18178.6069355107,21827.8172485507,15513.8154322816,180142.074498284,188464.386414985,173271.067018244,34509.5608470129,22902.1884223071,48068.1178785322,413104.451615934,220399.613759838,276947.549999204
INHBE,34.7131786299614,40.482115497556,77.6274970729157,77.1300962846313,34.7131786299614,173.236043052281,129.558469121209,91.2780358315546,61.7726305599723,98.6808836867811,66.1616261893718,155.741065051773,198.346668688272,179.672732580254
TIFA,273.738208624839,362.553063794289,159.011163359037,227.844077530463,273.738208624839,2916.920400583,780.229891818834,607.506038478902,5814.48924379957,4638.00153327871,950.861319978022,4064.58648462987,2619.3915215908,1453.71574542206
CCL3L1,0.991805103713184,1.19065045581047,3.7561692132056,5.31931698514699,0.991805103713184,12.8756518484804,7.19769272895603,9.12780358315546,270.676435726424,304.266058034242,251.923115105685,178.719254977444,123.206983614163,231.941163876328
LOC101929897,0.0,1.19065045581047,1.25205640440187,2.65965849257349,0.0,29.2628451101826,1.43953854579121,20.2840079625677,12.3545261119945,4.69908969937053,24.5985533268177,63.8283053490872,49.1722939087916,24.5008271700347
TMEM191A,16.8606867631241,19.0504072929676,13.7726204484205,6.20586981600482,16.8606867631241,14.0461656528877,7.19769272895603,3.04260119438515,8.98510989963233,8.22340697389843,8.48225976786818,11.9146169984963,12.1549490561058,13.0671078240185
ETS1,2048.07753916772,2968.88691156341,1025.43419520513,559.414836271291,2048.07753916772,1813.12588302692,865.162666020515,505.071798267935,1964.36965180712,1148.92743149609,529.293009514974,1468.90206710033,3539.85266374863,872.229447253234
LOC101928150,170.590477838668,187.527446790149,175.287896616261,246.461686978477,170.590477838668,228.250191859424,238.96339860134,282.961911077819,258.32190961443,229.080622844313,269.735860618208,305.524821604297,391.720858217227,434.481335148615
LINC00641,814.271990148524,1240.65777495451,1055.48354891077,1128.58175368202,814.271990148524,1929.00674966324,3701.05360122919,1161.259455857,2520.32332684687,3550.16226787444,1918.68715949178,3648.42593375383,5515.58438305018,10514.1216329009
LINC01602,35.7049837336746,33.3382127626932,40.0658049408597,40.7814302194602,35.7049837336746,78.4244248952894,71.9769272895603,59.8378234895747,267.307019514062,108.079063085522,162.859387543069,349.779113312998,546.420209840392,266.242321914377
HNRNPH3,6433.83970778742,4054.16480203466,5132.17920164325,2383.05400934585,6433.83970778742,3869.71863737055,2769.67216210228,1867.14293295435,5430.37579559029,3756.92221464674,1932.25877512037,2202.50205657917,1744.23518955118,2396.18089722939
CAPN10-AS1,167.615062527528,179.192893599476,214.101645152719,149.827428414973,167.615062527528,202.498888162464,169.865548403362,183.570272061237,178.579059255193,253.750843766009,173.886325241298,391.480272807735,546.420209840392,498.183485790705
SBF2-AS1,81.328018504481,42.2680911812718,78.8795534773176,79.7897547772048,81.328018504481,319.550268603194,105.086313842758,143.002256136102,97.7130701585016,96.3313388370959,54.2864625143563,153.187932837809,151.384365516954,169.87240171224
LOC100133315,6.94263572599229,17.2644316092518,8.76439483081306,10.638633970294,6.94263572599229,46.8205521762922,41.746617827945,35.4970139344934,4.49255494981617,8.22340697389843,8.48225976786818,23.8292339969926,16.0224328466849,9.80033086801386
TPRG1-AS1,30.7459582151087,28.5756109394513,40.0658049408597,48.7604056971807,30.7459582151087,55.0141488071433,57.5815418316483,123.732448571663,67.3883242472425,69.3115730657153,203.574234428836,267.227838394845,203.871645531956,176.40595562425
SLC10A1,124.967443067861,179.192893599476,156.507050550233,80.6763076080626,124.967443067861,677.72749275183,269.193708062956,138.945454543589,216.76577632863,160.943822203441,67.8580781429454,325.098835244684,312.161191668171,164.972236278233
SLC38A2,18799.6657408834,17022.1342414944,16116.4700374608,8401.86117803967,18799.6657408834,13147.2110511028,10530.2244624627,5914.81672188474,9060.36019504175,6140.53546465244,3916.25933482474,8838.9437247416,5314.47522594007,4958.96741921502
SLC41A2,100.172315475032,143.473379925162,161.515276167841,143.621558598969,100.172315475032,213.033512402129,175.623702586527,230.223490375143,176.332781780285,187.963587974821,172.189873287724,283.397675749947,267.408879234327,267.875710392379
LINC00615,15.8688816594109,20.241057748778,6.26028202200933,17.7310566171566,15.8688816594109,106.516756201065,34.548925098989,57.8094226933179,12.3545261119945,5.87386212421316,13.5716156285891,79.9981427041893,24.86239579658,21.23405021403
GRIP1,7.93444082970547,15.4784559255361,20.0329024704299,20.3907151097301,7.93444082970547,24.5807898925534,48.944310556901,30.4260119438515,57.2800756101561,145.671780680486,28.8396832107518,31.488630638883,78.4546711803192,204.173559750289
PLCD1,160.672426801536,363.743714250099,171.531727403056,284.583458705364,160.672426801536,170.895015443467,143.953854579121,253.550099532096,244.844244764981,226.731077994628,307.057803596828,599.135026210099,772.391762747086,483.482989488684
DHDH,3.96722041485273,9.52520364648378,8.76439483081306,8.86552830857831,3.96722041485273,33.9449003278118,10.0767698205384,17.2414067681825,3.36941621236213,5.87386212421316,13.5716156285891,69.7856138483354,340.338573570962,27.7676041260393
OLR1,2052.04475958258,411.965057710423,195.320799086691,1171.13628956319,2052.04475958258,18296.3012766906,8386.75156777957,8719.08082270972,9373.71590279143,2315.47644936483,9411.06721244974,34258.7790910334,27090.618957638,41610.5714771089
LZTS1,63.4755266376437,101.20528874389,142.734430101813,79.7897547772048,63.4755266376437,49.1615797851068,100.767698205384,81.1360318502707,408.822500433271,341.858775629206,90.7601795161895,101.274244487218,154.699351623165,143.738186064203
RTN2,231.090589165172,425.657537952244,329.290834357691,577.145892888448,231.090589165172,168.553987834652,345.48925098989,539.5546118043,408.822500433271,1157.15083846999,706.572238663419,564.242219285931,307.188712508855,442.648277538626
CHP2,65.4591368450701,73.8203282602493,116.441245609374,142.735005768111,65.4591368450701,197.816832944835,260.556476788208,294.118115457231,1451.09524879062,778.874117670665,1584.48612463777,1614.43060329625,2821.05317638528,3113.2384390724
ATF3,103.147730786171,135.734151962394,70.1151586465045,253.55410962534,103.147730786171,798.290414605782,729.846042716142,500.000796277293,131.407232282123,99.8556561116238,245.985533268177,499.562869865523,546.420209840392,475.316047098672
SERPINB6,332.254709743917,205.982528855212,143.986486506215,226.957524699605,332.254709743917,276.241257840124,155.47016294545,234.280291967657,395.344835583823,217.332898595887,210.360042243131,271.483058751451,174.589268260429,163.338847800231
SLAMF1,29.7541531113955,73.225003032344,7.5123384264112,7.09242264686265,29.7541531113955,36.2859279366265,37.4280021905714,16.2272063700541,31.4478846487132,19.9711312223248,5.93758183750772,53.6157764932333,154.699351623165,274.409264304388
SLC25A25,221.17253812804,178.597568371571,70.1151586465045,153.373639738405,221.17253812804,614.519747313835,709.692503075065,550.710816183712,126.914677332307,28.1945381962232,161.162935589495,245.951736611816,206.634133953798,163.338847800231
SOWAHC,77.3607980896283,114.897768985711,146.490599315018,139.18879444468,77.3607980896283,132.268059898025,197.216780773395,226.16668878263,110.067596270496,166.817684327654,162.011161566282,207.654753402364,214.369101534957,259.708768002367
GRASP,114.057586927016,195.861999980823,40.0658049408597,117.911526504092,114.057586927016,100.664187179028,25.9116938242417,63.8946250820882,296.508626687867,123.351104608476,203.574234428836,147.230624338561,401.113318851491,44.1014889060624
ZNF200,1774.33933054289,1954.45272321289,1871.82432458079,1728.77802017277,1774.33933054289,5612.61369213303,5959.6895795756,3064.91360314398,918.727487237406,990.333154142339,898.27130941724,3697.78648989045,3550.35011975163,2789.82752042795
NANOG,195.385605431497,157.761185394888,219.109870770327,241.14236999333,195.385605431497,296.139992515048,306.621710253527,324.544127401083,312.232569012224,287.819244086445,374.915881739773,299.567513105049,542.552726049813,351.178522770497
MIR4308,0.0,0.0,0.0,0.886552830857831,0.0,0.0,0.0,1.01420039812838,1.12313873745404,22.32067607201,2.54467793036045,1.70208814264233,4.972479159316,49.0016543400693
NAA38,323.328463810498,419.704285673191,272.948296159607,488.490609802665,323.328463810498,1092.08937951202,549.903724492241,470.58898473157,521.136374178675,300.741740759714,581.03479409897,2594.83337345823,3905.60613080054,1429.21491825202
LOC101929380,30.7459582151087,45.8400425487032,76.3754406685138,45.2141943737494,30.7459582151087,70.2308282644383,76.295542926934,68.9656270727301,70.7577404596046,72.8358903402432,50.893558607209,74.8918782762623,93.3721086582672,142.104797586201
STX2,162.656037008962,260.752449822493,245.403055262766,205.680256759017,162.656037008962,184.941181096354,247.600629876088,252.535899133968,211.15008264136,294.867878635501,282.45925027001,273.185146894093,451.943105813388,601.08695990485
LINC00927,32.7295684225351,36.3148389022194,56.342538198084,42.5545358811759,32.7295684225351,71.4013420688456,105.086313842758,99.3916390165816,80.865989096691,115.127697634578,121.296314680515,188.080739761977,220.999073747378,235.207940832333
ZNF773,153.729791075543,103.586589655511,116.441245609374,93.9746000709301,153.729791075543,210.692484793315,145.393393124912,110.547843395994,156.116284506112,88.1079318631974,98.3942133072708,108.933641129109,116.024513717373,127.40430128418
THAP9-AS1,1448.03545142125,1080.515288648,1833.01057604433,2742.10790584327,1448.03545142125,4499.45506414168,4292.70394354938,1800.20570667788,4655.410066747,6277.98383835903,7036.03447744665,4025.4384573491,5543.20926726861,9752.9626021518
CRACR2A,219.188927920614,350.646559236184,209.093419535112,264.192743595634,219.188927920614,273.900230231309,274.95186224612,226.16668878263,204.411250216636,303.091285609399,234.110369593162,252.760089182385,300.558740296434,243.374883222344
EPHA3,8.92624593341865,8.33455319067331,22.5370152792336,19.5041622788723,8.92624593341865,14.0461656528877,35.9884636447802,26.369210351338,20.2164972741728,19.9711312223248,18.66097148931,30.6375865675619,40.3323309588965,58.8019852080832
CCDC85B,24.7951275928296,61.9138237021446,17.5287896616261,121.457737827523,24.7951275928296,101.834700983436,51.8233876484834,291.075514262846,59.5263530850642,28.1945381962232,340.986842668301,497.009737651559,582.332559324341,227.040998442321
SLC14A1,87.2788491267602,89.8941094136907,90.1480611169343,158.692956723552,87.2788491267602,344.131058495748,142.514316033329,230.223490375143,162.855116930836,95.1565664122532,171.341647310937,220.420414472181,269.066372287433,223.774221486317
PRKCI,202.328241157489,186.336796334339,244.150998858364,150.713981245831,202.328241157489,242.296357512312,200.095857864978,129.817650960433,216.76577632863,220.857215870415,165.404065473429,171.910902406875,200.004161741377,173.139178668245
ALOX12,364.984278166452,445.303270473117,370.608695702952,298.768303999089,364.984278166452,934.070015917029,934.260516218493,447.262375574617,560.446229989567,438.190114466302,335.049260830793,855.299291677769,795.59666549056,960.432425065359
OMG,376.88593941101,335.168103310648,465.764982437494,398.948773886024,376.88593941101,147.48473935532,221.688936051846,283.976111475948,252.706215927159,278.421064687704,291.789736014665,151.485844695167,165.196807626165,200.906782794284
EGR2,108.106756304737,159.547161078603,196.572855491093,838.678977991508,108.106756304737,2850.20111373179,2758.15585373595,8857.01207685518,157.239423243566,172.691546451867,1197.69507922299,4840.73867767477,1776.28005524455,2784.92735499394
C5orf28,107.114951201024,110.730492390374,136.474148079803,172.877802017277,107.114951201024,256.3425231652,241.842475692923,300.203317846002,224.627747490808,209.109491621989,223.93165787172,293.610204605801,293.928768084013,352.811911248499
NEK5,662.525809280407,664.382954342243,1099.30552306484,866.162115748101,662.525809280407,930.558474503807,1360.36392577269,911.766157917417,826.630110766175,982.109747168441,799.877096109969,1696.9818782144,1480.69379410743,1603.98748539827
HCAR1,202.328241157489,210.745130678454,324.282608740083,254.440662456198,202.328241157489,687.091603187088,621.880651781801,461.461181148415,267.307019514062,339.509230779521,241.744403384243,912.319244456287,745.319376213032,632.121340986894
GGT5,38.6803990448142,34.5288632185037,18.780846066028,82.4494132697783,38.6803990448142,53.843635002736,34.548925098989,77.0792302577572,49.4181044479778,32.8936278955937,100.938891237631,136.167051411386,124.3119789829,88.2029778121248
ZBTB20-AS4,60.5001113265042,85.1315075904488,85.1398354993269,114.36531518066,60.5001113265042,95.982131961399,128.118930575417,175.45666887621,66.2651855097885,109.253835510365,130.62680042517,194.889092332546,163.53931457306,147.004963020208
LOC221946,121.000222653008,145.854680836783,201.5810811087,241.14236999333,121.000222653008,218.886081424166,267.754169517164,402.637558056968,220.135192540992,311.314692583298,293.486187968239,375.310435452633,423.213226226229,511.250593614723
MBD4,2562.82438799487,2028.27305147314,3778.70622848483,2870.65806631766,2562.82438799487,1492.40510061931,1772.07194986898,1869.17133375061,1253.42283099871,1470.81507590298,1918.68715949178,1248.48165262815,919.356146789092,1476.58318411409
HMGCS1,809.312964629958,592.34860176571,707.411868487054,781.053043985749,809.312964629958,1178.70740103816,1029.27006024071,710.954479087997,1891.36563387261,2079.34719197146,1419.08205916435,1570.17631158755,2001.14661278251,3160.60670493447
NFKB1,2557.8653624763,2174.72305753783,4467.33725090586,3224.39264582993,2557.8653624763,2474.46618251704,4597.88611525711,2838.74691436135,5971.72866704314,12010.8732715911,3127.409176413,4549.68160528294,4832.14474748642,12098.5084565631
POFUT2,1905.25760423303,2807.55377480109,2946.08871955759,4563.08742042526,1905.25760423303,1584.87569116749,2912.18647813561,2932.05335098916,1524.09926672513,2578.62547252958,3095.1765892951,1252.73687298475,917.146156051618,1510.88434215214
C8orf49,42.6476194596669,48.2213434603241,80.1316098817194,78.903201946347,42.6476194596669,56.1846626115506,57.5815418316483,75.0508294615004,131.407232282123,119.826787333949,100.090665260844,224.675634828787,138.67691877648,168.239013234238
HAUS8,244.975860617156,113.111793301995,182.800235042672,139.18879444468,244.975860617156,88.9590491349552,96.4490825680108,68.9656270727301,159.485700718474,135.098828856903,69.554530096519,79.9981427041893,55.2497684368445,89.8363662901271
MIER2,43.6394245633801,60.7231732463341,36.3096357276541,50.5335113588964,43.6394245633801,49.1615797851068,20.1535396410769,42.5964167213921,28.078468436351,17.6215863726395,42.4112988393409,34.8928069241677,53.0397776993707,26.134215648037
LINC00628,2.97541531113955,1.78597568371571,18.780846066028,7.09242264686265,2.97541531113955,17.5577070661096,15.8349240037033,10.1420039812838,1.12313873745404,10.5729518235837,11.0269376982286,21.2761017830291,53.5922753837391,47.368265862067
CDKN1B,2287.1025691626,2088.40089949157,4010.33666329918,2847.60769271535,2287.1025691626,769.027569495599,397.312638638373,1294.11970801182,1428.63247404154,1052.596092659,1373.27785641786,851.895115392484,945.876035638777,352.811911248499
MPV17L,106.123146097311,122.041671720573,166.523501785448,101.067022717793,106.123146097311,135.779601311247,185.700472407066,194.72647644065,176.332781780285,182.089725850608,235.806821546735,573.603704070464,621.5598949145,571.685967300809
DRAM1,728.97675122919,674.503483216633,781.283196346764,709.242264686265,728.97675122919,630.906940575537,748.560043811427,634.889449228368,3097.61663789825,4018.89646538665,741.349503711678,878.27748160344,844.216461714984,1785.29360645653
PTGES,74.3853827784888,66.0811002974812,174.035840211859,107.272892533798,74.3853827784888,74.9128834820675,142.514316033329,130.831851358562,186.441030417371,522.773729054971,128.930348471596,224.675634828787,135.361932670269,334.844637990474
BCL3,9243.62356660687,16925.0962293459,11433.7790849978,21553.8724238156,9243.62356660687,16788.679496614,17414.0977884362,25530.4666220858,25058.3483713371,46669.0093492984,34828.1586068667,50978.390916209,31961.9910407145,53898.5529971202
LDHAL6A,173.565893149807,132.162200594962,256.671562902383,136.529135952106,173.565893149807,155.678335986172,430.422025191571,68.9656270727301,172.963365567922,288.994016511288,77.1885638876004,49.3605561366274,58.5647545430551,107.803639548152
C20orf195,1.98361020742637,2.38130091162094,6.26028202200933,7.09242264686265,1.98361020742637,3.51154141322191,8.63723127474724,16.2272063700541,4.49255494981617,1.17477242484263,7.63403379108136,26.382366210956,18.7849212685271,21.23405021403
KIAA1875,166.623257423815,236.939440706284,340.559341997308,312.953149292814,166.623257423815,301.992561537085,457.773257561604,502.02919707355,262.814464564246,479.307149335794,351.165554389742,498.711825794201,607.747452805289,708.890599453003
ATP8B1,108.106756304737,105.967890567132,127.70975324899,176.424013340708,108.106756304737,125.244977071582,165.546932765989,275.86250829092,219.012053803538,312.48946500814,375.76410771656,359.991642168852,344.206057361541,579.85290969082
RQCD1,336.221930158769,427.44351363596,264.183901328794,342.209392711123,336.221930158769,371.052875997116,218.809858960263,291.075514262846,406.576222958363,285.46969923676,313.843611411122,359.140598097531,498.352911300337,269.509098870381
ZSWIM3,251.918496343149,227.4142370598,151.498824932626,67.3780151451952,251.918496343149,181.429639683132,57.5815418316483,58.8236230914463,116.80642869522,78.7097524644564,50.893558607209,151.485844695167,131.49444887969,37.5679349940531
MIR5684,5.9508306222791,7.73922796276807,10.0164512352149,15.0713981245831,5.9508306222791,74.9128834820675,43.1861563737362,49.6958195082908,30.3247459112591,17.6215863726395,46.652428723275,125.103478484211,83.9796480240036,161.705459322229
ZNF433,25.7869326965428,38.6961398138403,37.561692132056,46.987300035465,25.7869326965428,19.8987346749242,25.9116938242417,21.2982083606961,35.9404395985293,23.4954484968526,33.9290390714727,17.8719254977444,14.3649397935796,14.7004963020208
PYCRL,65.4591368450701,88.1081337299749,171.531727403056,114.36531518066,65.4591368450701,105.346242396657,146.832931670703,131.84605175669,151.623729556296,211.459036471674,136.564382262678,123.401390341569,175.694263629165,326.677695600462
BCL2A1,24389.4793054109,13509.7153968535,20249.5082283914,31724.4064994166,24389.4793054109,36624.2064261002,57745.6492258685,44009.197875985,101803.541440309,82701.6291640716,86747.222420011,56268.4808635413,59804.5593467779,133929.688253799
WFDC8,69.4263572599229,80.3689057672069,131.465922462196,109.045998195513,69.4263572599229,200.157860553649,171.305086949154,152.130059719258,133.653509757031,153.895187654385,116.206958819794,169.357770192911,180.666742788481,360.978853638511
C16orf89,101.164120578745,111.921142846184,157.759106954635,101.953575548651,101.164120578745,99.4936733746209,158.349240037033,64.9088254802166,77.4965728843289,109.253835510365,89.9119535394026,41.701159494737,31.4923680090014,80.0360354221132
C5orf60,7.93444082970547,11.9065045581047,11.2685076396168,25.7100320948771,7.93444082970547,26.921817501368,31.6698480074065,32.4544127401083,26.955329698897,19.9711312223248,24.5985533268177,19.5740136403867,18.2324235841587,47.368265862067
SOCS3,2465.62748783097,2529.53689336935,2507.86897801694,13816.0393160884,2465.62748783097,218548.973448497,319650.973631483,632863.076832908,1922.81351852132,2020.60857072933,14494.4854913331,441747.190880319,360708.058198258,517936.052655187
TGFBR1,5265.49329561329,3339.77452854837,4329.61104642165,2932.71676447771,5265.49329561329,4719.51165937025,4073.89408458911,2314.40530852897,3464.88300504572,3352.80050050087,2272.39739181188,2183.7790870101,1292.29208373779,2267.14320746721
SLC52A1,19.8361020742637,31.5522370789775,27.545240896841,35.4621132343132,19.8361020742637,83.1064801129186,46.0652334653186,64.9088254802166,38.1867170734374,49.3404418433906,33.9290390714727,51.0626442792698,58.0122568586867,53.9018197740762
KCNQ1-AS1,0.0,0.0,1.25205640440187,4.43276415428916,0.0,0.0,5.75815418316483,5.07100199064192,4.49255494981617,2.34954484968527,8.48225976786818,1.70208814264233,7.73496758115823,16.3338847800231
PPFIA4,45.6230347708064,54.1745957393765,47.5781433672709,29.2562434183084,45.6230347708064,31.6038727189972,27.3512323700329,30.4260119438515,30.3247459112591,24.6702209216953,16.9645195357364,11.0635729271751,22.0999073747378,14.7004963020208
EXOC3L4,1.98361020742637,0.595325227905236,0.0,0.0,1.98361020742637,1.1705138044073,1.43953854579121,1.01420039812838,20.2164972741728,5.87386212421316,5.0893558607209,10.212528855854,22.0999073747378,9.80033086801386
TNFRSF10D,218.1971228169,219.675009097032,219.109870770327,229.617183192178,218.1971228169,3244.66426581705,2411.22706420027,1051.72581285913,235.859134865349,203.235629497775,168.796969380577,2431.43291176456,1505.55618990401,1344.2787173959
APPL1,646.656927620996,470.902255273042,409.42244423941,445.049521090631,646.656927620996,623.883857749094,476.487258656889,482.759389509111,622.218860549539,518.074639355601,469.06896516311,396.586537235662,537.580246890497,539.018197740763
GTF2IRD1P1,3.96722041485273,4.76260182324189,8.76439483081306,12.4117396320096,3.96722041485273,26.921817501368,61.9001574690219,33.4686131382367,10.1082486370864,14.0972690981116,20.3574234428836,22.1271458543502,39.779833274528,119.237358894169
SNORA4,27.7705429039691,35.1241884464089,16.2767332572243,25.7100320948771,27.7705429039691,53.843635002736,37.4280021905714,59.8378234895747,50.5412431854319,48.1656694185479,74.64388595724,88.5085834174009,69.0622105460556,70.2357045540994
CASP1P2,9.91805103713184,35.1241884464089,75.123384264112,17.7310566171566,9.91805103713184,23.4102760881461,164.107394220198,30.4260119438515,74.1271566719668,331.285823805622,43.2595248161277,17.0208814264233,18.7849212685271,109.437028026155
LOC388780,124.967443067861,37.5054893580299,52.5863689848784,23.9369264331614,124.967443067861,221.227109032981,30.2303094616153,11.1562043794122,129.160954807215,25.8449933465379,16.9645195357364,3.40417628528465,23.7574004278431,13.0671078240185
PISD,6586.57769375925,6662.8799507154,13424.5487679968,5451.4133569448,6586.57769375925,4045.29570803165,7452.49105156108,4639.96682143736,3718.71235971033,6413.08266721593,4893.41566008315,3343.75215622085,2385.68500110294,4237.00971193799
ZAR1L,23.8033224891164,6.5485775069576,12.5205640440187,7.97897547772048,23.8033224891164,37.4564417410338,10.0767698205384,13.184605175669,24.7090522239889,5.87386212421316,6.78580781429454,36.59489506681,49.72479159316,16.3338847800231
HDAC11,20.8279071779769,27.3849604836409,11.2685076396168,21.2772679405879,20.8279071779769,8.19359663085113,12.9558469121209,23.3266091569528,28.078468436351,9.39817939874106,24.5985533268177,22.9781899256714,17.6799258997902,13.0671078240185
PNP,177.53311356466,108.944516706658,78.8795534773176,241.14236999333,177.53311356466,565.358167528728,607.485266323889,347.870736558036,151.623729556296,82.2340697389843,220.538753964573,375.310435452633,234.259018172221,300.543479952425
SMIM17,226.131563646606,223.842285692369,346.819624019317,319.159019108819,226.131563646606,284.434854470975,545.585108854867,374.239946909374,287.523516788235,365.354224126059,365.585395995118,487.648252867026,611.0624389115,710.523987931005
COL6A4P2,57.5246960153646,72.0343525765336,101.416568756551,93.9746000709301,57.5246960153646,100.664187179028,118.042160754879,105.476841405352,154.993145768658,130.399739157532,183.216810985953,188.080739761977,207.186631638167,236.841329310335
USP3-AS1,134.885494104993,116.683744669426,191.564629873485,192.381964296149,134.885494104993,49.1615797851068,44.6256949195274,117.647246182893,69.6346017221506,121.001559758791,129.778574448383,58.7220409211602,64.0897313867396,65.3355391200924
ZNF501,113.065781823303,119.660370808952,180.296122233869,218.978549221884,113.065781823303,155.678335986172,207.293550593934,225.152488384501,258.32190961443,386.500127773226,357.951362204037,379.565655809239,474.043013188126,594.553405992841
TMEM169,64.4673317413569,63.104474157955,113.93713280057,77.1300962846313,64.4673317413569,66.7192868512164,100.767698205384,101.420039812838,79.742850359237,110.428607935207,111.117602959073,119.997214056284,193.374189528956,174.772567146247
RBFOX3,0.991805103713184,1.78597568371571,0.0,0.886552830857831,0.991805103713184,8.19359663085113,0.0,3.04260119438515,4.49255494981617,0.0,1.69645195357363,11.0635729271751,6.62997221242134,3.26677695600462
PDE6B,64.4673317413569,89.2987841857854,96.4083431389437,84.222518931494,64.4673317413569,80.765452504104,95.0095440222196,109.533642997865,107.821318795588,144.497008255644,109.421151005499,139.571227696671,151.936863201322,218.87405605231
EIF2B5-AS1,241.008640202304,298.853264408429,339.307285592906,420.226041826612,241.008640202304,407.338803933742,452.015103378439,540.568812202429,362.773812197656,381.801038073856,396.969757136231,567.646395571216,580.675066271235,846.095231605197
IL23A,15.8688816594109,29.1709361673566,13.7726204484205,19.5041622788723,15.8688816594109,77.2539110908821,56.1420032858571,32.4544127401083,408.822500433271,246.702209216953,212.056494196704,527.647324219121,1431.52150019864,1171.13953872766
HCG4,0.991805103713184,1.78597568371571,0.0,1.77310566171566,0.991805103713184,1.1705138044073,0.0,0.0,7.86197116217829,1.17477242484263,11.0269376982286,4.25522035660581,11.6024513717373,9.80033086801386
LINC00629,9.91805103713184,4.76260182324189,32.5534665144485,12.4117396320096,9.91805103713184,17.5577070661096,15.8349240037033,8.11360318502707,17.9702197992647,10.5729518235837,6.78580781429454,5.10626442792698,8.83996294989512,9.80033086801386
CXADR,227.123368750319,234.558139794663,276.704465372812,304.087620984236,227.123368750319,326.573351429638,336.852019715142,419.878964825151,327.95651133658,368.878541400587,393.576853229083,386.374008379808,481.777980769284,702.357045540994
JUNB,23525.6170600767,29558.4928907229,22721.0675706807,87631.3145661423,23525.6170600767,146972.05430899,55636.7252562843,319597.872059411,71651.758894618,59788.8677899409,268103.87383887,404084.235504001,237604.944148756,164193.109974226
CSNK1A1L,117.033002238156,88.7034589578802,157.759106954635,131.209818966959,117.033002238156,318.379754798787,440.498795012109,303.245919040387,85.3585440465072,163.293367053126,137.412608239464,255.313221396349,164.644309941797,395.280011676559
EPM2AIP1,665.501224591546,443.517294789401,661.085781524185,560.301389102149,665.501224591546,448.306787087998,352.686943718846,381.339349696272,6071.68801467655,11532.7408946801,5220.83088712286,1703.79023078497,1949.76432813624,3485.65101205693
PHLDA1,177.53311356466,207.173179311022,286.720916608027,396.28911539345,177.53311356466,207.180943380093,254.798322605044,418.864764427023,262.814464564246,363.004679276373,605.633347425788,379.565655809239,505.535381197127,445.915054494631
LINC00106,21.81971228169,28.5756109394513,43.8219741540653,53.1931698514699,21.81971228169,51.5026073939214,92.1304669306372,65.923025878345,28.078468436351,69.3115730657153,56.8311404447168,68.9345697770142,77.3496758115823,96.3699202021363
HIF1A,22413.8035388142,16430.9762901845,26753.9412492591,24051.2917483421,22413.8035388142,25185.945529432,45627.6137473981,25650.142269065,21619.2975572528,37232.0624605375,23763.0507396827,18523.8252563764,14248.9152798622,41517.4683338627
ADRB2,248.943081032009,274.444930064314,271.696239755205,401.608432378598,248.943081032009,623.883857749094,780.229891818834,811.360318502707,347.049869873299,269.022885288963,852.467106670752,1398.26540918067,780.679228012612,1038.83507200947
BATF,91.2460695416129,111.325817618279,76.3754406685138,148.054322753258,91.2460695416129,223.568136641795,266.314630971373,190.669674848136,89.8510989963233,119.826787333949,153.528901798414,408.501154234158,438.130663704177,117.603970416166
LOC153684,30.7459582151087,51.1979695998503,31.3014101100466,43.4410887120337,30.7459582151087,83.1064801129186,86.3723127474724,94.3206370259397,34.8173008610753,34.0684003204363,36.4737170018332,82.5512749181528,65.7472244398449,57.1685967300809
TNFRSF12A,104.139535889884,150.02195743212,358.088131658934,154.260192569263,104.139535889884,213.033512402129,420.345255371032,153.144260117386,23.5859134865349,46.9908969937053,75.4921119340268,125.103478484211,46.4098054869494,57.1685967300809
CECR2,107.114951201024,120.851021264763,147.74265571942,152.487086907547,107.114951201024,179.088612074318,192.898165136022,170.385666885568,171.840226830468,252.576071341166,195.940200637755,211.90997375897,264.093893128117,349.545134292494
HSPBAP1,1529.36346992573,1115.63947709441,2837.15981237463,1482.31633319429,1529.36346992573,758.492945255934,1040.78636860704,1097.36483077491,1001.83975380901,1649.38048447906,1209.570242898,715.728063981098,391.168360532859,986.566640713396
ECHDC3,230.098784061459,80.3689057672069,214.101645152719,158.692956723552,230.098784061459,33.9449003278118,97.888621113802,109.533642997865,143.761758394117,115.127697634578,106.028247098352,81.7002308468316,35.3598517995805,55.5352082520786
TMX2,474.082839574902,497.691890528777,489.55405412113,412.247066348891,474.082839574902,306.674616754714,208.733089139725,138.945454543589,334.695343761304,242.003119517582,218.842302010999,190.63387197594,226.524050591062,151.905128454215
SNORD50B,3.96722041485273,3.57195136743142,3.7561692132056,4.43276415428916,3.96722041485273,19.8987346749242,5.75815418316483,11.1562043794122,12.3545261119945,2.34954484968527,2.54467793036045,16.1698373551021,19.889916637264,9.80033086801386
FEZ1,75.377187882202,61.3184984742393,111.433019991766,85.9956245932096,75.377187882202,111.198811418694,172.744625494945,115.618845386636,117.929567432674,144.497008255644,105.180021121565,124.25243441289,196.136677950798,241.741494744342
CAPN12,23.8033224891164,13.0971550139152,12.5205640440187,8.86552830857831,23.8033224891164,19.8987346749242,12.9558469121209,24.3408095550812,20.2164972741728,4.69908969937053,14.4198416053759,40.8501154234158,72.3771966522663,17.9672732580254
SLC15A4,6233.49507683736,7323.09562846231,11646.6286737462,6071.11378571443,6233.49507683736,2709.73945720291,4507.19518687227,4809.3382879248,4749.75372069314,12645.2503810061,5446.45899694815,4822.01570810571,2051.9763997444,4222.30921563597
TMEM140,2631.25894015108,4148.82151327159,6479.39189277966,3200.45571939677,2631.25894015108,1823.66050726658,2468.80860603192,2845.84631714825,1509.49846313823,2302.55395269156,2918.74558612344,2525.89880368121,1598.92829856228,1695.4572401664
DNAJA1,11859.0136250985,7661.83568314039,7355.83137586096,6970.96490903513,11859.0136250985,30439.211483612,11641.5482198135,8207.92382205301,25097.658227148,21226.9629444815,11763.1978460796,18025.1134305822,17751.1981010738,19228.2491630432
SNORA64,5.9508306222791,3.57195136743142,2.50411280880373,4.43276415428916,5.9508306222791,45.6500383718849,11.5163083663297,31.4402123419799,5.61569368727021,3.5243172745279,5.0893558607209,89.3596274887221,59.669749911792,8.16694239001155
SMIM15,136.869104312419,75.606303943965,102.668625160953,99.2939170560771,136.869104312419,74.9128834820675,67.6583116521867,48.6816191101624,64.0189080348804,42.2918072943348,41.5630728625541,26.382366210956,51.3822846462654,44.1014889060624
NBPF8,1769.38030502432,1150.16834031292,2166.05757961523,1850.23575800029,1769.38030502432,1789.71560693877,2523.51107077199,1654.16084934739,1666.7378863818,2240.2910141749,1740.55970436655,1844.21250255296,929.301105107724,2343.91246593332
NSFP1,33.7213735262482,50.0073191440398,35.0575793232522,53.1931698514699,33.7213735262482,24.5807898925534,51.8233876484834,45.6390179157773,25.832190961443,42.2918072943348,45.8042027464881,37.4459391381312,41.4373263276334,65.3355391200924
ABHD12B,255.885716758001,165.500413357656,349.323736828121,136.529135952106,255.885716758001,198.987346749242,342.610173898307,135.902853349203,153.870007031204,183.264498275451,102.635343191205,62.977261277766,51.9347823306338,151.905128454215
C17orf58,14.8770765556978,8.33455319067331,12.5205640440187,14.1848452937253,14.8770765556978,28.0923313057753,7.19769272895603,16.2272063700541,22.4627747490808,11.7477242484263,16.1162935589495,16.1698373551021,18.2324235841587,8.16694239001155
GPR35,62.4837215339306,96.4426869206483,32.5534665144485,50.5335113588964,62.4837215339306,32.7743865234045,23.0326167326593,45.6390179157773,476.210824680514,69.3115730657153,167.94874340379,140.422271767992,159.119333098112,32.6677695600462
MIR4257,33.7213735262482,113.7071185299,224.118096387934,283.696905874506,33.7213735262482,128.756518484804,312.379864436692,219.067285995731,59.5263530850642,266.673340439278,222.235205918146,164.251505764984,183.429231210324,467.149104708661
USP20,829.149066704221,745.942510565261,617.26380737012,742.931272258862,829.149066704221,607.496664487391,597.408496503351,748.479893818747,798.551642329824,594.434846970372,802.421774040329,789.768898186039,704.434547569767,563.519024910797
CTSH,116.041197134442,214.91240727379,200.329024704299,229.617183192178,116.041197134442,114.710352831916,213.051704777099,212.982083606961,358.281257247839,579.162805447418,303.664899689681,273.185146894093,241.44148806901,298.910091474423
ZNF878,17.8524918668373,13.0971550139152,16.2767332572243,7.09242264686265,17.8524918668373,8.19359663085113,8.63723127474724,8.11360318502707,8.98510989963233,14.0972690981116,7.63403379108136,4.25522035660581,5.52497684368445,1.63338847800231
RPAP3,1189.17431935211,662.596978658528,781.283196346764,845.771400638371,1189.17431935211,1140.08044549271,719.769272895603,782.962707355112,1175.92625811438,783.573207370036,832.957909204655,783.811589686791,521.005316359443,865.695893341225
CXCL3,28.7623480076823,33.9335379905985,12.5205640440187,73.5838849612,28.7623480076823,80.765452504104,145.393393124912,225.152488384501,895.141573750871,205.585174347461,997.513748701297,682.537345199573,528.187786256233,589.653240558834
PLEKHF2,1041.39535889884,839.408571346383,1608.8924796564,944.17876486359,1041.39535889884,1016.00598222554,1563.33886072925,836.715328455917,3190.83715310693,8767.32660660057,1324.08074976422,1350.60694118669,992.838338810095,3026.66884973828
MIR29B1,2.97541531113955,1.19065045581047,2.50411280880373,0.886552830857831,2.97541531113955,26.921817501368,177.063241132318,14.1988055737974,1.12313873745404,5.87386212421316,0.0,6.8083525705693,12.7074467404742,119.237358894169
BTBD19,363.992473062738,1000.1463828808,1105.56580508685,1679.13106164473,363.992473062738,1433.87941039895,1828.21395315483,1889.45534171318,1346.6433462074,4036.51805175929,2831.3783105144,3740.33869345651,3460.84549488394,5746.26066561213
LOC101926955,136.869104312419,143.473379925162,196.572855491093,179.97022466414,136.869104312419,206.010429575686,227.447090235011,206.89688121819,201.041834004273,222.031988295258,172.189873287724,814.449176254353,633.714843970606,449.181831450635
FLJ45079,112.07397671959,41.0774407254613,142.734430101813,124.117396320096,112.07397671959,17.5577070661096,28.7907709158241,46.6532183139057,128.037816069761,165.642911902811,168.796969380577,57.8709968498391,27.6248842184222,58.8019852080832
SYP,6.94263572599229,13.0971550139152,33.8055229188504,30.1427962491663,6.94263572599229,4.68205521762922,17.2744625494945,33.4686131382367,6.73883242472425,35.243172745279,44.1077507929145,68.083525705693,17.6799258997902,32.6677695600462
KRT8P41,7.93444082970547,10.120528874389,16.2767332572243,15.0713981245831,7.93444082970547,37.4564417410338,74.8560043811427,30.4260119438515,2.24627747490808,17.6215863726395,7.63403379108136,54.4668205645544,22.0999073747378,42.4681004280601
NBEAL1,93.2296797490392,76.2016291718702,91.4001175213362,44.3276415428916,93.2296797490392,201.328374358056,332.533404077769,69.9798274708585,73.0040179345127,122.176332183634,40.7148468857672,219.56937040086,161.881821519954,413.247284934585
RAB30,85.2952389193338,225.032936148179,51.3343125804765,28.3696905874506,85.2952389193338,76.0833972864748,44.6256949195274,21.2982083606961,64.0189080348804,69.3115730657153,26.2950052803913,69.7856138483354,282.878814396644,47.368265862067
DOK4,366.967888373878,182.169519739002,310.509988291663,437.957098443769,366.967888373878,204.839915771278,211.612166231307,356.998540141191,195.426140317003,234.954484968527,394.42507920587,114.890949628357,67.9572151773187,225.407609964319
TMEM144,33.7213735262482,17.2644316092518,16.2767332572243,7.09242264686265,33.7213735262482,181.429639683132,259.116938242417,30.4260119438515,29.2016071738051,8.22340697389843,13.5716156285891,29.7865424962407,95.0296017113725,163.338847800231
CCDC174,1161.40377644814,781.06669901167,1179.43713294656,860.842798762954,1161.40377644814,817.018635476299,747.120505265636,633.87524883024,1038.90333214499,1003.25565081561,766.796283015283,512.32853093534,488.960450666074,509.617205136721
IAH1,48.598450081946,101.20528874389,80.1316098817194,49.6469585280385,48.598450081946,126.415490875989,133.877084758582,45.6390179157773,121.298983645037,202.060857072933,52.5900105607827,125.954522555532,164.091812257428,245.008271700347
EGFEM1P,99.1805103713184,133.948176278678,167.77555818985,187.062647311002,99.1805103713184,191.964263922798,233.205244418175,221.095686791988,180.825336730101,207.934719197146,232.413917639588,254.462177325028,277.353837552959,357.712076682506
VN1R2,96.2050950601788,120.851021264763,230.378378409943,196.814728450439,96.2050950601788,234.102760881461,269.193708062956,284.990311874076,176.332781780285,408.820803845236,343.531520598661,287.652896106553,265.751386181222,356.078688204504
ADPRH,57.5246960153646,28.5756109394513,1.25205640440187,21.2772679405879,57.5246960153646,39.7974693498484,5.75815418316483,20.2840079625677,73.0040179345127,9.39817939874106,22.9021013732441,39.9990713520947,28.7298795871591,8.16694239001155
C7orf31,73.3935776747756,66.6764255253864,40.0658049408597,23.9369264331614,73.3935776747756,78.4244248952894,38.8675407363626,9.12780358315546,88.7279602588693,35.243172745279,20.3574234428836,68.083525705693,77.9021734959507,32.6677695600462
RASGEF1B,88.2706542304733,180.978869283192,32.5534665144485,143.621558598969,88.2706542304733,62.0372316335872,34.548925098989,158.215262108028,299.878042900229,231.430167693999,245.985533268177,235.739207755962,563.547638055814,94.736531724134
GPR84,146.787155349551,80.9642309951121,118.945358418177,167.55848503213,146.787155349551,81.9359663085113,164.107394220198,169.37146648744,6706.26140133808,27669.4149223185,6730.6731258034,3846.71920237166,4335.44932923919,12256.9471389293
ZNF222,217.205317713187,167.286389041371,244.150998858364,273.94482473507,217.205317713187,812.33658025867,1272.55207447943,632.861048432112,97.7130701585016,91.6322491377253,183.216810985953,313.184218246188,245.30897185959,769.325973139088
C17orf96,2.97541531113955,4.16727659533665,2.50411280880373,2.65965849257349,2.97541531113955,9.36411043525844,12.9558469121209,17.2414067681825,1.12313873745404,12.922496673269,13.5716156285891,104.678420772503,103.869564661268,112.703804982159
C11orf95,37.688593941101,36.9101641301246,42.5699177496634,16.8445037862988,37.688593941101,12.8756518484804,17.2744625494945,2.02840079625677,17.9702197992647,21.1459036471674,8.48225976786818,14.4677492124598,20.4424143216325,9.80033086801386
CNR2,208.279071779769,38.1008145859351,10.0164512352149,51.4200641897542,208.279071779769,160.360391203801,14.3953854579121,36.5112143326218,134.776648494485,4.69908969937053,39.8666209089804,208.505797473685,44.1998147494756,19.6006617360277
C2CD4A,37.688593941101,37.5054893580299,42.5699177496634,82.4494132697783,37.688593941101,67.8898006556237,66.2187731063955,112.576244192251,80.865989096691,68.1368006408727,103.483569167992,83.402318989474,72.3771966522663,129.037689762183
LOC101926889,1920.13468078872,1690.12832202297,2584.24441868545,1706.61419940132,1920.13468078872,2753.04846796598,2576.77399696626,1750.50988716959,2035.12739226672,2179.20284808308,1579.39676877705,1596.5586777985,2005.01409657309,2605.25462241369
PLK2,600.042087746476,331.596151943217,309.257931887261,507.108219250679,600.042087746476,1147.10352831916,591.650342320186,689.656270727301,2365.33018107821,2643.23795589592,3300.44727567751,1811.02178377143,1402.79162061148,1525.58483845416
IL12B,18.8442969705505,19.6457325208728,26.2931844924392,1.77310566171566,18.8442969705505,3.51154141322191,15.8349240037033,2.02840079625677,46.0486882356157,68.1368006408727,3.39290390714727,4.25522035660581,3.31498610621067,4.90016543400693
TMEM170B,7261.00516428422,7276.6602606857,18362.6592269578,16098.0263027165,7261.00516428422,2442.86230979805,8651.62666020515,3254.56907759398,2609.05128710574,7557.31100901265,3829.74028519248,1508.90113845242,736.479413263137,2928.66554105814
ABCB1,36.6967888373878,96.4426869206483,26.2931844924392,4.43276415428916,36.6967888373878,42.138496958663,27.3512323700329,0.0,34.8173008610753,16.4468139477969,3.39290390714727,22.1271458543502,125.416974351637,16.3338847800231
CHSY1,13083.8929281843,12222.6222541224,23360.86839333,23490.99035924,13083.8929281843,9284.51549655874,11971.2025467997,20421.9392167131,9864.52753105885,17384.2823428213,21350.696061701,5656.88994207177,5554.81171864034,10055.1394705822
BTD,175.549503357234,225.032936148179,194.068742682289,199.474386943012,175.549503357234,211.862998597722,179.942318223901,155.172660913643,202.164972741728,191.487905249349,187.457940869887,215.314150044254,156.35684467627,187.839674970266
UPB1,50.5820602893724,43.4587416370822,56.342538198084,72.6973321303421,50.5820602893724,60.8667178291799,59.0210803774395,74.036629063372,157.239423243566,277.246292262861,99.2424392840576,149.783756552525,63.5372337023711,124.137524328176
BOLL,10.909856140845,32.742887534788,30.0493537056448,54.0797226823277,10.909856140845,24.5807898925534,37.4280021905714,45.6390179157773,15.7239423243566,39.9422624446495,50.0453326304222,45.1053357800216,52.4872800150023,63.7021506420901
CENPU,126.951053275287,41.6727659533665,350.575793232522,312.953149292814,126.951053275287,784.244248952894,525.43156921379,621.704844052699,249.336799714797,380.626265649013,363.888944041545,224.675634828787,355.25601104891,687.656549238973
LOC101928053,81.328018504481,114.897768985711,131.465922462196,180.856777494998,81.328018504481,213.033512402129,241.842475692923,339.757133373009,211.15008264136,177.390636151238,209.511816266344,234.03711961332,217.684087641167,305.443645386432
CTIF,150.754375764404,69.6530516649126,48.8301997716728,80.6763076080626,150.754375764404,91.3000767437698,27.3512323700329,69.9798274708585,105.57504132068,41.1170348694921,99.2424392840576,28.9354984249195,61.3272429648974,34.3011580380485
GADD45A,682.36191135467,486.380711198578,326.786721548887,388.31013991573,682.36191135467,1653.93600562752,1678.50194439255,754.565096207518,741.271566719668,340.684003204363,452.95267160416,811.044999969068,402.218314220228,542.284974696767
ZNF677,126.951053275287,130.971550139152,209.093419535112,182.629883156713,126.951053275287,227.079678055017,261.996015334,271.805706698407,199.918695266819,274.896747413176,242.59262936103,205.952665259721,333.156103674172,406.713731022575
PDE2A,21.81971228169,42.863416409177,120.197414822579,89.541835916641,21.81971228169,73.7423696776602,297.98447897878,172.414067681825,20.2164972741728,150.370870379857,111.96582893586,142.124359910634,139.229416460848,449.181831450635
SREK1,2466.61929293469,1507.95880228396,1653.96651021486,1261.56467831069,2466.61929293469,1717.14375106552,1095.48883334711,971.603981406992,2242.90805869572,1265.22990155552,933.048574465499,791.470986328681,876.261327408353,860.795727907218
WNK4,0.0,0.0,5.00822561760746,9.75208113943614,0.0,1.1705138044073,8.63723127474724,8.11360318502707,1.12313873745404,3.5243172745279,11.0269376982286,8.51044071321163,12.1549490561058,9.80033086801386
ABCF2,143.811740038412,208.363829766833,105.172737969757,99.2939170560771,143.811740038412,159.189877399393,122.360776392253,95.3348374240681,138.146064706847,122.176332183634,113.662280889434,162.549417622342,238.678999647168,91.4697547681294
LINC00536,94.2214848527524,121.446346492668,150.246768528224,250.007898301908,94.2214848527524,142.802684137691,179.942318223901,260.649502318995,211.15008264136,359.480362001846,428.354118277343,436.585608587757,498.905408984706,650.08861424492
HOXB2,4.95902551856592,16.0737811534414,6.26028202200933,1.77310566171566,4.95902551856592,21.0692484793315,0.0,2.02840079625677,12.3545261119945,5.87386212421316,0.848225976786817,15.3187932837809,25.4148934809485,4.90016543400693
CA4,997.755934335463,702.483768928179,2536.66627531818,1940.66414674779,997.755934335463,500.979908286326,1079.6539093434,1424.95155937038,614.356889387361,986.808836867811,1418.23383318756,519.98792757723,317.686168511856,953.898871153349
CCNL1,13679.9677955159,13471.6145822676,14696.6380748691,21645.1873653939,13679.9677955159,32739.2711092723,39187.1182935282,36805.3324480791,23286.0354436346,20567.9156141448,40591.8541191332,42513.9065828487,35299.0770542999,51007.4553910562
LINC00152,465.156593641483,440.540668649875,522.107520635578,527.49893436041,465.156593641483,1266.4959363687,2238.48243870533,830.630126067146,289.769794263143,280.770609537389,484.337032745273,540.412985288938,525.977795518759,1252.80896262777
CDC42,16160.4723599026,13389.4597008167,18948.6216242178,19509.4815958574,16160.4723599026,15805.4479009118,25698.6421194646,18930.0504310663,17000.9510688418,21622.8612516535,20563.5423552428,17180.8777118316,11391.949753993,23605.7302840894
C18orf25,1592.83899656337,1451.99823086087,2484.0799063333,2336.95326214124,1592.83899656337,1795.56817596081,2285.98721071644,2147.06224283779,1633.04372425818,2032.35629497775,2187.5747941332,1644.21714579249,1234.83232456347,2152.80601400705
CHIAP2,79.3444082970547,44.6493920928927,68.8631022421026,49.6469585280385,79.3444082970547,65.5487730468091,90.690928384846,63.8946250820882,75.2502954094208,52.8647591179185,39.8666209089804,34.8928069241677,61.3272429648974,68.602316076097
LOC100289230,147.778960453264,81.5595562230174,231.630434814345,251.781003963624,147.778960453264,627.395399162315,973.128056954856,995.944790962073,229.120302440625,232.604940118841,504.694456188156,851.895115392484,446.418128969703,1216.87441611172
HCG27,996.76412923175,2330.698267249,3285.3960051505,1149.85902162261,996.76412923175,296.139992515048,984.644365321185,740.36629063372,279.661545626056,689.591413382625,754.072893363481,395.735493164341,595.040006064815,640.288283376906
ZNF491,65.4591368450701,55.9605714230922,78.8795534773176,82.4494132697783,65.4591368450701,99.4936733746209,122.360776392253,77.0792302577572,86.4816827839612,118.652014909106,83.9743717018949,128.507654769496,135.361932670269,186.206286492263
LOXL1,68.4345521562097,117.279069897332,249.159224475971,293.448987013942,68.4345521562097,46.8205521762922,130.998007667,201.825879227548,92.0973764712314,252.576071341166,256.164244989619,51.0626442792698,24.86239579658,104.536862592148
TM9SF2,9920.03464733926,7856.5070326654,8441.36427847738,8694.42361222275,9920.03464733926,6229.47446705568,4615.16057780661,7209.95063029468,7776.61261813178,6722.04781494954,7891.04626204776,5317.32335761463,3374.65585612246,2726.12536978586
SNORA63,28.7623480076823,15.4784559255361,11.2685076396168,15.957950955441,28.7623480076823,31.6038727189972,27.3512323700329,37.5254147307502,28.078468436351,39.9422624446495,49.1971066536354,58.7220409211602,39.779833274528,37.5679349940531
CCM2L,1.98361020742637,9.52520364648378,8.76439483081306,15.957950955441,1.98361020742637,8.19359663085113,10.0767698205384,14.1988055737974,65.1420467723344,110.428607935207,55.1346884911431,129.358698840817,160.224328466849,40.8347119500578
FZD10-AS1,96.2050950601788,41.6727659533665,76.3754406685138,36.3486660651711,96.2050950601788,37.4564417410338,64.7792345606043,25.3550099532096,61.7726305599723,45.8161245688627,33.9290390714727,21.2761017830291,20.9949120060009,31.0343810820439
ATP1A1-AS1,17.8524918668373,17.2644316092518,12.5205640440187,15.0713981245831,17.8524918668373,42.138496958663,56.1420032858571,37.5254147307502,12.3545261119945,17.6215863726395,16.1162935589495,33.1907187815253,40.3323309588965,55.5352082520786
LOC102546294,14.8770765556978,10.7158541022942,20.0329024704299,18.6176094480145,14.8770765556978,19.8987346749242,47.5047720111098,49.6958195082908,17.9702197992647,28.1945381962232,35.6254910250463,51.9136883505909,26.5198888496853,50.6350428180716
LOC100130744,160.672426801536,317.308346473491,311.762044696065,151.600534076689,160.672426801536,174.406556856688,251.919245513461,165.314664894927,186.441030417371,236.129257393369,154.377127775201,152.336888766488,340.89107125533,187.839674970266
CD40,6.94263572599229,20.241057748778,3.7561692132056,2.65965849257349,6.94263572599229,7.02308282644383,0.0,8.11360318502707,74.1271566719668,36.4179451701216,10.1787117214418,70.6366579196565,142.544402567059,6.53355391200924
TTC21A,53.5574756005119,61.9138237021446,88.8960047125325,289.016222859653,53.5574756005119,84.276993917326,154.030624399659,460.446980750286,51.6643819228859,69.3115730657153,352.013780366529,152.336888766488,119.339499823584,202.540171272286
KCNK5,39.6722041485273,30.361586623167,37.561692132056,19.5041622788723,39.6722041485273,67.8898006556237,33.1093865531978,11.1562043794122,106.698180058134,264.323795589592,21.2056494196704,33.1907187815253,61.3272429648974,80.0360354221132
ABHD10,112.07397671959,75.606303943965,43.8219741540653,18.6176094480145,112.07397671959,49.1615797851068,17.2744625494945,22.3124087588244,57.2800756101561,18.7963587974821,22.9021013732441,22.9781899256714,49.1722939087916,19.6006617360277
GOLGA6L1,37.688593941101,25.0036595720199,48.8301997716728,8.86552830857831,37.688593941101,3.51154141322191,5.75815418316483,3.04260119438515,5.61569368727021,12.922496673269,4.24112988393409,4.25522035660581,3.31498610621067,3.26677695600462
EP400NL,30.7459582151087,39.8867902696508,8.76439483081306,12.4117396320096,30.7459582151087,43.3090107630703,20.1535396410769,7.09940278689869,31.4478846487132,14.0972690981116,9.33048574465499,12.7656610698174,37.0173448526858,22.8674386920323
PSD,30.7459582151087,47.6260182324189,37.561692132056,86.8821774240675,30.7459582151087,65.5487730468091,69.0978501979779,162.272063700541,304.370597850045,534.521453303398,356.254910250463,473.180503654567,376.803420739279,718.690930321017
CSF3,0.0,0.0,0.0,0.0,0.0,0.0,1.43953854579121,0.0,31.4478846487132,9.39817939874106,20.3574234428836,5.10626442792698,13.2599444248427,8.16694239001155
NEDD4L,48.598450081946,82.1548814509226,125.205640440187,97.5208113943614,48.598450081946,118.221894245138,122.360776392253,123.732448571663,88.7279602588693,128.050194307847,108.572925028713,194.038048261225,156.909342360638,166.605624756236
MCM6,285.639869869397,229.795537971421,176.539953020663,59.3990396674747,285.639869869397,159.189877399393,63.3396960148131,27.3834107494664,216.76577632863,71.6611179154006,30.5361351643254,54.4668205645544,198.346668688272,47.368265862067
ALPP,39.6722041485273,60.1278480184288,62.6028202200933,70.0376736377687,39.6722041485273,62.0372316335872,61.9001574690219,66.9372262764733,50.5412431854319,56.3890763924464,55.98291446793,58.7220409211602,77.9021734959507,58.8019852080832
KCNJ12,0.0,0.595325227905236,2.50411280880373,5.31931698514699,0.0,0.0,2.87907709158241,0.0,14.6008035869025,50.5152142682332,39.8666209089804,0.851044071321163,2.76248842184222,6.53355391200924
POM121L9P,14.8770765556978,23.2176838883042,38.8137485364578,43.4410887120337,14.8770765556978,43.3090107630703,87.8118512932636,80.1218314521423,24.7090522239889,34.0684003204363,38.1701689554068,80.8491867755105,55.2497684368445,57.1685967300809
FLG2,132.901883897567,138.71077810192,186.556404255878,203.907151097301,132.901883897567,252.830981751978,194.337703681813,302.231718642258,238.105412340257,229.080622844313,269.735860618208,306.375865675619,309.398703246329,284.209595172402
CLCF1,168.606867631241,77.9876048555859,37.561692132056,54.0797226823277,168.606867631241,45.6500383718849,7.19769272895603,42.5964167213921,279.661545626056,479.307149335794,111.96582893586,124.25243441289,99.44958318632,19.6006617360277
MDC1,229.106978957745,254.799197543441,191.564629873485,160.466062385267,229.106978957745,357.006710344228,185.700472407066,200.81167882942,250.459938452251,192.662677674192,165.404065473429,449.351269657574,810.514102968508,284.209595172402
STX1B,74.3853827784888,64.2951246137655,95.1562867345418,88.6552830857831,74.3853827784888,149.825766964135,113.723545117505,75.0508294615004,265.060742039154,195.012222523877,156.921805705561,258.717397681633,464.098054869494,463.882327752656
USE1,84.3034338156206,111.325817618279,76.3754406685138,101.067022717793,84.3034338156206,207.180943380093,139.635238941747,185.598672857494,88.7279602588693,89.2827042880401,138.260834216251,171.059858335554,380.11840684549,196.006617360277
ZBTB10,141.828129830985,210.745130678454,31.3014101100466,34.5755604034554,141.828129830985,131.097546093618,53.2629261942746,37.5254147307502,260.568187089338,130.399739157532,62.7687222822245,136.167051411386,425.975714648071,58.8019852080832
RNASEK-C17orf49,2.97541531113955,1.78597568371571,0.0,2.65965849257349,2.97541531113955,17.5577070661096,24.4721552784505,15.2130059719258,4.49255494981617,8.22340697389843,11.8751636750154,64.6793494204084,34.2548564308436,31.0343810820439
NUTM2D,100.172315475032,111.325817618279,112.685076396168,169.331590693846,100.172315475032,77.2539110908821,83.49323565589,160.243662904285,89.8510989963233,115.127697634578,157.770031682348,117.44408184232,94.4771040270041,81.6694239001155
LOC101928865,51.5738653930855,19.0504072929676,55.0904817936821,53.1931698514699,51.5738653930855,24.5807898925534,14.3953854579121,26.369210351338,345.926731135845,260.799478315064,285.852154177158,65.5303934917295,60.2222475961605,114.337193460162
SSX2IP,143.811740038412,72.6296778044388,55.0904817936821,59.3990396674747,143.811740038412,105.346242396657,56.1420032858571,58.8236230914463,101.082486370864,65.7872557911874,54.2864625143563,38.2969832094523,49.72479159316,37.5679349940531
LOC100133985,17.8524918668373,17.2644316092518,15.0246768528224,6.20586981600482,17.8524918668373,22.2397622837388,24.4721552784505,18.2556071663109,31.4478846487132,19.9711312223248,27.991457233965,44.2542917087005,38.1223402214227,55.5352082520786
USP12,494.910746752879,285.756109394513,267.940070541999,266.852402088207,494.910746752879,531.413267200916,292.226324795615,209.939482412575,496.427321954686,387.674900198069,217.994076034212,309.780041960903,339.786075886594,364.245630594515
VSIG1,370.935108788731,436.968717282443,663.589894332989,561.187941933007,370.935108788731,491.615797851068,734.164658353515,728.19588585618,630.080831711717,845.836145886695,841.440168972523,1082.52805872052,1069.08301925294,1659.52269365035
SEPHS2,663.51761438412,606.636407235436,594.726792090886,781.939596816607,663.51761438412,2614.92783904592,1037.90729151546,1339.7587259276,504.289293116865,437.015342041459,754.072893363481,2541.21759696499,968.528440697884,831.394735303176
ZNF667,34.7131786299614,35.1241884464089,37.561692132056,45.2141943737494,34.7131786299614,55.0141488071433,53.2629261942746,75.0508294615004,56.1569368727021,64.6124833663448,77.1885638876004,87.6575393460798,95.5820993957409,119.237358894169
LOC101929297,11.9016612445582,16.0737811534414,76.3754406685138,43.4410887120337,11.9016612445582,11.705138044073,34.548925098989,17.2414067681825,26.955329698897,102.205200961309,56.8311404447168,2.55313221396349,3.31498610621067,35.9345465160508
SF3A2,505.820602893724,803.689057672069,453.244418393475,580.692104211879,505.820602893724,362.859279366265,485.124489931637,562.881220961253,450.378633719071,374.7524035248,609.874477309722,675.728992629003,645.317295342344,419.780838846594
LINC00309,39.6722041485273,51.7932948277555,23.7890716836355,23.0503736023036,39.6722041485273,165.04244642143,96.4490825680108,227.180889180758,143.761758394117,69.3115730657153,187.457940869887,1331.88397161762,1393.95165766159,668.055887502945
ACTG1P17,122.983832860435,128.590249227531,201.5810811087,195.041622788723,122.983832860435,203.669401966871,266.314630971373,218.053085597603,195.426140317003,203.235629497775,186.6097148931,267.227838394845,389.510867479754,367.51240755052
RPL39,1397.45339113188,1441.28237675858,1005.4012927347,821.83447420521,1397.45339113188,2186.51978663285,3929.94023000999,1269.77889845674,1277.00874448525,750.679579474442,752.376441409907,1438.26448053277,1379.58671786801,2064.60303619492
BCRP3,11.9016612445582,5.95325227905236,20.0329024704299,18.6176094480145,11.9016612445582,11.705138044073,48.944310556901,24.3408095550812,6.73883242472425,16.4468139477969,20.3574234428836,43.4032476373793,23.2049027434747,45.7348773840647
LOC283214,0.0,0.595325227905236,2.50411280880373,0.886552830857831,0.0,3.51154141322191,2.87907709158241,2.02840079625677,2.24627747490808,0.0,0.848225976786817,7.65939664189047,3.31498610621067,16.3338847800231
ANKRD53,2.97541531113955,0.595325227905236,2.50411280880373,1.77310566171566,2.97541531113955,5.85256902203652,0.0,3.04260119438515,4.49255494981617,1.17477242484263,3.39290390714727,7.65939664189047,27.0723865340538,17.9672732580254
UQCC3,56.5328909116515,59.5325227905236,71.3672150509064,74.4704377920578,56.5328909116515,74.9128834820675,86.3723127474724,83.1644326465275,130.284093544669,79.884524889299,89.9119535394026,137.018095482707,151.384365516954,153.538516932217
HNF1A-AS1,202.328241157489,249.441270492294,409.42244423941,301.427962491663,202.328241157489,347.64259990897,499.519875389549,464.5037823428,461.610021093611,521.598956630129,427.505892300556,597.432938067456,598.354992171026,873.862835731236
INHBA,76.3689929859151,13.6924802418204,15.0246768528224,8.86552830857831,76.3689929859151,126.415490875989,155.47016294545,43.6106171195205,122.422122382491,11.7477242484263,24.5985533268177,93.6148478453279,125.416974351637,360.978853638511
RBM48,307.459582151087,299.448589636334,328.038777953289,273.058271904212,307.459582151087,285.605368275382,260.556476788208,272.819907096535,326.833372599126,294.867878635501,273.128764525355,297.865424962407,320.448656933698,300.543479952425
LOC646736,93.2296797490392,80.3689057672069,96.4083431389437,96.6342585635036,93.2296797490392,126.415490875989,151.151547308077,202.840079625677,163.97825566829,162.118594628283,295.182639921812,371.906259167348,360.780987892594,341.378191902483
DNAH2,50.5820602893724,60.7231732463341,82.6357226905232,91.3149415783566,50.5820602893724,204.839915771278,192.898165136022,147.059057728616,117.929567432674,148.021325530172,117.903410773368,424.67099158926,385.090886004806,279.309429738395
LOC102723582,11.9016612445582,23.8130091162094,45.0740305584672,12.4117396320096,11.9016612445582,1.1705138044073,21.5930781868681,13.184605175669,3.36941621236213,39.9422624446495,10.1787117214418,3.40417628528465,4.972479159316,11.4337193460162
LYRM1,1089.99380898079,716.771574397904,965.335487793839,946.838423356164,1089.99380898079,7012.54820220416,6665.06346701329,2858.01672192579,1080.45946543079,1152.45174877062,1201.93620910692,3726.72198831537,4158.65007024128,5594.35553715791
LCTL,34.7131786299614,41.0774407254613,38.8137485364578,62.0586981600482,34.7131786299614,72.5718558732529,77.7350814727252,61.8662242858314,66.2651855097885,82.2340697389843,68.7063041197322,101.274244487218,114.919518348637,127.40430128418
ACTG1,19750.8068353443,19070.0530254884,19962.7873117834,37557.0375736303,19750.8068353443,77993.6758152675,64969.2536486487,88144.1566013378,18712.6145047218,20518.5751723014,41105.879061066,101386.582304633,38090.2953557293,45942.317720771
LOC100506023,128.934663482714,102.991264427606,123.953584035785,171.991249186419,128.934663482714,381.587500236781,259.116938242417,258.621101522738,141.515480919209,169.167229177339,170.49342133415,138.72018362535,165.196807626165,153.538516932217
DUXAP8,20.8279071779769,25.0036595720199,38.8137485364578,46.987300035465,20.8279071779769,45.6500383718849,43.1861563737362,56.7952222951895,44.9255494981617,30.5440830459084,54.2864625143563,80.8491867755105,60.2222475961605,52.2684312960739
METTL12,19.8361020742637,20.241057748778,3.7561692132056,6.20586981600482,19.8361020742637,24.5807898925534,30.2303094616153,19.2698075644393,17.9702197992647,10.5729518235837,10.1787117214418,46.807423922664,82.3221549708983,8.16694239001155
AP1AR,63.4755266376437,75.606303943965,47.5781433672709,38.1217717268867,63.4755266376437,249.319440338756,115.163083663297,57.8094226933179,283.030961838419,187.963587974821,64.4651742357981,149.783756552525,109.94703918932,104.536862592148
LINC01170,12.8934663482714,13.0971550139152,21.2849588748317,23.0503736023036,12.8934663482714,25.7513036969607,20.1535396410769,29.4118115457231,23.5859134865349,19.9711312223248,22.9021013732441,49.3605561366274,41.4373263276334,31.0343810820439
LINC01314,9.91805103713184,2.97662613952618,6.26028202200933,8.86552830857831,9.91805103713184,8.19359663085113,11.5163083663297,10.1420039812838,5.61569368727021,21.1459036471674,20.3574234428836,15.3187932837809,22.0999073747378,53.9018197740762
ENDOV,12.8934663482714,13.6924802418204,33.8055229188504,30.1427962491663,12.8934663482714,19.8987346749242,24.4721552784505,32.4544127401083,14.6008035869025,28.1945381962232,16.9645195357364,20.4250577117079,20.4424143216325,14.7004963020208
ZNF613,58.5165011190778,41.6727659533665,57.5945946024858,73.5838849612,58.5165011190778,38.6269555454411,33.1093865531978,63.8946250820882,41.5561332857995,63.4377109415022,67.0098521661586,50.2116002079486,46.4098054869494,32.6677695600462
EREG,830.140871807935,270.277653468977,355.58401885013,537.251015499846,830.140871807935,256.3425231652,154.030624399659,246.450696745197,3918.63105497715,4001.27487901401,1978.91120384365,490.20138508099,639.792318498659,703.990434018996
LINC00880,0.0,4.16727659533665,13.7726204484205,5.31931698514699,0.0,55.0141488071433,12.9558469121209,5.07100199064192,17.9702197992647,2.34954484968527,7.63403379108136,177.017166834802,269.066372287433,11.4337193460162
CARD6,656.574978658128,588.181325170373,1009.1574619479,864.389010086385,656.574978658128,1619.99110529971,2844.52816648342,2232.25507628057,586.27842095101,614.405978192697,845.681298856457,1319.1183105478,888.416276464459,1404.71409108199
BTG3,30.7459582151087,51.1979695998503,11.2685076396168,19.5041622788723,30.7459582151087,78.4244248952894,18.7140010952857,20.2840079625677,154.993145768658,98.6808836867811,42.4112988393409,129.358698840817,135.361932670269,84.9362008561202
PRORY,22.8115173854032,23.8130091162094,18.780846066028,29.2562434183084,22.8115173854032,7.02308282644383,20.1535396410769,29.4118115457231,30.3247459112591,22.32067607201,24.5985533268177,31.488630638883,29.834874955896,24.5008271700347
GPR12,55.5410858079383,78.5829300834912,77.6274970729157,97.5208113943614,55.5410858079383,107.687270005472,116.602622209088,118.661446581021,102.205625108318,93.9817939874106,156.921805705561,189.782827904619,169.616789101113,186.206286492263
CASP4,12364.8342279923,10431.2886433555,16216.634549813,13960.5474275183,12364.8342279923,20557.7339468055,39154.008906975,17728.2229592842,12715.0536467172,18932.6323987639,14139.9270330362,23863.2757598454,19994.3386996096,45627.0737445165
SLC26A4,142.819934934698,129.780899683341,169.027614594252,203.020598266443,142.819934934698,188.452722509576,270.633246608747,257.60690112461,243.721106027527,231.430167693999,241.744403384243,251.058001039743,291.16627966217,411.613896456582
NEAT1,13055.1305801766,13643.0682479043,22011.1515893848,24097.3924955467,13055.1305801766,51476.8560902244,76708.690489576,42643.069939706,36074.0931082864,32746.7813424884,23748.6308980773,41763.2857119434,40709.6868773201,85661.4253403532
IL6,0.0,0.0,0.0,0.886552830857831,0.0,0.0,0.0,2.02840079625677,4.49255494981617,1.17477242484263,2.54467793036045,5.95730849924814,23.7574004278431,0.0
HMGA1,495.902551856592,762.016291718702,534.628084679597,420.226041826612,495.902551856592,1085.06629668557,771.592660544087,535.497810211787,1554.42401263639,1704.59478844666,721.840306245582,2134.41853087348,1557.49097223465,2600.35445697968
PRADC1,20.8279071779769,24.4083343441147,5.00822561760746,8.86552830857831,20.8279071779769,28.0923313057753,7.19769272895603,14.1988055737974,58.4032143476102,58.7386212421316,37.32194297862,14.4677492124598,23.2049027434747,8.16694239001155
LOC102724190,510.77962841229,513.765671682219,643.556991862559,242.915475655046,510.77962841229,208.3514571845,159.788778582824,147.059057728616,156.116284506112,328.936278955937,170.49342133415,302.120645319013,103.317066976899,166.605624756236
EXTL3-AS1,157.697011490396,205.387203627306,345.567567614915,320.045571939677,157.697011490396,328.914379038453,492.322182660593,675.457465153504,254.952493402067,434.665797191774,307.906029573615,352.332245526961,489.512948350442,780.759692485104
GPX8,114.057586927016,95.847361692743,118.945358418177,195.928175619581,114.057586927016,150.996280768542,132.437546212791,261.663702717123,175.209643042831,169.167229177339,314.691837387909,182.97447533405,251.938944072011,259.708768002367
CTDP1,1322.07620324967,1346.62566552164,1119.33842553527,2161.41580163139,1322.07620324967,1378.86526159181,997.600212233306,2228.19827468806,1052.38099699444,894.001815305243,2172.30672655104,1365.92573447047,1376.2717317618,939.198374851329
ARRDC3,5676.10060855055,4711.99917886994,11664.1574634078,4026.72295775627,5676.10060855055,1624.67316051734,3593.08821029485,1991.88958192415,2768.53698782421,8524.14871465814,2123.95784587419,1739.53408178046,1528.20859496312,2580.75379524365
FBXO28,1202.06778570038,918.586826657779,1156.90011766732,908.716651629277,1202.06778570038,861.498160043776,904.030206756878,637.932050422753,691.85346227169,765.951620997396,736.260147850958,513.179575006661,449.733115075914,535.751420784758
GPATCH2,104.139535889884,99.4193130601744,77.6274970729157,117.024973673234,104.139535889884,93.6411043525844,110.844468025923,101.420039812838,172.963365567922,160.943822203441,167.100517427003,168.50672612159,291.16627966217,272.775875826386
NRM,220.180733024327,331.000826715311,355.58401885013,345.755604034554,220.180733024327,238.78481609909,532.629261942746,391.481353677556,265.060742039154,495.753963283591,442.773959882719,970.190241306126,1156.93015106752,615.787456206871
TMEM192,325.312074017924,311.355094194438,454.496474797877,406.927749363745,325.312074017924,458.841411327663,437.619717920527,473.631585925955,608.741195700091,526.298046329499,568.311404447168,663.814375630507,754.711836847296,973.499532889377
ABHD11,148.770765556978,201.21992703197,205.337250321906,305.860726645952,148.770765556978,174.406556856688,251.919245513461,330.629329789853,181.948475467555,273.721974988333,312.147159457549,328.503011529969,385.643383689174,491.649931878695
LINC01104,10.909856140845,7.14390273486283,10.0164512352149,15.0713981245831,10.909856140845,15.216679457295,12.9558469121209,12.1704047775406,12.3545261119945,11.7477242484263,21.2056494196704,12.7656610698174,6.62997221242134,13.0671078240185
RALGDS,1367.69923802048,1404.37221262845,1680.2596947073,1570.08506344922,1367.69923802048,1103.79451755609,1383.39654250535,1372.2131386677,9807.24745544869,8701.53935080938,4636.40318911674,5362.42869339465,3418.30317318757,3699.62490267523
PIGU,19.8361020742637,44.6493920928927,8.76439483081306,39.8948773886024,19.8361020742637,85.4475077217333,97.888621113802,99.3916390165816,43.8024107607076,57.563848817289,107.724699051926,116.593037770999,115.472016033005,93.1031432461317
SYN2,37.688593941101,14.2878054697257,83.887779094925,56.7393811749012,37.688593941101,628.565912966723,1570.53655345821,593.307232905105,28.078468436351,54.0395315427611,46.652428723275,678.282124842967,643.10730460487,1865.32964187864
POMGNT2,35.7049837336746,50.0073191440398,27.545240896841,41.6679830503181,35.7049837336746,23.4102760881461,11.5163083663297,4.05680159251354,29.2016071738051,14.0972690981116,19.5091974660968,21.2761017830291,24.86239579658,13.0671078240185
C19orf71,98.1887052676052,119.660370808952,136.474148079803,180.856777494998,98.1887052676052,81.9359663085113,102.207236751176,150.101658923001,94.3436539461395,106.90429066068,169.645195357363,178.719254977444,98.8970855019516,81.6694239001155
CXCL2,563.345298909088,381.603471087256,292.981198630037,743.81782508972,563.345298909088,2537.67392795504,2785.50708610598,3221.10046445575,8344.92081928353,2335.44758058715,7047.06141514488,10646.5613322277,5466.41208914139,8686.35992601629
RIPK2,1513.49458826632,962.045568294862,1115.58225632206,1473.45080488572,1513.49458826632,4432.73577729046,8218.325557922,2888.44273386964,2238.4155037459,2654.98568014435,1661.67468852538,2981.20738183803,2644.25391738738,7136.2742603921
MRGBP,149.762570660691,139.90142855773,147.74265571942,125.890501981812,149.762570660691,119.392408049545,93.5700054764284,147.059057728616,147.131174606479,91.6322491377253,146.743093984119,162.549417622342,77.3496758115823,119.237358894169
S100P,5925.04368958256,4860.23516061835,3982.79142240234,824.494132697783,5925.04368958256,6187.33597009701,4872.83797750323,828.60172527089,6480.51051510982,4385.42546193755,1191.75749738548,7048.34699868187,4002.29322556501,4831.56311793083
NOP2,441.353271152367,540.555306937954,1093.04524104283,1542.60192569263,441.353271152367,1309.80494713177,1492.80147198548,2317.44790972336,999.593476334097,1568.32118716491,2266.45980997438,2645.04497366617,3600.07491134479,2489.28404047552
NIPSNAP3A,59.508306222791,22.622358660399,28.7972973012429,31.0293490800241,59.508306222791,98.3231595702136,27.3512323700329,34.4828135363651,70.7577404596046,19.9711312223248,33.0808130946859,41.701159494737,15.4699351623165,27.7676041260393
TIPARP,1619.61773436363,1468.07201201431,1136.86721519689,3094.06937969383,1619.61773436363,3773.73650540915,6112.28066542946,6125.77040469544,1273.63932827288,1342.76488159513,2647.31327355166,3094.39624332375,2489.00206807984,3247.17629426859
SLC5A3,616.9027745096,817.381537913889,678.614571185811,292.562434183084,616.9027745096,422.555483391037,403.070792821538,215.010484403217,614.356889387361,1187.6949215159,262.101826827127,322.545703030721,421.003235488755,316.877364732448
MAFF,3525.86714370037,3617.19608475221,2281.2467688202,6720.07045790236,3525.86714370037,17741.4777334015,23892.0212444967,17245.463569775,10860.7515911806,10415.5323186548,11424.7556813416,21360.3551460899,13659.9527483254,30127.8504767526
HBEGF,236.049614683738,193.480699069202,47.5781433672709,449.48228524492,236.049614683738,6340.67327847437,4115.64070241706,5923.94452546789,472.841408468152,54.0395315427611,736.260147850958,7217.70476887478,4057.54299400186,3199.80802840653
VNN3,10411.969978781,7779.11475303772,19037.5176289304,13680.3967329672,10411.969978781,3868.54812356614,6002.87573594933,6428.0021233377,4011.85157018584,8493.60463161223,6214.95173191701,6098.58181508745,3230.4539605023,6879.83226934573
KIRREL2,1.98361020742637,3.57195136743142,6.26028202200933,5.31931698514699,1.98361020742637,77.2539110908821,17.2744625494945,5.07100199064192,119.052706170128,43.4665797191774,34.7772650482595,1204.22736091945,2812.21321343538,336.478026468476
LOC101929709,67.4427470524965,93.4660607811221,145.238542910616,43.4410887120337,67.4427470524965,450.647814696812,1081.0934478892,88.2354346371694,117.929567432674,328.936278955937,57.6793664215036,323.396747102042,323.21114535554,1032.30151809746
ZNF827,27.7705429039691,93.4660607811221,3.7561692132056,9.75208113943614,27.7705429039691,26.921817501368,10.0767698205384,3.04260119438515,34.8173008610753,16.4468139477969,9.33048574465499,41.701159494737,125.969472036005,11.4337193460162
SIPA1L1,7763.8503518668,8585.18511162141,15914.8889563521,11585.4723936501,7763.8503518668,7346.14463646025,16913.1383745009,10654.1751823387,7149.90120263243,16171.9172003837,11927.7536855762,7385.36045092505,7251.53210733584,17759.8329213191
FAM195A,11.9016612445582,13.6924802418204,2.50411280880373,7.09242264686265,11.9016612445582,9.36411043525844,1.43953854579121,2.02840079625677,50.5412431854319,21.1459036471674,15.2680675821627,11.9146169984963,7.73496758115823,4.90016543400693
SLC9A5,0.0,3.57195136743142,0.0,0.886552830857831,0.0,1.1705138044073,1.43953854579121,3.04260119438515,1.12313873745404,3.5243172745279,1.69645195357363,6.8083525705693,30.3873726402645,3.26677695600462
SDC4,11.9016612445582,19.0504072929676,3.7561692132056,9.75208113943614,11.9016612445582,10.5346242396657,2.87907709158241,14.1988055737974,43.8024107607076,39.9422624446495,40.7148468857672,110.635729271751,181.771738157218,26.134215648037
ZBTB6,161.664231905249,124.422972632194,255.419506497981,96.6342585635036,161.664231905249,106.516756201065,63.3396960148131,79.107631054014,129.160954807215,129.22496673269,76.3403379108136,85.1044071321163,96.1345970801094,34.3011580380485
RUSC1-AS1,0.0,1.19065045581047,1.25205640440187,0.886552830857831,0.0,4.68205521762922,5.75815418316483,3.04260119438515,0.0,5.87386212421316,1.69645195357363,11.9146169984963,5.52497684368445,4.90016543400693
ZNF704,3.96722041485273,4.16727659533665,6.26028202200933,4.43276415428916,3.96722041485273,3.51154141322191,5.75815418316483,6.0852023887703,11.2313873745404,17.6215863726395,6.78580781429454,27.2334102822772,19.3374189528956,22.8674386920323
SNX11,1016.60023130601,1218.63074152202,751.23384264112,1571.85816911093,1016.60023130601,861.498160043776,809.020662734658,1598.37982745033,752.502954094208,670.795054585143,1638.77258715213,1268.90671033985,853.608922349247,746.458534447056
RAB28,192.410190120358,181.574194511097,206.589306726308,201.247492604728,192.410190120358,273.900230231309,211.612166231307,176.470869274339,236.982273602803,196.18699494872,204.422460405623,170.208814264233,158.014337729375,194.373228882275
TULP3,40.6640092522405,59.5325227905236,31.3014101100466,15.957950955441,40.6640092522405,23.4102760881461,27.3512323700329,23.3266091569528,16.8470810618106,29.3693106210658,21.2056494196704,29.7865424962407,60.2222475961605,17.9672732580254
KCNE1,269.770988209986,304.806516687481,302.997649865252,295.222092675658,269.770988209986,316.038727189972,457.773257561604,308.316921031029,945.682816936303,670.795054585143,1199.39153117656,619.560083921807,517.137832568864,746.458534447056
INTS6,2034.19226771574,2334.86554384434,2689.41715665521,2375.96158669899,2034.19226771574,5923.97036410537,4990.88013825811,2830.63331117632,2835.92531207146,3632.39633761342,2755.03797260358,5819.43935969411,4982.976615319,5455.51751652772
GCNT1,274.730013728552,82.7502066788278,120.197414822579,47.8738528663229,274.730013728552,224.738650446203,77.7350814727252,30.4260119438515,234.735996127895,98.6808836867811,33.9290390714727,86.8064952747586,51.3822846462654,62.0687621640878
CLP1,151.746180868117,122.636996948479,224.118096387934,179.97022466414,151.746180868117,84.276993917326,106.525852388549,168.357266089312,74.1271566719668,98.6808836867811,202.726008452049,71.4877019909777,69.614708230424,45.7348773840647
PGM5P3-AS1,10.909856140845,13.6924802418204,22.5370152792336,23.9369264331614,10.909856140845,7.02308282644383,28.7907709158241,10.1420039812838,5.61569368727021,15.2720415229542,14.4198416053759,6.8083525705693,10.4974560030005,22.8674386920323
ILF3-AS1,335.230125055056,329.810176259501,349.323736828121,382.104270099725,335.230125055056,567.699195137543,462.091873198977,479.716788314726,520.013235441221,449.937838714728,480.095902861339,633.176789062945,772.391762747086,847.728620083199
LOC101060091,15.8688816594109,13.0971550139152,18.780846066028,39.8948773886024,15.8688816594109,45.6500383718849,54.7024647400658,39.553815527007,28.078468436351,41.1170348694921,37.32194297862,84.2533630607951,99.44958318632,169.87240171224
HTATSF1P2,3477.26869361842,1689.53299679506,4834.1897773956,4407.94067502514,3477.26869361842,1604.77442584241,2448.65506639084,2244.42548105811,2778.6452364613,2810.05564022358,2860.21799372515,1565.92109123094,958.583482379252,1728.12500972644
HSPA2,136.869104312419,121.446346492668,72.6192714553082,86.8821774240675,136.869104312419,351.154141322191,103.646775296967,129.817650960433,253.829354664613,69.3115730657153,153.528901798414,461.26588665607,320.448656933698,130.671078240185
SNORD56B,3.96722041485273,1.19065045581047,7.5123384264112,13.2982924628675,3.96722041485273,5.85256902203652,23.0326167326593,16.2272063700541,5.61569368727021,5.87386212421316,23.7503273500309,17.0208814264233,10.4974560030005,16.3338847800231
LOC101927189,25.7869326965428,27.3849604836409,35.0575793232522,39.8948773886024,25.7869326965428,55.0141488071433,69.0978501979779,65.923025878345,34.8173008610753,41.1170348694921,39.8666209089804,70.6366579196565,80.6646619177929,81.6694239001155
DCBLD2,144.803545142125,73.8203282602493,159.011163359037,76.2435434537735,144.803545142125,55.0141488071433,51.8233876484834,66.9372262764733,101.082486370864,124.525877033319,81.4296937715345,39.9990713520947,23.2049027434747,42.4681004280601
HSPA8,12138.7026643457,10462.8408804345,2859.69682765386,3016.9392834092,12138.7026643457,46350.0056269205,5006.71506226182,3573.0280026063,11168.491605243,2022.95811557901,3005.26463575569,19614.0127117388,19403.7186750198,3203.07480536253
CXCL1,10874.1511571113,9216.22985320096,6995.23913139322,18228.4127552679,10874.1511571113,68853.1335166509,89691.8886340669,96067.0901115168,71849.43131241,32165.2689921913,64151.330624387,160994.560104038,73555.6742130242,219465.342681346
USP36,1845.74929801023,1491.88502113052,731.20094017069,1047.90544607396,1845.74929801023,910.659739828883,496.640798297966,258.621101522738,1263.5310796358,657.872557911874,333.352808877219,747.216694619981,1297.26456289711,431.21455819261
LDLR,305.475971943661,441.13599387778,540.888366701606,1033.72060078023,305.475971943661,589.938957421282,984.644365321185,1231.23928332786,876.048215214153,2223.8442002271,2174.00317850461,745.514606477339,1961.91927719235,3768.22721875133
ARL5B,2299.00423040716,2375.9429845698,2869.71327888908,6540.98678606908,2299.00423040716,6491.66955924291,6960.16886890048,4463.49595216302,14850.1403866173,19812.536944971,18502.3532316508,18877.0085459747,17851.2001819445,33314.5913973351
POU2AF1,277.705429039691,369.696966529152,368.104582894149,455.688155060925,277.705429039691,472.887576980551,416.026639733659,690.67047112543,473.964547205606,536.870998153083,638.714160520474,502.967046150807,809.409107599772,748.091922925058
AK2,1405.38783196158,856.673002955635,905.236780382549,814.742051558347,1405.38783196158,1976.99781564394,1607.96455564878,763.692899790673,1562.28598379857,1595.3409529363,894.878405510092,1990.5920828202,1448.64892841406,4348.08012844215
BUD13,269.770988209986,233.962814566758,390.641598173382,224.297866207031,269.770988209986,188.452722509576,178.50277967811,197.769077635035,144.884897131571,202.060857072933,141.653738123399,121.699302198926,129.284458142216,86.5695893341225
SNORA12,67.4427470524965,72.0343525765336,50.0822561760746,30.1427962491663,67.4427470524965,32.7743865234045,30.2303094616153,15.2130059719258,43.8024107607076,36.4179451701216,20.3574234428836,25.5313221396349,40.3323309588965,22.8674386920323
LOC101927243,9.91805103713184,10.120528874389,7.5123384264112,15.957950955441,9.91805103713184,29.2628451101826,14.3953854579121,42.5964167213921,85.3585440465072,38.7674900198069,90.7601795161895,48.5095120653063,21.5474096903693,62.0687621640878
IL18,151.746180868117,75.606303943965,116.441245609374,83.3359661006361,151.746180868117,110.028297614287,74.8560043811427,60.852023887703,365.020089672564,1047.89700295963,168.796969380577,85.1044071321163,82.8746526552667,115.970581938164
CSF1,829.149066704221,760.230316034986,166.523501785448,1038.15336493452,829.149066704221,1252.44977071582,182.821395315483,1283.97770403053,1728.51051694177,673.144599434828,1719.35405494688,1085.08119093448,748.634362319243,279.309429738395
BZRAP1,308.4513872548,563.177665598353,792.551703986381,913.149415783566,308.4513872548,946.94566776551,817.657894009405,890.467949556721,370.635783359834,836.437966487954,825.323875413573,1004.23200415897,1313.28699574379,898.363662901271
BTG2,33920.7263520946,41085.775278652,27417.5311435921,80745.4587288695,33920.7263520946,174431.137646581,69726.9285424887,177562.148902725,107556.258053549,85625.637729505,186452.793087394,247032.562582394,156282.25748888,148097.699911991
LINC00239,13.8852714519846,8.92987841857854,13.7726204484205,5.31931698514699,13.8852714519846,8.19359663085113,1.43953854579121,3.04260119438515,56.1569368727021,75.1854351899285,23.7503273500309,12.7656610698174,20.4424143216325,14.7004963020208
MAN1B1-AS1,213.238097298334,210.745130678454,279.208578181616,370.579083298573,213.238097298334,366.370820779486,416.026639733659,476.67418712034,403.206806746001,434.665797191774,568.311404447168,497.009737651559,594.487508380447,656.622168156929
RPL36A,234.066004476311,316.713021245586,186.556404255878,326.251441755682,234.066004476311,3154.53470287769,721.208811441394,881.340145973566,657.036161410614,293.693106210658,594.606409727559,6331.76789062945,4101.19031106697,1007.80069092743
FBXO48,102.155925682458,98.228662604364,103.920681565355,101.953575548651,102.155925682458,121.73343565836,118.042160754879,110.547843395994,184.194752942463,195.012222523877,117.903410773368,294.461248677122,246.966464912695,213.973890618303
IL17REL,1.98361020742637,8.33455319067331,10.0164512352149,17.7310566171566,1.98361020742637,8.19359663085113,43.1861563737362,16.2272063700541,3.36941621236213,43.4665797191774,16.9645195357364,73.18979013362,54.697270752476,112.703804982159
LOC100130331,180.508528875799,191.099398157581,260.427732115588,337.776628556834,180.508528875799,574.722277963987,849.327742016812,800.204114123295,150.500590818842,217.332898595887,377.460559670134,942.105786952527,340.338573570962,552.085305564781
THUMPD3,327.295684225351,223.246960464464,235.386604027551,212.772679405879,327.295684225351,464.6939803497,303.742633161945,251.521698735839,457.117466143795,452.287383564414,395.273305182657,494.456605437596,803.331633071719,441.014889060624
SERPINA2,4.95902551856592,5.35792705114712,30.0493537056448,15.0713981245831,4.95902551856592,3.51154141322191,28.7907709158241,25.3550099532096,10.1082486370864,17.6215863726395,19.5091974660968,15.3187932837809,47.5148008556863,31.0343810820439
C15orf39,8073.29354422531,13955.0186673266,20121.7984751424,19480.2253524391,8073.29354422531,3757.34931214745,5163.62476375306,14652.1531517608,6901.68754165509,19404.8909135506,19112.2277089606,8228.74512560432,4659.2129722791,7013.77012454192
SERTAD3,249.934886135722,444.707945245211,277.956521777214,875.027644056679,249.934886135722,833.405828738001,934.260516218493,1966.53457197094,193.179862842095,244.352664367268,793.091288295674,831.470057680776,481.777980769284,493.283320356698
RFT1,433.418830322661,424.466887496433,787.543478368774,507.108219250679,433.418830322661,435.431135239517,699.615733254526,605.477637682645,482.949657105238,683.717551258412,495.363970443501,464.670062941355,476.253003925599,730.124649667033
HPN,4.95902551856592,6.5485775069576,47.5781433672709,37.2352188960289,4.95902551856592,8.19359663085113,18.7140010952857,32.4544127401083,77.4965728843289,291.343561360973,42.4112988393409,125.103478484211,156.35684467627,191.10645192627
SNORA10,10.909856140845,11.3111793301995,6.26028202200933,7.97897547772048,10.909856140845,77.2539110908821,7.19769272895603,48.6816191101624,4.49255494981617,1.17477242484263,3.39290390714727,100.423200415897,71.2722012835294,11.4337193460162
EDN1,155.71340128297,39.8867902696508,87.6439483081306,161.352615216125,155.71340128297,2468.61361349501,2214.01028342688,368.154744520603,131.407232282123,91.6322491377253,358.799588180824,1215.29093384662,1542.5735347567,5542.08710586184
SH3D19,38.6803990448142,8.92987841857854,16.2767332572243,7.97897547772048,38.6803990448142,17.5577070661096,15.8349240037033,7.09940278689869,37.0635783359834,11.7477242484263,13.5716156285891,5.95730849924814,9.39246063426356,3.26677695600462
LINC01420,13.8852714519846,47.0306930045137,10.0164512352149,7.97897547772048,13.8852714519846,16.3871932617023,15.8349240037033,9.12780358315546,34.8173008610753,10.5729518235837,14.4198416053759,16.1698373551021,44.1998147494756,9.80033086801386
EGR3,9268.4186941997,13226.3405883706,11378.6886032042,22757.8111681205,9268.4186941997,34826.2972225305,29262.9395588436,33058.8761773928,31245.7196759714,18468.597290951,52541.6616801058,58997.7792002683,25115.9922337051,37595.7025981792
SNORD97,18.8442969705505,16.6691063813466,42.5699177496634,23.9369264331614,18.8442969705505,4.68205521762922,15.8349240037033,10.1420039812838,10.1082486370864,51.6899866930758,10.1787117214418,1.70208814264233,9.39246063426356,6.53355391200924
SDHAF3,46.6148398745196,42.863416409177,112.685076396168,117.024973673234,46.6148398745196,117.05138044073,272.072785154538,181.541871264981,61.7726305599723,115.127697634578,115.358732843007,81.7002308468316,45.3048101182125,158.438682366224
HSP90AB4P,223.156148335466,242.892692985336,309.257931887261,364.373213482569,223.156148335466,353.495168931006,401.631254275747,400.609157260712,360.527534722747,453.462155989256,391.88040127551,540.412985288938,622.664890283237,658.255556634931
EIF3I,999.739544542889,996.574431513365,1320.91950664397,1471.677699224,999.739544542889,2312.93527750883,3312.37819386557,3386.41512935067,810.906168441818,1251.1326324574,1318.9913939035,1531.02828430677,1473.51132421064,2188.7405605231
VSIG8,40.6640092522405,52.3886200556608,143.986486506215,143.621558598969,40.6640092522405,19.8987346749242,53.2629261942746,92.2922362296829,35.9404395985293,142.147463405959,120.448088703728,38.2969832094523,13.8124421092111,58.8019852080832
MACF1,4268.72916638154,2478.9342489974,1943.1915396317,1110.85069706486,4268.72916638154,4651.62185871463,1914.5862659023,991.88798936956,3932.1087198266,2044.10401922618,996.66552272451,2762.48905550849,2780.16834774201,1989.46716620681
LINC00202-2,37.688593941101,39.2914650417456,26.2931844924392,47.8738528663229,37.688593941101,17.5577070661096,27.3512323700329,26.369210351338,22.4627747490808,24.6702209216953,33.9290390714727,13.6167051411386,14.3649397935796,17.9672732580254
PATL2,222.164343231753,499.477866212493,424.447121092233,404.268090871171,222.164343231753,176.747584465503,378.598637543087,289.047113466589,189.810446629733,469.908969937053,360.496040134397,376.161479523954,364.095973998805,419.780838846594
DUSP13,25.7869326965428,72.0343525765336,77.6274970729157,72.6973321303421,25.7869326965428,14.0461656528877,41.746617827945,29.4118115457231,16.8470810618106,42.2918072943348,40.7148468857672,15.3187932837809,18.7849212685271,22.8674386920323
BCAT1,716.083284880919,197.647975664538,454.496474797877,36.3486660651711,716.083284880919,455.329869914442,315.258941528274,30.4260119438515,590.770975900826,382.975810498698,36.4737170018332,34.0417628528465,139.229416460848,316.877364732448
LOC100289650,0.991805103713184,0.0,1.25205640440187,4.43276415428916,0.991805103713184,0.0,40.3070792821538,200.81167882942,0.0,0.0,5.0893558607209,8.51044071321163,5.52497684368445,57.1685967300809
ID3,16.8606867631241,41.6727659533665,45.0740305584672,80.6763076080626,16.8606867631241,67.8898006556237,253.358784059252,150.101658923001,12.3545261119945,21.1459036471674,25.4467793036045,83.402318989474,50.8297869618969,63.7021506420901
FOSL1,260.844742276567,243.488018213242,534.628084679597,1660.51345219672,260.844742276567,1282.88312963041,3977.4450020211,2637.93523553193,880.540770163969,1894.90792127117,4943.46099271357,3591.40598097531,2511.10197545458,10203.7778220804
GREB1L,23.8033224891164,13.6924802418204,23.7890716836355,17.7310566171566,23.8033224891164,11.705138044073,27.3512323700329,7.09940278689869,20.2164972741728,23.4954484968526,10.1787117214418,7.65939664189047,7.18246989678978,11.4337193460162
PNPLA1,202.328241157489,260.752449822493,418.186839070223,292.562434183084,202.328241157489,148.655253159728,228.886628780802,239.351293958299,1367.98298221902,3782.76720799328,1292.69638862311,702.111358839959,650.842272186028,1577.85326975023
PRSS8,5.9508306222791,9.52520364648378,17.5287896616261,41.6679830503181,5.9508306222791,40.9679831542557,54.7024647400658,73.0224286652437,12.3545261119945,15.2720415229542,41.5630728625541,55.3178646358756,52.4872800150023,34.3011580380485
CALB1,31.7377633188219,8.92987841857854,25.0411280880373,6.20586981600482,31.7377633188219,3.51154141322191,1.43953854579121,5.07100199064192,14.6008035869025,14.0972690981116,1.69645195357363,0.851044071321163,1.65749305310533,3.26677695600462
TET2,20211.996208571,18315.1806365046,24357.5052912339,29407.8439523851,20211.996208571,22272.5366702622,32416.9685126722,27531.4840075931,16003.6038699826,22777.6625452738,27971.0998105221,22347.5662688224,15573.2522292934,28594.0986959084
MED28,994.780519024323,1070.99008500152,1377.26204484205,771.300962846313,994.780519024323,829.894287324779,1541.74578254238,587.222030516334,735.655873032397,1034.97450628636,621.749640984737,617.006951707843,391.168360532859,705.623822496998
OR52W1,0.0,1.78597568371571,2.50411280880373,1.77310566171566,0.0,3.51154141322191,4.31861563737362,3.04260119438515,3.36941621236213,11.7477242484263,15.2680675821627,7.65939664189047,1.10499536873689,19.6006617360277
MIR197,10.909856140845,12.50182978601,26.2931844924392,21.2772679405879,10.909856140845,4.68205521762922,33.1093865531978,6.0852023887703,4.49255494981617,17.6215863726395,11.8751636750154,4.25522035660581,0.552497684368445,14.7004963020208
RHOB,5134.57502192315,6526.5504735251,8031.94183423797,3610.04312725309,5134.57502192315,5327.00832385764,7527.34705594222,4397.57292628467,1205.12786528819,921.021581076624,2319.04982053516,4549.68160528294,2542.04184577921,3655.52341376917
SLED1,69.4263572599229,35.1241884464089,78.8795534773176,146.281217091542,69.4263572599229,176.747584465503,210.172627685516,278.905109485306,283.030961838419,254.925616190851,197.636652591328,136.167051411386,127.626965089111,524.317701438742
SAMSN1-AS1,18.8442969705505,3.57195136743142,6.26028202200933,10.638633970294,18.8442969705505,10.5346242396657,31.6698480074065,19.2698075644393,26.955329698897,48.1656694185479,47.5006547000618,40.8501154234158,33.7023587464751,98.0033086801386
TEDDM1,59.508306222791,36.3148389022194,83.887779094925,211.886126575022,59.508306222791,91.3000767437698,83.49323565589,188.641274051879,185.317891679917,93.9817939874106,447.86331574344,149.783756552525,90.609620236425,158.438682366224
GDPD2,7.93444082970547,14.8831306976309,17.5287896616261,22.1638207714458,7.93444082970547,5.85256902203652,15.8349240037033,35.4970139344934,21.3396360116268,44.64135214402,59.3758183750772,79.9981427041893,71.2722012835294,37.5679349940531
CETP,56.5328909116515,64.2951246137655,45.0740305584672,46.1007472046072,56.5328909116515,97.1526457658063,84.9327742016812,50.7100199064192,16.8470810618106,17.6215863726395,16.1162935589495,76.5939664189047,89.504624867688,58.8019852080832
TAF1A,113.065781823303,112.51646807409,128.961809653392,121.457737827523,113.065781823303,202.498888162464,185.700472407066,195.740676838778,179.702197992647,171.516774027024,157.770031682348,212.761017830291,249.176455650169,253.175214090358
MIR7845,0.0,1.78597568371571,1.25205640440187,1.77310566171566,0.0,33.9449003278118,10.0767698205384,16.2272063700541,10.1082486370864,1.17477242484263,4.24112988393409,29.7865424962407,12.7074467404742,9.80033086801386
TSFM,48.598450081946,51.1979695998503,103.920681565355,34.5755604034554,48.598450081946,18.7282208705169,33.1093865531978,19.2698075644393,23.5859134865349,24.6702209216953,14.4198416053759,29.7865424962407,38.6748379057911,17.9672732580254
ZYG11A,263.820157587707,224.437610920274,309.257931887261,336.003522895118,263.820157587707,334.766948060489,368.521867722549,478.702587916597,525.628929128492,439.364886891145,529.293009514974,465.521107012676,730.401938735084,744.825145969054
ARRDC4,939.239433216385,781.662024239575,2117.22737984356,515.0871947284,939.239433216385,1110.81760038253,4298.46209773254,742.394691429977,345.926731135845,997.381788691395,320.629419225417,159.145241337057,216.57909227243,1316.51111326986
PPP1R26-AS1,68.4345521562097,77.9876048555859,92.6521739257381,82.4494132697783,68.4345521562097,71.4013420688456,123.800314938044,109.533642997865,131.407232282123,124.525877033319,96.6977613536972,171.059858335554,188.954208054008,245.008271700347
ISCA2,66.4509419487833,86.9174832741645,33.8055229188504,73.5838849612,66.4509419487833,59.6962040247725,54.7024647400658,92.2922362296829,50.5412431854319,42.2918072943348,71.2509820500927,74.8918782762623,64.642229071108,34.3011580380485
ZNF322,359.033447544172,303.020541003765,384.381316151373,170.218143524704,359.033447544172,292.628451101826,306.621710253527,127.789250164176,256.075632139522,227.905850419471,111.96582893586,197.44222454651,161.329323835586,137.204632152194
FBXW2,3869.03170958513,2650.98323986202,5793.26498316743,3325.45966854772,3869.03170958513,1947.73497053376,2729.36508282013,1827.58911742735,2691.04041493988,3892.02104350364,1848.28440341848,1347.2027649014,1212.17991950437,2572.58685285364
TLR1,8144.70351169266,7648.73852812647,18867.2379579317,12278.756707381,8144.70351169266,11823.3599383182,45192.8731065691,20534.5154609054,3506.43913833152,5304.09749816449,8248.14939827501,7127.49409731474,4219.97731320618,12701.228804946
LSMEM2,2.97541531113955,10.120528874389,38.8137485364578,45.2141943737494,2.97541531113955,12.8756518484804,41.746617827945,89.2496350352978,1.12313873745404,35.243172745279,49.1971066536354,38.2969832094523,93.9246063426356,81.6694239001155
ENO3,11.9016612445582,14.2878054697257,7.5123384264112,7.09242264686265,11.9016612445582,23.4102760881461,15.8349240037033,14.1988055737974,28.078468436351,38.7674900198069,25.4467793036045,239.143384041247,357.466001786384,241.741494744342
ZNF92,356.058032233033,204.791878399401,160.263219763439,166.671932201272,356.058032233033,193.134777727205,126.679392029626,111.562043794122,201.041834004273,125.700649458162,117.055184796581,102.976332629861,170.169286785481,86.5695893341225
CISD1,126.951053275287,73.8203282602493,217.857814365925,157.806403892694,126.951053275287,204.839915771278,397.312638638373,138.945454543589,133.653509757031,191.487905249349,124.689218587662,40.8501154234158,22.0999073747378,200.906782794284
SCARNA10,97.196900163892,155.975209711172,138.978260888607,32.8024547417398,97.196900163892,23.4102760881461,95.0095440222196,23.3266091569528,49.4181044479778,95.1565664122532,19.5091974660968,31.488630638883,48.0672985400547,91.4697547681294
CLEC5A,419.533558870677,169.072364725087,310.509988291663,303.201068153378,419.533558870677,642.61207861961,2569.5763042373,554.767617776226,458.240604881249,653.173468212504,264.646504757487,212.761017830291,180.114245104113,1030.66812961946
NFKBID,3494.12938038155,6442.60961639046,4045.39424262243,5105.65775291025,3494.12938038155,2199.39543848133,2902.10970831507,1861.05773056558,25020.1616542637,49811.5255857525,17767.7895357535,14955.3974653268,11606.8713532123,24265.6192292023
HNRNPU-AS1,858.903219815617,713.794948258378,1083.02878980761,685.305338253104,858.903219815617,3290.31430418893,2431.38060384135,1012.17199733213,932.205152086855,1020.87723718825,462.283157348816,1126.78235042922,1253.617245832,1798.36071428054
IRAK2,318.369438291932,408.988431570897,1280.85370170311,542.570332484993,318.369438291932,452.988842305627,3608.92313429855,569.980623748152,1488.15882712661,7757.0223212359,836.350813111802,1152.31367256885,1843.6847727375,9522.65482675347
DMWD,25.7869326965428,80.3689057672069,80.1316098817194,100.180469886935,25.7869326965428,18.7282208705169,105.086313842758,88.2354346371694,93.2205152086855,330.11105138078,167.100517427003,61.2751731351237,125.969472036005,102.903474114146
ZFP36,10186.8302202381,17777.0066304783,16723.7173935957,33975.3641369647,10186.8302202381,118570.707358851,122614.135176312,255668.764163786,92076.0368352198,85664.4052195248,392823.628561697,805698.741113029,644917.287018861,586878.113534708
GPHN,19.8361020742637,19.0504072929676,11.2685076396168,1.77310566171566,19.8361020742637,9.36411043525844,5.75815418316483,12.1704047775406,12.3545261119945,7.0486345490558,8.48225976786818,7.65939664189047,37.0173448526858,6.53355391200924
SERPINB9,1405.38783196158,1436.51977493533,2971.12984764563,1573.63127477265,1405.38783196158,1924.32469444561,4512.95334105543,1248.48069009604,4915.97825383634,13763.6337294563,2323.29095041909,2013.57027274587,2501.15701713595,7632.8243577048
ZBTB42,38.6803990448142,20.241057748778,6.26028202200933,26.5965849257349,38.6803990448142,23.4102760881461,10.0767698205384,27.3834107494664,8.98510989963233,7.0486345490558,22.0538753964573,32.3396747102042,26.5198888496853,6.53355391200924
HDAC7,3549.67046618948,4806.65589010688,3167.70270313672,6582.6547691194,3549.67046618948,2976.61660460778,2654.50907843898,6176.48042460186,2975.19451551576,2793.60882627578,6410.89193255477,6890.90384548746,3127.1368935254,2701.62454261582
PRUNE2,416.558143559537,118.469720353142,950.310810941016,187.94920014186,416.558143559537,400.315721107298,816.218355463614,210.953682810704,584.032143476102,841.137056187325,220.538753964573,26.382366210956,124.3119789829,718.690930321017
ZNF614,71.4099674673492,44.6493920928927,17.5287896616261,15.0713981245831,71.4099674673492,58.5256902203652,14.3953854579121,17.2414067681825,85.3585440465072,15.2720415229542,11.8751636750154,20.4250577117079,39.779833274528,6.53355391200924
LINC01502,266.795572898846,291.709361673566,419.438895474625,409.587407856318,266.795572898846,470.546549371737,408.828947004703,439.14877238959,518.890096703767,472.258514786738,541.16817318999,503.818090222128,645.869793026712,721.957707277021
AMDHD1,45.6230347708064,17.8597568371571,42.5699177496634,13.2982924628675,45.6230347708064,24.5807898925534,7.19769272895603,10.1420039812838,20.2164972741728,17.6215863726395,8.48225976786818,6.8083525705693,6.62997221242134,4.90016543400693
TP53INP2,15134.9458826632,17584.121256637,24202.2502970881,24501.6605864179,15134.9458826632,70881.6339396887,212521.954592247,95588.3875236002,20428.7704955516,32874.8315367962,20873.9930627468,59824.9940375925,38195.8224134437,126762.379612325
SERPINB1,12480.8754251267,7160.57184124418,17265.8578167017,13058.036645705,12480.8754251267,42693.320501952,50058.5133913434,29163.3324481817,20810.6376662859,33372.9350449295,16585.3625241126,26021.5235247159,24750.2387666532,50656.2768682857
RHOH,422.508974181816,324.452249208354,148.994712123822,160.466062385267,422.508974181816,8739.05606370494,17657.3798026749,4992.90855998603,716.562514495679,529.822363604027,337.593938761153,12637.1534150479,11627.3137675339,32997.7140326027
LOC285847,1.98361020742637,10.120528874389,17.5287896616261,15.0713981245831,1.98361020742637,52.6731211983287,40.3070792821538,30.4260119438515,21.3396360116268,19.9711312223248,23.7503273500309,44.2542917087005,32.0448656933698,29.4009926040416
MIR6807,0.0,1.78597568371571,3.7561692132056,7.97897547772048,0.0,2.34102760881461,2.87907709158241,13.184605175669,3.36941621236213,1.17477242484263,16.9645195357364,17.0208814264233,13.2599444248427,14.7004963020208
SLC11A2,195.385605431497,225.628261376084,244.150998858364,284.583458705364,195.385605431497,454.159356110034,359.884636447802,336.714532178623,608.741195700091,899.875677429456,400.362661043378,552.327602287435,565.205131108919,635.388117942899
C2orf61,246.959470824583,191.694723385486,242.898942453962,65.6049094834795,246.959470824583,103.005214787843,71.9769272895603,22.3124087588244,119.052706170128,59.9133936669743,8.48225976786818,25.5313221396349,19.3374189528956,22.8674386920323
SARM1,14.8770765556978,33.9335379905985,18.780846066028,27.4831377565928,14.8770765556978,16.3871932617023,35.9884636447802,26.369210351338,21.3396360116268,37.5927175949642,33.9290390714727,49.3605561366274,71.8246989678978,45.7348773840647
NSUN4,337.213735262482,757.25368989546,414.430669857018,442.389862598058,337.213735262482,463.523466545293,444.817410649483,322.515726604826,523.382651653583,704.86345490558,411.389598741606,1799.95821084426,1163.56012327994,627.221175552887
LOC613266,19.8361020742637,38.1008145859351,52.5863689848784,35.4621132343132,19.8361020742637,30.4333589145899,37.4280021905714,44.6248175176489,66.2651855097885,113.952925209735,47.5006547000618,58.7220409211602,55.2497684368445,68.602316076097
ASTL,14.8770765556978,40.482115497556,102.668625160953,101.953575548651,14.8770765556978,21.0692484793315,59.0210803774395,67.9514266746017,327.95651133658,1206.49128031338,259.557148896766,144.677492124598,136.466928039006,248.275048656351
BMF,374.902329203583,512.575021226408,416.934782665821,437.957098443769,374.902329203583,251.660467947571,223.128474597637,381.339349696272,803.04419727964,1987.71494283373,430.898796207703,405.096977948874,355.808508733278,601.08695990485
LIPN,2235.52870376952,637.593319086508,2683.1568746332,3018.71238907091,2235.52870376952,1696.07450258618,2352.20598382283,1784.99270070596,1619.56605940873,2989.7958212245,1653.19242875751,627.219480563697,254.148934809485,1801.62749123655
PRR7,363.992473062738,529.83945283566,445.732079967064,756.22956472173,363.992473062738,364.029793170672,339.731096806725,718.053881874896,852.462301727618,1296.94875702627,1381.76011618573,915.723420741571,559.680154265235,744.825145969054
ATP6V0D2,13.8852714519846,19.6457325208728,30.0493537056448,39.0083245577446,13.8852714519846,30.4333589145899,44.6256949195274,31.4402123419799,20.2164972741728,50.5152142682332,24.5985533268177,39.1480272807735,44.752312433844,80.0360354221132
NR4A1,587.148621398205,514.360996910124,271.696239755205,1032.83404794937,587.148621398205,311.356671972343,253.358784059252,765.72130058693,1512.86787935059,1265.22990155552,2089.18058082593,1374.43617518368,1477.93130568559,388.74645776455
PLEKHG2,510.77962841229,610.208358602867,1238.28378395345,1150.74557445346,510.77962841229,845.110966782074,1360.36392577269,1706.89927005007,628.957692974263,1433.22235830801,1964.49136223827,1724.21528849668,9536.11003219936,1992.73394316282
ZFP92,20.8279071779769,18.4550820650623,36.3096357276541,23.0503736023036,20.8279071779769,11.705138044073,44.6256949195274,8.11360318502707,2.24627747490808,32.8936278955937,5.0893558607209,10.212528855854,6.07747452805289,6.53355391200924
DNAJC3-AS1,358.041642440459,243.488018213242,652.321386693372,373.238741791147,358.041642440459,207.180943380093,299.424017524571,233.266091569528,1113.03048881696,2173.32898595887,526.748331584614,237.441295898604,153.594356254428,416.514061890589
TMEM92,75.377187882202,38.6961398138403,440.723854349457,125.003949150954,75.377187882202,181.429639683132,916.986053668999,86.2070338409126,24.7090522239889,122.176332183634,46.652428723275,83.402318989474,38.1223402214227,378.946126896536
MEI1,66.4509419487833,70.2483768928179,61.3507638156914,60.2855924983325,66.4509419487833,30.4333589145899,28.7907709158241,55.7810218970611,144.884897131571,269.022885288963,172.189873287724,128.507654769496,104.974560030005,133.937855196189
C18orf61,155.71340128297,130.376224911247,131.465922462196,166.671932201272,155.71340128297,174.406556856688,171.305086949154,171.399867283697,232.489718652987,185.614043125136,251.074889128898,331.056143743932,335.918592096014,338.111414946478
LRRC32,0.0,7.14390273486283,6.26028202200933,15.0713981245831,0.0,5.85256902203652,11.5163083663297,19.2698075644393,38.1867170734374,41.1170348694921,43.2595248161277,55.3178646358756,114.367020664268,114.337193460162
MRPL16,134.885494104993,145.854680836783,313.014101100466,152.487086907547,134.885494104993,67.8898006556237,185.700472407066,82.1502322483991,135.899787231939,332.460596230465,108.572925028713,74.0408342049412,87.2946341302143,132.304466718187
OASL,1498.61751171062,1624.04722172548,1920.65452435246,1637.46307859441,1498.61751171062,1102.62400375168,1072.45621661445,1287.02030522492,915.358071025044,859.933414984807,1227.38298841052,607.64546692331,582.332559324341,672.956052936952
LOC102723704,17.8524918668373,14.8831306976309,23.7890716836355,31.0293490800241,17.8524918668373,25.7513036969607,21.5930781868681,34.4828135363651,10.1082486370864,36.4179451701216,29.6879091875386,31.488630638883,25.9673911653169,19.6006617360277
TJP2,107.114951201024,109.539841934563,590.970622877681,416.679830503181,107.114951201024,80.765452504104,583.013111045439,396.552355668198,69.6346017221506,709.56254460495,485.18525872206,142.975403981955,107.184550767478,614.154067728869
AZIN1-AS1,0.0,1.19065045581047,1.25205640440187,0.886552830857831,0.0,5.85256902203652,10.0767698205384,4.05680159251354,21.3396360116268,32.8936278955937,57.6793664215036,28.9354984249195,33.1498610621067,27.7676041260393
GDF6,3.96722041485273,3.57195136743142,7.5123384264112,1.77310566171566,3.96722041485273,21.0692484793315,18.7140010952857,4.05680159251354,5.61569368727021,5.87386212421316,1.69645195357363,7.65939664189047,20.9949120060009,17.9672732580254
IRF1,31047.4669666375,38143.6780023443,33655.2761503222,35312.2858058983,31047.4669666375,67948.326345844,20497.589353521,60593.4027861803,40312.8187034379,37674.9516647032,54754.6832535426,152839.004768568,111048.719571951,41439.0656869186
XIST,53.5574756005119,2099.11675359386,1011.66157475671,787.258913801754,53.5574756005119,49.1615797851068,986.083903866976,651.116655598423,67.3883242472425,1113.68425875082,770.18918692243,85.1044071321163,2526.01941293253,1172.77292720566
ITPRIP,12885.5319074417,11792.7974395748,26618.7191575837,25509.6711551032,12885.5319074417,5685.18554800628,7132.91349439543,18066.965892259,24567.5367430697,49776.2824130072,40100.7312785736,12038.8694329092,8486.36443189931,16890.8702510219
ADCY2,6.94263572599229,14.8831306976309,18.780846066028,21.2772679405879,6.94263572599229,24.5807898925534,18.7140010952857,27.3834107494664,24.7090522239889,46.9908969937053,41.5630728625541,59.5730849924814,42.5423216963702,68.602316076097
IFITM2,114236.111845684,117463.025392754,199690.475938054,277908.602441835,114236.111845684,91255.5972192023,188789.722126334,270966.962969155,100105.355669279,162938.585780823,284483.9656766,149634.823840043,72529.686013152,171265.682083976
PLK3,3364.20291179512,4698.90202385603,4503.64688663351,8648.32286501814,3364.20291179512,4019.54440433468,7259.59288642505,6166.33842062057,6896.07184796782,19555.2617839305,9437.36221773013,8424.48526200819,5294.03281161844,13993.2390910458
KL,18.8442969705505,5.35792705114712,57.5945946024858,18.6176094480145,18.8442969705505,1.1705138044073,24.4721552784505,10.1420039812838,14.6008035869025,143.322235830801,16.9645195357364,0.851044071321163,1.65749305310533,29.4009926040416
LPAR1,84.3034338156206,86.3221580462592,2.50411280880373,178.197119002424,84.3034338156206,77.2539110908821,4.31861563737362,131.84605175669,97.7130701585016,2.34954484968527,178.975681102018,155.741065051773,66.8522198085818,3.26677695600462
CDKN1A,413.582728248398,528.64880237985,214.101645152719,1275.74952360442,413.582728248398,2351.56223305428,2919.38417086457,2319.47631051961,1243.31458236162,931.594532900208,1585.33435061456,5142.85932299379,3851.46135773243,4877.2979953149
SYAP1,14439.6905049602,8294.66640040365,14744.2162182364,17312.6036809917,14439.6905049602,10249.0188713904,12994.7144528572,6355.99389507058,12501.6572866009,16243.5783182991,7745.15139404043,6674.73865137188,3056.9696876106,11541.5229855643
IER2,4642.63969048141,7427.87286857363,7920.5088142462,19106.986610648,4642.63969048141,16950.2104016222,11779.7439202094,48149.163901145,8366.26045529516,9308.89669445302,38378.8325456963,42171.7868661776,25517.658050241,16175.4460976569
TBX19,64.4673317413569,70.2483768928179,87.6439483081306,63.8318038217638,64.4673317413569,28.0923313057753,64.7792345606043,45.6390179157773,49.4181044479778,56.3890763924464,57.6793664215036,39.9990713520947,31.4923680090014,39.2013234720554
CES3,74.3853827784888,144.664030380972,212.849588748317,199.474386943012,74.3853827784888,209.521970988908,185.700472407066,153.144260117386,138.146064706847,365.354224126059,206.118912359197,267.227838394845,270.723865340538,282.5762066944
RPL21P44,278.697234143405,216.698382957506,350.575793232522,203.020598266443,278.697234143405,142.802684137691,165.546932765989,156.186861311771,290.892933000597,243.177891942425,173.038099264511,131.060786983459,114.367020664268,155.17190541022
TMEM252,124.967443067861,356.599811515236,211.597532343915,74.4704377920578,124.967443067861,36.2859279366265,71.9769272895603,69.9798274708585,40.4329945483455,83.4088421638269,84.8225976786817,40.8501154234158,100.002080870689,52.2684312960739
IFNK,10.909856140845,41.6727659533665,242.898942453962,12.4117396320096,10.909856140845,17.5577070661096,74.8560043811427,8.11360318502707,30.3247459112591,223.2067607201,6.78580781429454,6.8083525705693,3.31498610621067,19.6006617360277
LOC101927692,64.4673317413569,62.5091489300498,70.1151586465045,67.3780151451952,64.4673317413569,120.562921853952,135.316623304373,139.959654941717,83.1122665715991,92.807021562568,79.7332418179608,206.803709331043,228.181543644168,238.474717788337
LINC01158,18.8442969705505,15.4784559255361,38.8137485364578,22.1638207714458,18.8442969705505,43.3090107630703,48.944310556901,21.2982083606961,32.5710233861672,34.0684003204363,26.2950052803913,65.5303934917295,35.9123494839489,68.602316076097
RGPD4,1159.42016624071,426.252863180149,2450.27438341445,457.461260722641,1159.42016624071,946.94566776551,1918.90488153968,347.870736558036,998.470337596643,2765.41428807956,385.094593461215,258.717397681633,277.906335237328,1786.92699493453
DCTN6,675.419275628678,350.051234008279,247.907168071569,379.444611607152,675.419275628678,249.319440338756,146.832931670703,162.272063700541,532.367761553216,230.255395269156,225.628109825293,232.335031470677,228.734041328536,163.338847800231
LINC01136,186.459359498078,203.005902715686,2283.750881629,302.31451532252,186.459359498078,971.526457658063,6525.42822807154,734.28108824495,431.285275182352,3774.54380101938,560.677370656086,1637.40879322192,1175.71507233605,9403.4174678593
PEX12,94.2214848527524,63.6997993858603,88.8960047125325,18.6176094480145,94.2214848527524,37.4564417410338,38.8675407363626,10.1420039812838,31.4478846487132,29.3693106210658,20.3574234428836,44.2542917087005,53.0397776993707,19.6006617360277
ERG,135.877299208706,8.92987841857854,1.25205640440187,3.54621132343132,135.877299208706,104.17572859225,12.9558469121209,5.07100199064192,123.545261119945,4.69908969937053,4.24112988393409,10.212528855854,9.39246063426356,0.0
QTRTD1,394.738431277847,344.097981729226,410.674500643812,434.410887120337,394.738431277847,354.665682735413,375.719560451505,416.836363630766,423.423304020174,360.655134426688,401.210887020165,316.588394531473,439.788156757282,488.383154922691
LINC01191,8.92624593341865,11.3111793301995,41.3178613452616,9.75208113943614,8.92624593341865,15.216679457295,35.9884636447802,6.0852023887703,12.3545261119945,35.243172745279,11.0269376982286,13.6167051411386,11.6024513717373,32.6677695600462
JMJD6,3043.84986329576,2732.54279608503,4072.93948351927,9752.08113943614,3043.84986329576,4849.43869165946,5850.28465009546,7300.21446572811,3175.11321078258,4047.09100358287,7948.72562846927,3024.61062947541,2339.82769330036,4364.41401322217
PPAP2B,24.7951275928296,22.622358660399,138.978260888607,31.0293490800241,24.7951275928296,15.216679457295,67.6583116521867,30.4260119438515,21.3396360116268,35.243172745279,26.2950052803913,14.4677492124598,9.39246063426356,37.5679349940531
NFKBIB,915.436110727268,959.664267383241,893.968272742932,1180.88837070263,915.436110727268,950.457209178732,983.204826775394,1197.77067018962,2993.16473531502,2765.41428807956,2419.140485796,2666.3210754492,2506.12949629527,3470.95051575491
KCNRG,36.6967888373878,69.6530516649126,120.197414822579,64.7183566526217,36.6967888373878,107.687270005472,125.239853483835,106.49104180348,102.205625108318,187.963587974821,94.1530834233367,146.37958026724,117.12950908611,194.373228882275
PRC1,61.4919164302174,47.6260182324189,32.5534665144485,39.0083245577446,61.4919164302174,83.1064801129186,43.1861563737362,41.5822163232637,81.989127834145,32.8936278955937,29.6879091875386,47.6584679939851,62.9847360180027,44.1014889060624
CHST2,278.697234143405,370.292291757057,739.965335001503,727.859874134279,278.697234143405,70.2308282644383,420.345255371032,513.185401452962,163.97825566829,700.164365206209,741.349503711678,137.018095482707,143.649397935796,334.844637990474
ZSCAN31,7.93444082970547,7.14390273486283,3.7561692132056,5.31931698514699,7.93444082970547,26.921817501368,27.3512323700329,67.9514266746017,5.61569368727021,1.17477242484263,3.39290390714727,51.0626442792698,138.124421092111,65.3355391200924
DDX27,1701.93755797182,1187.67382967095,1183.19330215976,1058.54408004425,1701.93755797182,1802.59125878725,1118.52145007977,705.883477097355,1382.58378580593,969.187250495172,649.741098218702,692.749874055427,676.257165666976,659.888945112933
SLC23A1,100.172315475032,101.800613971795,155.254994145831,119.684632165807,100.172315475032,50.3320935895141,51.8233876484834,51.7242203045476,52.78752066034,82.2340697389843,72.0992080268795,28.0844543535984,30.3873726402645,22.8674386920323
PITRM1-AS1,17.8524918668373,13.0971550139152,2.50411280880373,14.1848452937253,17.8524918668373,66.7192868512164,241.842475692923,41.5822163232637,23.5859134865349,18.7963587974821,5.93758183750772,22.9781899256714,41.9898240120018,133.937855196189
PPAPDC2,37.688593941101,63.6997993858603,70.1151586465045,37.2352188960289,37.688593941101,32.7743865234045,53.2629261942746,51.7242203045476,52.78752066034,156.24473250407,128.082122494809,46.807423922664,63.5372337023711,62.0687621640878
FXR2,448.295906878359,586.990674714563,354.331962445728,416.679830503181,448.295906878359,412.020859151371,302.303094616153,537.526211008043,420.053887807812,264.323795589592,550.498658934645,585.51832106896,488.960450666074,336.478026468476
KCNJ2,2539.02106550575,2337.24684475596,4251.98354934874,1384.79552179993,2539.02106550575,2712.08048481173,6099.32481851734,2722.11386857658,48612.8139732233,78991.6978464186,36578.8970229547,34647.7062316272,39674.858714498,71359.475826965
NDUFS7,118.024807341869,161.928461990224,61.3507638156914,113.478762349802,118.024807341869,127.586004680396,59.0210803774395,90.2638354334262,89.8510989963233,70.486345490558,138.260834216251,114.039905557036,139.781914145217,57.1685967300809
SLC16A6,1150.49392030729,785.233975607006,1925.66274997007,907.830098798419,1150.49392030729,571.210736550765,391.554484455208,842.800530844687,872.67879900179,1763.33340968879,919.47695883691,577.007880355748,470.728027081915,395.280011676559
SNORD10,17.8524918668373,32.742887534788,10.0164512352149,37.2352188960289,17.8524918668373,39.7974693498484,79.1746200185164,69.9798274708585,13.4776648494485,15.2720415229542,29.6879091875386,82.5512749181528,72.9296943366347,107.803639548152
CENPJ,58.5165011190778,38.6961398138403,13.7726204484205,15.957950955441,58.5165011190778,44.4795245674776,15.8349240037033,11.1562043794122,46.0486882356157,22.32067607201,13.5716156285891,14.4677492124598,29.2823772715276,11.4337193460162
PCGF2,0.991805103713184,0.0,0.0,2.65965849257349,0.991805103713184,1.1705138044073,1.43953854579121,3.04260119438515,0.0,1.17477242484263,1.69645195357363,12.7656610698174,14.917437477948,9.80033086801386
OPA3,1066.19048649167,1179.93460170818,2078.4136313071,2437.13373202818,1066.19048649167,2212.27109032981,2989.92155960834,2210.95686791988,1987.95556529365,3880.27331925522,2658.34021124989,3198.22362002493,3661.95465199405,5174.57469831132
HIST1H2BG,0.991805103713184,13.0971550139152,30.0493537056448,36.3486660651711,0.991805103713184,11.705138044073,28.7907709158241,41.5822163232637,11.2313873745404,29.3693106210658,39.0183949321936,44.2542917087005,13.2599444248427,29.4009926040416
ECE2,1.98361020742637,5.35792705114712,1.25205640440187,0.0,1.98361020742637,71.4013420688456,57.5815418316483,21.2982083606961,3.36941621236213,0.0,0.848225976786817,74.0408342049412,36.4648471683174,49.0016543400693
SLC35G6,0.0,1.19065045581047,0.0,1.77310566171566,0.0,10.5346242396657,7.19769272895603,3.04260119438515,5.61569368727021,1.17477242484263,5.0893558607209,13.6167051411386,11.6024513717373,4.90016543400693
LINC00269,82.3198236081942,97.6333373764587,154.00293774143,121.457737827523,82.3198236081942,125.244977071582,200.095857864978,161.257863302413,161.731978193382,198.536539798405,166.252291450216,212.761017830291,198.89916637264,289.109760606409
ICAM1,7767.81757228165,11380.8323818644,9253.94888493419,14638.7603431245,7767.81757228165,95400.3866006086,99830.5586120744,65158.3187781562,89097.4729034917,121767.511379789,65572.1091355049,387624.192120579,354653.236075264,492502.560664213
ZC3H12C,102.155925682458,28.5756109394513,51.3343125804765,44.3276415428916,102.155925682458,62.0372316335872,41.746617827945,28.3976111475948,289.769794263143,385.325355348383,74.64388595724,130.209742912138,125.416974351637,99.636697158141
LYSMD1,487.968111026886,321.475623068827,588.466510068877,189.722305803576,487.968111026886,246.978412729941,249.040168421879,198.783278033163,436.900968869622,478.132376910951,151.83244984484,198.293268617831,127.626965089111,147.004963020208
NUDT16P1,89.2624593341865,58.3418723347131,120.197414822579,101.067022717793,89.2624593341865,225.90916425061,450.575564832648,163.28626409867,55.033798135248,92.807021562568,97.545987330484,172.761946478196,49.1722939087916,212.3405021403
REL,5530.30525830471,6675.38178050141,9135.00352651601,4857.42296027006,5530.30525830471,4261.840761847,6688.09608374595,3333.676708648,19761.6260855039,43070.6814120054,7469.47795158471,12054.188226193,13041.1553418328,22254.9180127815
KCNK7,104.139535889884,218.484358641222,328.038777953289,485.830951310091,104.139535889884,177.91809826991,308.061248799318,433.06357000082,183.071614205009,392.373989897439,494.515744466715,411.054286448122,416.030756329439,460.615550796652
LINC01448,62.4837215339306,54.7699209672817,76.3754406685138,74.4704377920578,62.4837215339306,88.9590491349552,95.0095440222196,122.718248173534,69.6346017221506,112.778152784893,95.8495353769104,97.8700682019337,135.361932670269,163.338847800231
NOP9,211.254487090908,331.596151943217,446.984136371466,252.667556794482,211.254487090908,139.291142724469,126.679392029626,183.570272061237,153.870007031204,173.86631887671,185.761488916313,148.932712481204,184.534226579061,106.17025107015
MRPL40,70.418162363636,41.0774407254613,37.561692132056,27.4831377565928,70.418162363636,23.4102760881461,8.63723127474724,12.1704047775406,32.5710233861672,5.87386212421316,18.66097148931,10.212528855854,28.7298795871591,4.90016543400693
LOC100996291,239.025029994877,242.297367757431,302.997649865252,298.768303999089,239.025029994877,254.001495556385,326.775249894604,338.74293297488,416.68447159545,476.957604486109,508.087360095304,438.287696730399,824.32654507772,1135.20499221161
LRRC17,94.2214848527524,126.804273543815,227.87426560114,142.735005768111,94.2214848527524,43.3090107630703,149.712008762285,78.0934306558856,60.6494918225183,238.478802243054,72.0992080268795,67.2324816343719,39.779833274528,145.371574542206
BHMT2,192.410190120358,203.601227943591,300.493537056448,357.280790835706,192.410190120358,291.457937297419,309.500787345109,309.331121429157,335.818482498758,442.889204165672,468.220739186323,437.436652659078,425.423216963702,602.720348382853
SLC7A5,1653.33910788988,2063.99256514745,1746.6186841406,5895.57632520458,1653.33910788988,2269.62626674576,4715.92827601199,4118.66781679937,7373.40581138578,15862.9520526501,7926.67175307281,10112.1056554381,8662.61119321285,22194.4826390954
RIPK4,45.6230347708064,100.01463828808,101.416568756551,80.6763076080626,45.6230347708064,23.4102760881461,60.4606189232307,28.3976111475948,11.2313873745404,38.7674900198069,55.1346884911431,7.65939664189047,16.0224328466849,22.8674386920323
HSF2,138.852714519846,132.757525822868,100.164512352149,28.3696905874506,138.852714519846,69.060314460031,51.8233876484834,17.2414067681825,92.0973764712314,68.1368006408727,22.9021013732441,32.3396747102042,77.9021734959507,50.6350428180716
IGF2BP3,18.8442969705505,23.8130091162094,15.0246768528224,39.8948773886024,18.8442969705505,15.216679457295,31.6698480074065,28.3976111475948,19.0933585367187,18.7963587974821,24.5985533268177,17.8719254977444,14.917437477948,34.3011580380485
RAB13,80.3362134007679,39.2914650417456,35.0575793232522,32.8024547417398,80.3362134007679,140.461656528877,148.272470216494,81.1360318502707,148.254313343934,105.729518235837,64.4651742357981,136.167051411386,104.422062345636,264.608933436374
LOC100130264,16.8606867631241,2.97662613952618,5.00822561760746,4.43276415428916,16.8606867631241,11.705138044073,4.31861563737362,4.05680159251354,5.61569368727021,4.69908969937053,1.69645195357363,1.70208814264233,1.10499536873689,0.0
LOC101929762,66.4509419487833,86.3221580462592,167.77555818985,139.18879444468,66.4509419487833,117.05138044073,175.623702586527,144.01645653423,115.683289957766,207.934719197146,163.707613519856,180.421343120087,175.141765944797,320.144141688453
C7orf65,44.6312296670933,73.225003032344,87.6439483081306,113.478762349802,44.6312296670933,64.3782592424018,97.888621113802,109.533642997865,94.3436539461395,93.9817939874106,89.9119535394026,133.613919197423,123.759481298532,215.607279096305
LUCAT1,4347.08176957488,4597.10140988423,10817.7673340321,6329.98721232491,4347.08176957488,12173.343565836,24777.3374501582,12645.0505638647,5319.18506058234,13269.0545385975,5528.73691669648,11321.4392807854,15824.638675681,42250.8597604858
NOP10,3056.74332964403,2916.49829150775,4076.69565273248,5316.65732665441,3056.74332964403,3495.15421996021,5912.18480756448,5681.55063031521,3060.55305956226,3451.48138418765,5104.62392830307,3335.24171550764,1820.47986999403,4700.89203969065
IER3,2745.31652707809,5631.77665598353,6640.9071689475,9964.85381884202,2745.31652707809,6949.34045676617,25584.9185743471,27267.7919040797,20970.1233670044,33179.0975948305,74495.4464113022,65143.1684392784,61298.5130853102,60376.5717008774
IKBKE,127.942858379001,97.0380121485535,91.4001175213362,40.7814302194602,127.942858379001,62.0372316335872,35.9884636447802,22.3124087588244,245.967383502435,348.907410178262,47.5006547000618,58.7220409211602,134.256937301532,73.502481510104
KIAA0226L,14971.2980405505,15565.3734088103,27685.4712141341,23299.4949477747,14971.2980405505,6759.71722045219,9344.04470073072,8947.2759122886,12398.3285227552,32238.1048825315,13508.8469063069,7044.94282239659,4877.44955760463,11569.2905896904
LOC102723604,1.98361020742637,13.0971550139152,8.76439483081306,5.31931698514699,1.98361020742637,9.36411043525844,56.1420032858571,47.667418712034,15.7239423243566,45.8161245688627,14.4198416053759,14.4677492124598,34.807354115212,93.1031432461317
MTRR,179.516723772086,170.858340408803,92.6521739257381,90.4283887474988,179.516723772086,460.011925132071,554.222340129615,172.414067681825,139.269203444301,58.7386212421316,78.0367898643872,163.400461693663,207.186631638167,245.008271700347
LRRC28,85.2952389193338,123.232322176384,67.6110458377008,93.9746000709301,85.2952389193338,84.276993917326,59.0210803774395,79.107631054014,77.4965728843289,59.9133936669743,83.9743717018949,92.7638037740067,106.63205308311,45.7348773840647
SASH3,9954.74782596922,10159.8203394308,15754.6257365887,11722.8880824331,9954.74782596922,3985.59950400687,5186.65738048572,7603.4603847685,7507.05932114281,15603.3273467598,8986.10599807954,5091.79667871452,3180.17667122477,4478.75120668234
F3,88.2706542304733,91.6800850974064,103.920681565355,148.054322753258,88.2706542304733,154.507822181764,221.688936051846,246.450696745197,628.957692974263,519.249411780444,332.504582900432,518.285839434588,1551.96599539096,4594.7217886205
TULP2,20.8279071779769,41.6727659533665,18.780846066028,52.306617020612,20.8279071779769,118.221894245138,56.1420032858571,95.3348374240681,1230.96005624963,250.226526491481,1581.94144670741,2880.78418142214,4217.76732246871,323.410918644457
ANKRD65,72.4017725710624,85.726832818354,96.4083431389437,92.2014944092144,72.4017725710624,59.6962040247725,66.2187731063955,81.1360318502707,70.7577404596046,83.4088421638269,91.6084054929763,77.4450104902258,81.7696572865298,80.0360354221132
IRG1,0.0,0.0,0.0,0.0,0.0,0.0,0.0,0.0,51.6643819228859,46.9908969937053,93.3048574465499,92.7638037740067,397.245835060912,44.1014889060624
C3orf33,147.778960453264,138.71077810192,202.833137513102,173.764354848135,147.778960453264,184.941181096354,221.688936051846,192.698075644393,260.568187089338,246.702209216953,250.226663152111,265.525750252203,424.870719279334,460.615550796652
FAM225B,14.8770765556978,20.8363829766833,17.5287896616261,66.4914623143373,14.8770765556978,2.34102760881461,2.87907709158241,25.3550099532096,1.12313873745404,4.69908969937053,22.0538753964573,5.10626442792698,3.31498610621067,6.53355391200924
AHR,503.836992686297,323.261598752543,287.972973012429,533.704804176414,503.836992686297,1063.99704820624,562.859571404362,782.962707355112,540.229732715394,377.101948374485,583.57947202933,1938.67839446961,836.481494133825,573.319355778811
EDC4,685.33732666581,1014.43418835052,714.924206913465,807.649628911484,685.33732666581,512.6850463304,639.155114331296,799.189913725167,575.047033576469,581.512350297103,811.752259784984,958.275624307629,803.331633071719,658.255556634931
CSNK2B,1886.41330726248,1990.76756211511,1992.02173940337,2094.0377864862,1886.41330726248,1910.27852879272,2340.6896754565,2162.27524880971,1836.33183573736,1846.74225185262,1988.2416895883,2073.14335773835,1442.57145388601,1973.13328142679
CHMP1B2P,1.98361020742637,3.57195136743142,2.50411280880373,3.54621132343132,1.98361020742637,35.1154141322191,14.3953854579121,2.02840079625677,10.1082486370864,10.5729518235837,5.0893558607209,10.212528855854,14.3649397935796,35.9345465160508
AZIN1,3912.67113414851,3130.22004832573,3721.11163388235,3381.31249689177,3912.67113414851,4229.06637532359,5955.37096393822,3252.54067679773,10263.241782855,24999.1572006512,6150.48655768121,4598.19111734824,4032.68059820528,14306.8496788222
MIS18A,12.8934663482714,6.5485775069576,2.50411280880373,5.31931698514699,12.8934663482714,11.705138044073,7.19769272895603,2.02840079625677,101.082486370864,54.0395315427611,22.0538753964573,7.65939664189047,17.6799258997902,26.134215648037
LINC00685,39.6722041485273,56.5558966509974,52.5863689848784,53.1931698514699,39.6722041485273,51.5026073939214,70.5373887437691,52.738420702676,57.2800756101561,84.5836145886695,111.96582893586,108.082597057788,144.754393304533,147.004963020208
THEMIS2,17865.3853331856,22456.8582470413,42852.8824970583,31227.9369141362,17865.3853331856,8907.61005153959,30061.8834517578,20563.9272724511,11624.4859326493,33249.583940321,22382.9870754505,10886.5557603403,5794.04321597188,19886.5047196781
NXT1,106.123146097311,99.4193130601744,93.9042303301399,102.840128379508,106.123146097311,540.777377636175,1065.25852388549,650.102455200294,185.317891679917,249.051754066638,182.368585009166,1057.84778065221,614.929922702079,2388.01395483938
HAS1,315.394022980792,381.008145859351,276.704465372812,752.683353398299,315.394022980792,103.005214787843,80.6141585643076,193.712276042521,261.691325826792,372.402858675114,322.325871178991,364.246862525458,107.737048451847,83.3028123781178
MAP2K6,245.96766572087,125.613623088005,246.655111667168,368.805977636858,245.96766572087,442.454218065961,1307.10099957842,806.289316512065,251.583077189705,220.857215870415,318.084741295057,422.117859375297,338.681080517857,1316.51111326986
FBXO34,1247.69082047118,1162.67017009893,2944.83666315319,702.149842039402,1247.69082047118,951.627722983139,3426.10173898307,747.465693420619,990.608366434465,2454.09959549626,554.739788818579,541.26402936026,586.752540799288,1463.51607629007
TRIM25,21546.9658781689,22633.6698397292,21243.6410134865,31414.9995614472,21546.9658781689,59773.4579358634,59612.7307197597,43612.6455203168,12603.8629117093,9299.49851505428,24512.8825031622,46409.1352972857,39256.6179674311,52851.5509827208
MET,20.8279071779769,24.4083343441147,26.2931844924392,27.4831377565928,20.8279071779769,52.6731211983287,69.0978501979779,40.5680159251354,35.9404395985293,38.7674900198069,33.0808130946859,54.4668205645544,76.7971781272138,71.8690930321017
ECT2L,39.6722041485273,38.6961398138403,61.3507638156914,35.4621132343132,39.6722041485273,33.9449003278118,41.746617827945,27.3834107494664,34.8173008610753,68.1368006408727,37.32194297862,50.2116002079486,58.5647545430551,57.1685967300809
CHRNB2,15.8688816594109,32.742887534788,120.197414822579,25.7100320948771,15.8688816594109,17.5577070661096,93.5700054764284,31.4402123419799,26.955329698897,205.585174347461,33.9290390714727,72.3387460622988,133.704439617164,179.672732580254
PRKCG,9.91805103713184,10.120528874389,46.326086962869,23.0503736023036,9.91805103713184,14.0461656528877,44.6256949195274,36.5112143326218,7.86197116217829,50.5152142682332,33.0808130946859,28.0844543535984,83.9796480240036,101.270085636143
SPATC1,3.96722041485273,10.120528874389,20.0329024704299,23.0503736023036,3.96722041485273,17.5577070661096,28.7907709158241,29.4118115457231,30.3247459112591,162.118594628283,76.3403379108136,24.6802780683137,33.1498610621067,148.63835149821
ZMYND15,129.926468586427,179.192893599476,404.414218621803,840.452083653224,129.926468586427,154.507822181764,269.193708062956,561.867020563125,59.5263530850642,206.759946772303,364.737170018332,181.272387191408,124.864476667269,298.910091474423
MAP4K4,17738.4342799103,15221.870752309,25460.5669835119,21468.7633520532,17738.4342799103,16228.0033843029,27568.6026904474,20313.4197741134,17197.5003478963,26420.6318347108,21390.56268261,15911.1199574205,12599.7096920224,26808.8050894519
GLRX2,80.3362134007679,52.3886200556608,52.5863689848784,37.2352188960289,80.3362134007679,53.843635002736,24.4721552784505,29.4118115457231,46.0486882356157,25.8449933465379,41.5630728625541,22.9781899256714,18.7849212685271,19.6006617360277
MMD2,91.2460695416129,82.7502066788278,143.986486506215,112.592209518945,91.2460695416129,131.097546093618,195.777242227604,144.01645653423,117.929567432674,155.069960079227,121.296314680515,361.693730311494,252.491441756379,280.942818216397
CRB2,13.8852714519846,11.3111793301995,21.2849588748317,32.8024547417398,13.8852714519846,16.3871932617023,33.1093865531978,56.7952222951895,11.2313873745404,23.4954484968526,28.8396832107518,19.5740136403867,45.3048101182125,45.7348773840647
LOC101928700,53.5574756005119,21.4317082045885,36.3096357276541,20.3907151097301,53.5574756005119,36.2859279366265,67.6583116521867,30.4260119438515,177.455920517739,166.817684327654,221.386979941359,302.120645319013,549.182698262234,623.954398596883
EGFLAM-AS4,49.5902551856592,57.1512218789027,77.6274970729157,72.6973321303421,49.5902551856592,46.8205521762922,60.4606189232307,60.852023887703,58.4032143476102,112.778152784893,109.421151005499,152.336888766488,192.269194160219,331.577861034469
LOC101926933,34.7131786299614,32.1475623068827,45.0740305584672,30.1427962491663,34.7131786299614,25.7513036969607,15.8349240037033,15.2130059719258,22.4627747490808,18.7963587974821,21.2056494196704,10.212528855854,20.4424143216325,14.7004963020208
PITRM1,229.106978957745,207.768504538927,160.263219763439,142.735005768111,229.106978957745,668.363382316571,2412.66660274606,380.325149298144,211.15008264136,186.788815549979,145.046642030546,368.502082882064,443.655640547861,1231.57491241374
CAHM,28.7623480076823,13.6924802418204,27.545240896841,22.1638207714458,28.7623480076823,42.138496958663,50.3838491026922,20.2840079625677,104.451902583226,76.3602076147711,75.4921119340268,240.845472183889,129.284458142216,156.805293888222
OSM,5157.38653930855,6196.7402972656,3860.08989477095,24971.5335867725,5157.38653930855,55365.3029484655,46671.2791930967,174498.249499979,11724.4452802827,9863.38927897874,60327.527921032,181337.917584899,109812.229754335,132273.432337105
IL18BP,407.631897626118,527.458151924039,553.408930745625,692.397760899966,407.631897626118,225.90916425061,394.433561546791,219.067285995731,436.900968869622,761.252531298026,479.247676884552,253.611133253707,226.524050591062,336.478026468476
GBP1,3740.09704610242,5022.16362260857,3269.11927189327,3003.64099094633,3740.09704610242,15244.7717886007,9339.72608509335,6503.0529527992,10501.3471951953,11334.2043548817,6746.78941936235,34489.4120343614,38044.4380479267,31284.2895191783
LOC100128593,37.688593941101,57.1512218789027,93.9042303301399,47.8738528663229,37.688593941101,45.6500383718849,61.9001574690219,39.553815527007,83.1122665715991,177.390636151238,112.814054912647,51.0626442792698,66.2997221242134,88.2029778121248
CLEC7A,21792.9335438898,19141.4920528371,29086.5223306597,14401.1641844546,21792.9335438898,46236.465787893,68255.7201486901,31011.2055735716,16861.6818653975,20182.5902587964,11781.0105915921,27706.5907859318,19835.2193665115,52613.0762649324
RAMP3,22.8115173854032,17.8597568371571,31.3014101100466,16.8445037862988,22.8115173854032,40.9679831542557,44.6256949195274,24.3408095550812,52.78752066034,25.8449933465379,35.6254910250463,61.2751731351237,79.0071688646876,55.5352082520786
LOC105747689,2448.76680106785,1717.51328250661,3666.02115208866,2419.40267541102,2448.76680106785,11873.6920319077,10442.4126111694,4071.00039808733,2423.73339542582,4373.67773768912,2073.91251324377,2942.91039862858,2730.44355614885,5584.5552062899
ASPDH,0.991805103713184,5.95325227905236,7.5123384264112,4.43276415428916,0.991805103713184,16.3871932617023,8.63723127474724,16.2272063700541,5.61569368727021,2.34954484968527,1.69645195357363,18.7229695690656,25.4148934809485,29.4009926040416
MIR29B2,59.508306222791,75.606303943965,221.61398357913,87.7687302549253,59.508306222791,11.705138044073,46.0652334653186,42.5964167213921,66.2651855097885,347.732637753419,87.3672756090422,21.2761017830291,9.39246063426356,44.1014889060624
TMCC1,5809.00249244812,4159.53736737388,6381.73149323631,8542.82307814606,5809.00249244812,5275.50571646372,6243.27867309646,7628.8153947217,4842.97423590183,5768.13260597733,8256.63165804288,6376.87322640947,2819.39568333217,6443.71754571912
TMEM41B,796.419498281686,775.708771960523,1185.69741496857,1073.61547816883,796.419498281686,795.949386996967,1078.21437079761,897.56735234362,1977.84731665657,3324.60596230465,1274.0354171338,1294.43803247949,2002.80410583561,2544.8192487276
HOXA-AS2,12.8934663482714,5.35792705114712,11.2685076396168,24.8234792640193,12.8934663482714,9.36411043525844,7.19769272895603,10.1420039812838,8.98510989963233,11.7477242484263,13.5716156285891,2.55313221396349,2.76248842184222,1.63338847800231
SEMA6B,92.2378746453261,165.500413357656,118.945358418177,280.150694551075,92.2378746453261,328.914379038453,247.600629876088,311.359522225414,119.052706170128,213.808581321359,241.744403384243,661.261243416543,133.704439617164,140.471409108199
INPP1,732.943971644043,253.013221859725,366.852526489747,125.003949150954,732.943971644043,767.857055691192,567.178187041735,119.675646979149,553.707397564843,317.188554707511,97.545987330484,278.29141132202,128.179462773479,209.073725184296
RRAD,3.96722041485273,2.97662613952618,1.25205640440187,4.43276415428916,3.96722041485273,9.36411043525844,4.31861563737362,14.1988055737974,26.955329698897,12.922496673269,22.9021013732441,68.083525705693,152.489360885691,39.2013234720554
LSP1P3,8.92624593341865,17.8597568371571,33.8055229188504,33.6890075725976,8.92624593341865,5.85256902203652,18.7140010952857,31.4402123419799,6.73883242472425,19.9711312223248,25.4467793036045,22.9781899256714,9.94495831863201,27.7676041260393
LOC102467147,7.93444082970547,20.8363829766833,18.780846066028,8.86552830857831,7.93444082970547,17.5577070661096,82.0536971100988,23.3266091569528,3.36941621236213,18.7963587974821,6.78580781429454,36.59489506681,22.6524050591062,70.2357045540994
HLA-F-AS1,117.033002238156,150.617282660025,215.353701557121,111.705656688087,117.033002238156,191.964263922798,254.798322605044,122.718248173534,222.3814700159,365.354224126059,178.127455125232,258.717397681633,443.655640547861,370.779184506524
YAE1D1,28.7623480076823,39.2914650417456,42.5699177496634,49.6469585280385,28.7623480076823,38.6269555454411,56.1420032858571,45.6390179157773,40.4329945483455,49.3404418433906,47.5006547000618,36.59489506681,62.4322383336343,35.9345465160508
C2orf80,0.0,1.78597568371571,0.0,0.0,0.0,100.664187179028,142.514316033329,49.6958195082908,1.12313873745404,0.0,0.0,16.1698373551021,8.28746526552667,29.4009926040416
THEM6,15.8688816594109,21.4317082045885,1.25205640440187,5.31931698514699,15.8688816594109,8.19359663085113,1.43953854579121,4.05680159251354,5.61569368727021,7.0486345490558,5.93758183750772,9.36148478453279,17.1274282154218,1.63338847800231
DDTL,52.5656704967987,57.7465471068079,31.3014101100466,21.2772679405879,52.5656704967987,103.005214787843,90.690928384846,44.6248175176489,59.5263530850642,35.243172745279,33.0808130946859,76.5939664189047,51.9347823306338,45.7348773840647
HOMER1,38.6803990448142,27.3849604836409,25.0411280880373,39.0083245577446,38.6803990448142,99.4936733746209,97.888621113802,54.7668214989327,64.0189080348804,46.9908969937053,49.1971066536354,40.8501154234158,79.559666549056,78.4026469441109
SPACA6P-AS,19.8361020742637,44.0540668649875,63.8548766244952,62.0586981600482,19.8361020742637,35.1154141322191,53.2629261942746,74.036629063372,58.4032143476102,143.322235830801,162.011161566282,234.03711961332,185.086724263429,70.2357045540994
BATF3,18.8442969705505,7.73922796276807,11.2685076396168,9.75208113943614,18.8442969705505,9.36411043525844,5.75815418316483,8.11360318502707,184.194752942463,476.957604486109,36.4737170018332,22.1271458543502,16.0224328466849,35.9345465160508
MTMR9LP,5.9508306222791,8.92987841857854,7.5123384264112,41.6679830503181,5.9508306222791,46.8205521762922,40.3070792821538,208.925282014447,8.98510989963233,9.39817939874106,25.4467793036045,51.9136883505909,52.4872800150023,44.1014889060624
THUMPD3-AS1,196.37741053521,122.041671720573,133.970035271,110.819103857229,196.37741053521,366.370820779486,224.568013143428,198.783278033163,380.74403199692,390.024445047754,288.396832107518,457.861710370786,402.218314220228,493.283320356698
CCRL2,320.353048499358,335.168103310648,582.206228046868,367.032871975142,320.353048499358,1095.60092092524,2725.04646718275,569.980623748152,1890.24249513515,3529.01636422727,1281.66945092488,1394.86123289539,1319.36447027185,3846.62986569544
TET2-AS1,17.8524918668373,5.35792705114712,8.76439483081306,13.2982924628675,17.8524918668373,117.05138044073,138.195700395956,43.6106171195205,4.49255494981617,21.1459036471674,6.78580781429454,20.4250577117079,41.9898240120018,187.839674970266
FOXL2NB,135.877299208706,133.948176278678,184.052291447074,153.373639738405,135.877299208706,191.964263922798,175.623702586527,154.158460515514,326.833372599126,287.819244086445,284.155702223584,377.863567666596,558.022661212129,517.784147526732
LINC01099,70.418162363636,82.1548814509226,116.441245609374,93.9746000709301,70.418162363636,86.6180215261406,135.316623304373,125.76084936792,101.082486370864,160.943822203441,100.090665260844,138.72018362535,182.324235841587,235.207940832333
FFAR2,18884.9609798027,16934.0261077644,14108.1715648002,26682.5805503281,18884.9609798027,57493.297044878,46364.6574828432,60292.1852679362,74127.1566719668,45766.7841270193,68357.6832432728,93688.8886795329,58561.9920546333,91548.1574150735
CTSO,67.4427470524965,85.1315075904488,26.2931844924392,47.8738528663229,67.4427470524965,57.3551764159579,27.3512323700329,32.4544127401083,69.6346017221506,15.2720415229542,43.2595248161277,39.9990713520947,96.1345970801094,22.8674386920323
MARVELD3,175.549503357234,207.768504538927,329.290834357691,323.591783263108,175.549503357234,299.65153392827,390.114945909417,363.083742529961,303.247459112591,350.082182603105,397.817983113017,419.564727161333,553.602679737182,566.785801866802
MRS2P2,91.2460695416129,73.8203282602493,66.3589894332989,82.4494132697783,91.2460695416129,286.77588207979,69.0978501979779,168.357266089312,131.407232282123,74.0106627650859,57.6793664215036,279.993499464663,208.844124691272,78.4026469441109
LOC100507144,1.98361020742637,4.16727659533665,8.76439483081306,6.20586981600482,1.98361020742637,132.268059898025,826.295125284153,94.3206370259397,16.8470810618106,42.2918072943348,7.63403379108136,105.529464843824,177.904254366639,707.257210975
SPOCK2,1272.48594806401,3948.79223669543,1116.83431272646,1293.48058022158,1272.48594806401,1129.54582125305,931.381439126911,1255.58009288294,1191.65020043874,1057.29518235837,1307.96445620527,1472.30624338561,4385.72661851671,955.532259631352
PPP1R27,3.96722041485273,6.5485775069576,1.25205640440187,6.20586981600482,3.96722041485273,8.19359663085113,4.31861563737362,5.07100199064192,15.7239423243566,7.0486345490558,15.2680675821627,40.8501154234158,31.4923680090014,24.5008271700347
TBC1D7,198.361020742637,292.304686901471,316.770270313672,332.457311571687,198.361020742637,608.667178291799,1281.18930575417,534.483609813658,198.795556529365,283.120154387074,291.789736014665,476.584679939851,338.681080517857,927.764655505312
SFN,124.967443067861,161.333136762319,292.981198630037,411.360513518034,124.967443067861,155.678335986172,295.105401887197,417.850564028894,238.105412340257,411.170348694921,513.176715956025,474.882591797209,433.158184544861,351.178522770497
CCDC39,36.6967888373878,35.1241884464089,18.780846066028,11.5251868011518,36.6967888373878,22.2397622837388,11.5163083663297,9.12780358315546,19.0933585367187,10.5729518235837,8.48225976786818,7.65939664189047,15.4699351623165,3.26677695600462
MIR7848,58.5165011190778,67.2717507532917,68.8631022421026,72.6973321303421,58.5165011190778,21.0692484793315,60.4606189232307,23.3266091569528,21.3396360116268,55.2143039676037,30.5361351643254,5.10626442792698,8.83996294989512,24.5008271700347
HDC,106.123146097311,15.4784559255361,15.0246768528224,125.890501981812,106.123146097311,51.5026073939214,12.9558469121209,81.1360318502707,73.0040179345127,18.7963587974821,109.421151005499,82.5512749181528,20.9949120060009,24.5008271700347
LINC00921,779.558811518562,769.160194453565,1164.41245609374,1059.43063287511,779.558811518562,4006.6687524862,1931.8607284518,1705.88506965194,894.018435013417,1017.35291991372,1038.22859558706,3370.98556650313,2687.34873676812,1661.15608212835
LRPPRC,258.861132069141,311.950419422344,141.482373697411,118.798079334949,258.861132069141,241.125843707905,136.756161850165,129.817650960433,279.661545626056,182.089725850608,126.385670541236,156.592109123094,406.085798010807,178.039344102252
CELF3,37.688593941101,26.7896352557356,63.8548766244952,30.1427962491663,37.688593941101,22.2397622837388,27.3512323700329,19.2698075644393,52.78752066034,43.4665797191774,21.2056494196704,16.1698373551021,13.2599444248427,27.7676041260393
LOC101928093,222.164343231753,98.228662604364,48.8301997716728,118.798079334949,222.164343231753,142.802684137691,27.3512323700329,66.9372262764733,169.59394935556,42.2918072943348,83.1261457251081,56.1689087071967,58.0122568586867,40.8347119500578
SIAH3,3.96722041485273,11.9065045581047,13.7726204484205,17.7310566171566,3.96722041485273,49.1615797851068,23.0326167326593,36.5112143326218,11.2313873745404,27.0197657713805,15.2680675821627,80.8491867755105,63.5372337023711,17.9672732580254
CISD3,13.8852714519846,24.4083343441147,18.780846066028,15.957950955441,13.8852714519846,4.68205521762922,25.9116938242417,11.1562043794122,11.2313873745404,32.8936278955937,16.1162935589495,58.7220409211602,34.2548564308436,49.0016543400693
LYPD3,6.94263572599229,44.0540668649875,32.5534665144485,111.705656688087,6.94263572599229,14.0461656528877,21.5930781868681,91.2780358315546,101.082486370864,341.858775629206,877.913885974356,30.6375865675619,93.9246063426356,217.240667574307
CASZ1,480.033670197181,632.235392035361,529.619859061989,486.717504140949,480.033670197181,492.786311655475,408.828947004703,522.313205036118,427.91585896999,532.171908453712,519.962523770319,461.26588665607,601.117480592868,472.049270142668
SERPINB12,27.7705429039691,24.4083343441147,18.780846066028,17.7310566171566,27.7705429039691,30.4333589145899,24.4721552784505,27.3834107494664,21.3396360116268,31.7188554707511,25.4467793036045,25.5313221396349,23.7574004278431,29.4009926040416
MEST,9.91805103713184,7.73922796276807,11.2685076396168,21.2772679405879,9.91805103713184,7.02308282644383,1.43953854579121,15.2130059719258,15.7239423243566,1.17477242484263,11.8751636750154,11.0635729271751,12.7074467404742,1.63338847800231
ODF3B,675.419275628678,1017.41081449005,1001.64512352149,1909.63479766777,675.419275628678,1643.40138138786,1489.9223948939,2482.76257461828,785.073977480375,1033.79973386152,2580.3034213855,2642.49184145221,1686.22293269249,2049.9025398929
LOC101927051,8.92624593341865,9.52520364648378,6.26028202200933,7.97897547772048,8.92624593341865,2.34102760881461,4.31861563737362,15.2130059719258,11.2313873745404,15.2720415229542,22.0538753964573,10.212528855854,10.4974560030005,6.53355391200924
FRG1JP,101.164120578745,94.6567112369325,85.1398354993269,71.8107792994843,101.164120578745,110.028297614287,83.49323565589,88.2354346371694,102.205625108318,90.4574767128827,66.1616261893718,63.8283053490872,113.8145229799,94.736531724134
SMIM13,114.057586927016,86.9174832741645,86.3918919037287,53.1931698514699,114.057586927016,98.3231595702136,71.9769272895603,30.4260119438515,81.989127834145,55.2143039676037,36.4737170018332,33.1907187815253,49.72479159316,55.5352082520786
RGS1,3570.49837336746,666.764255253864,63.8548766244952,1173.79594805577,3570.49837336746,477.56963219818,25.9116938242417,282.961911077819,1656.62963774471,75.1854351899285,571.704308354315,432.330388231151,600.012485224131,50.6350428180716
LINC01443,122.983832860435,157.761185394888,184.052291447074,216.318890729311,122.983832860435,170.895015443467,187.140010952857,195.740676838778,175.209643042831,252.576071341166,192.547296730608,271.483058751451,331.498610621067,429.581169714608
FLJ32255,832.124482015361,1000.7417081087,1431.10047023133,1195.07321599636,832.124482015361,4066.36495651098,5845.96603445809,4041.58858654161,728.917040607673,1083.14017570491,1187.51636750154,2549.7280376782,2785.6933245857,5413.04941609966
MIR29C,38.6803990448142,99.4193130601744,251.663337284775,170.218143524704,38.6803990448142,26.921817501368,79.1746200185164,85.1928334427842,60.6494918225183,407.646031420393,159.466483635922,52.7647324219121,34.2548564308436,62.0687621640878
TMEM53,73.3935776747756,119.065045581047,146.490599315018,200.36093977387,73.3935776747756,80.765452504104,156.909701491242,184.584472459366,148.254313343934,240.82834709274,224.779883848507,191.484916047262,329.841117567962,555.352082520786
FAM65C,52.5656704967987,79.1782553113964,76.3754406685138,130.323266136101,52.5656704967987,197.816832944835,201.535396410769,165.314664894927,83.1122665715991,108.079063085522,94.1530834233367,68.9345697770142,111.052034558057,161.705459322229
LGSN,32.7295684225351,98.228662604364,87.6439483081306,65.6049094834795,32.7295684225351,55.0141488071433,122.360776392253,83.1644326465275,71.8808791970587,106.90429066068,97.545987330484,108.933641129109,122.101988245426,184.572898014261
MIR3605,6.94263572599229,5.95325227905236,40.0658049408597,5.31931698514699,6.94263572599229,2.34102760881461,30.2303094616153,0.0,1.12313873745404,4.69908969937053,4.24112988393409,0.851044071321163,0.0,4.90016543400693
LOC101928069,12.8934663482714,14.8831306976309,15.0246768528224,21.2772679405879,12.8934663482714,21.0692484793315,14.3953854579121,35.4970139344934,20.2164972741728,17.6215863726395,14.4198416053759,29.7865424962407,45.3048101182125,31.0343810820439
MAP6D1,26.778737800256,17.2644316092518,33.8055229188504,34.5755604034554,26.778737800256,16.3871932617023,33.1093865531978,34.4828135363651,24.7090522239889,36.4179451701216,44.9559767697013,28.0844543535984,13.2599444248427,45.7348773840647
MIR497HG,0.991805103713184,10.120528874389,11.2685076396168,7.09242264686265,0.991805103713184,44.4795245674776,27.3512323700329,54.7668214989327,19.0933585367187,23.4954484968526,29.6879091875386,167.655682050269,93.3721086582672,75.1358699881063
SHCBP1,48.598450081946,36.9101641301246,71.3672150509064,68.264567976053,48.598450081946,43.3090107630703,87.8118512932636,77.0792302577572,39.3098558108915,72.8358903402432,59.3758183750772,53.6157764932333,49.1722939087916,88.2029778121248
CAMK2N2,0.0,1.19065045581047,0.0,0.0,0.0,7.02308282644383,4.31861563737362,4.05680159251354,0.0,0.0,1.69645195357363,5.95730849924814,3.31498610621067,6.53355391200924
TRIM28,2098.6595994571,2696.22795718281,2113.47121063035,2737.67514168898,2098.6595994571,2466.27258588619,2347.88736818546,2247.4680822525,2059.83644449071,1864.36383822526,2384.36322074774,2687.59717723223,2158.60845282751,1845.72898014261
GBAT2,0.991805103713184,4.16727659533665,7.5123384264112,2.65965849257349,0.991805103713184,2.34102760881461,1.43953854579121,4.05680159251354,22.4627747490808,16.4468139477969,16.9645195357364,17.0208814264233,14.917437477948,3.26677695600462
DCLRE1A,38.6803990448142,23.8130091162094,10.0164512352149,17.7310566171566,38.6803990448142,59.6962040247725,46.0652334653186,120.689847377278,12.3545261119945,1.17477242484263,6.78580781429454,57.0199527785179,48.6197962244231,47.368265862067
LTB4R2,26.778737800256,25.5989847999252,40.0658049408597,33.6890075725976,26.778737800256,10.5346242396657,24.4721552784505,32.4544127401083,10.1082486370864,16.4468139477969,23.7503273500309,15.3187932837809,12.7074467404742,8.16694239001155
LOC101929631,6.94263572599229,8.33455319067331,28.7972973012429,19.5041622788723,6.94263572599229,16.3871932617023,11.5163083663297,21.2982083606961,23.5859134865349,46.9908969937053,21.2056494196704,25.5313221396349,40.3323309588965,49.0016543400693
C5orf58,1202.06778570038,1165.64679623845,1156.90011766732,904.283887474988,1202.06778570038,3186.13857559668,4823.89366694633,1561.86861311771,1196.14275538855,1945.4231355394,631.928352706179,4888.39714566876,3788.47662171443,10123.7417866583
DENND5B,167.615062527528,135.734151962394,160.263219763439,162.239168046983,167.615062527528,165.04244642143,164.107394220198,143.002256136102,202.164972741728,272.547202563491,162.859387543069,227.22876704275,309.398703246329,561.885636432795
LOC644656,17.8524918668373,11.9065045581047,23.7890716836355,12.4117396320096,17.8524918668373,66.7192868512164,61.9001574690219,35.4970139344934,40.4329945483455,17.6215863726395,35.6254910250463,45.1053357800216,62.9847360180027,60.4353736860855
ZNF675,92.2378746453261,79.1782553113964,36.3096357276541,99.2939170560771,92.2378746453261,50.3320935895141,40.3070792821538,30.4260119438515,64.0189080348804,41.1170348694921,27.991457233965,30.6375865675619,58.0122568586867,8.16694239001155
TGIF2,1055.28063035083,1343.64903938212,1513.73619292186,797.01099494119,1055.28063035083,740.935238189824,947.216363130614,434.077770398948,3141.41904865895,4961.06395011044,1516.62804649483,3100.353551823,2206.1232536832,3186.74092058251
TAP1,5845.6992812855,9418.64043068874,7693.88660504947,7850.4253172461,5845.6992812855,10625.9243164095,11956.8071613418,10660.2603847274,7056.68068742374,11572.6831571248,8948.78405510092,20400.3774336396,16467.1934826015,15322.8173121397
LACC1,158.688816594109,93.4660607811221,75.123384264112,49.6469585280385,158.688816594109,149.825766964135,54.7024647400658,57.8094226933179,964.776175473022,714.26163430432,150.135997891267,394.88444909302,290.061284293434,555.352082520786
KCNJ2-AS1,112.07397671959,203.005902715686,324.282608740083,164.012273708699,112.07397671959,150.996280768542,528.310646305373,194.72647644065,946.805955673757,3299.93574138295,926.262766651205,666.36750784447,843.111466346247,2428.84866678944
MIR4645,0.0,1.78597568371571,7.5123384264112,0.886552830857831,0.0,5.85256902203652,7.19769272895603,5.07100199064192,7.86197116217829,9.39817939874106,10.1787117214418,9.36148478453279,8.83996294989512,11.4337193460162
DHX38,1393.48617071702,1232.91854699174,1254.56051721067,1306.77887268444,1393.48617071702,1466.65379692235,1187.61930027775,1148.07485068133,1316.31860029614,1228.81195638539,1234.16879622482,1309.75682576327,1041.45813503452,1243.00863175976
MUC1,4.95902551856592,16.0737811534414,26.2931844924392,30.1427962491663,4.95902551856592,8.19359663085113,23.0326167326593,29.4118115457231,4.49255494981617,21.1459036471674,23.7503273500309,68.083525705693,46.4098054869494,35.9345465160508
LGALS9B,83.3116287119074,82.7502066788278,121.449471226981,218.978549221884,83.3116287119074,79.5949386996967,109.404929480132,228.195089578886,68.5114629846965,101.030428536466,245.985533268177,151.485844695167,63.5372337023711,109.437028026155
SLC25A52,69.4263572599229,72.0343525765336,85.1398354993269,65.6049094834795,69.4263572599229,39.7974693498484,25.9116938242417,17.2414067681825,46.0486882356157,50.5152142682332,22.0538753964573,12.7656610698174,12.7074467404742,35.9345465160508
ADRA2B,0.0,1.78597568371571,10.0164512352149,43.4410887120337,0.0,12.8756518484804,8.63723127474724,50.7100199064192,23.5859134865349,86.9331594383548,138.260834216251,98.7211122732549,237.021506594063,111.070416504157
DBF4B,68.4345521562097,76.2016291718702,53.8384253892802,47.8738528663229,68.4345521562097,81.9359663085113,41.746617827945,51.7242203045476,64.0189080348804,42.2918072943348,46.652428723275,74.0408342049412,55.2497684368445,40.8347119500578
CFL2,22.8115173854032,29.1709361673566,3.7561692132056,8.86552830857831,22.8115173854032,16.3871932617023,1.43953854579121,7.09940278689869,104.451902583226,90.4574767128827,26.2950052803913,31.488630638883,79.559666549056,11.4337193460162
CLN3,1374.64187374647,2139.00354386351,2054.62455962346,2115.31505442679,1374.64187374647,769.027569495599,1127.15868135451,1268.76469805861,878.294492689061,1219.41377698665,1354.61688492855,1285.92759176628,682.887137879398,718.690930321017
TRIB1,27331.1732430242,32552.9787870862,46282.264988715,65574.7666872303,27331.1732430242,65379.04854517,166587.719134596,97999.1418699514,19644.8196568086,30779.037530877,62099.4719865397,71475.7873739792,60587.448565528,165406.717613382
ANKRD33B,874.772101475028,642.35592090975,868.927144654895,669.347387297663,874.772101475028,632.077454379945,506.717568118505,475.659986722212,2186.75112182302,4567.51518778816,548.802206981071,749.769826833944,633.162346286238,994.733583103407
CYP3A43,30.7459582151087,14.8831306976309,41.3178613452616,32.8024547417398,30.7459582151087,37.4564417410338,44.6256949195274,55.7810218970611,55.033798135248,50.5152142682332,55.1346884911431,79.9981427041893,113.8145229799,145.371574542206
DNTTIP2,3865.06448917028,2344.39074749082,4719.00058819063,7322.03983005483,3865.06448917028,14784.7598634687,27647.7773104659,15754.5889845263,2466.41266744908,4131.67461817154,3977.33160515339,6343.68250762795,3700.07699221547,18403.387981652
IL21R-AS1,52.5656704967987,95.2520364648378,85.1398354993269,98.4073642252193,52.5656704967987,50.3320935895141,70.5373887437691,88.2354346371694,178.579059255193,131.574511582375,113.662280889434,119.997214056284,185.639221947797,233.57455235433
SPTA1,3.96722041485273,2.97662613952618,2.50411280880373,2.65965849257349,3.96722041485273,409.679831542557,362.763713539384,113.590444590379,6.73883242472425,0.0,0.848225976786817,126.805566626853,75.1396850741085,212.3405021403
MT1JP,0.991805103713184,2.38130091162094,5.00822561760746,6.20586981600482,0.991805103713184,4.68205521762922,7.19769272895603,7.09940278689869,4.49255494981617,5.87386212421316,8.48225976786818,18.7229695690656,27.0723865340538,24.5008271700347
RPH3A,9.91805103713184,76.2016291718702,43.8219741540653,502.67545509639,9.91805103713184,8.19359663085113,47.5047720111098,491.887193092266,3.36941621236213,30.5440830459084,519.114297793532,130.209742912138,68.5097128616871,45.7348773840647
TBCC,498.877967167731,447.684571384738,969.091657007044,359.053896497422,498.877967167731,256.3425231652,260.556476788208,290.061313864718,214.519498853722,200.88608464809,272.280538548568,242.547560326531,201.109157110114,104.536862592148
LOC283335,84.3034338156206,85.726832818354,97.6603995433455,102.840128379508,84.3034338156206,122.903949462767,195.777242227604,118.661446581021,103.328763845772,166.817684327654,128.082122494809,142.975403981955,161.881821519954,462.248939274654
MIR8085,26.778737800256,27.9802857115461,18.780846066028,60.2855924983325,26.778737800256,62.0372316335872,20.1535396410769,72.0082282671153,96.5899314210476,133.92405643206,111.96582893586,148.081668409882,143.649397935796,148.63835149821
CDK5R1,363.000667959025,385.770747682593,931.529964874988,255.327215287055,363.000667959025,108.857783809879,103.646775296967,247.464897143326,139.269203444301,245.52743679211,210.360042243131,143.826448053277,313.818684721277,73.502481510104
LINC01277,19.8361020742637,16.6691063813466,18.780846066028,16.8445037862988,19.8361020742637,24.5807898925534,15.8349240037033,19.2698075644393,176.332781780285,95.1565664122532,39.8666209089804,106.380508915145,222.656566800483,86.5695893341225
APOF,13.8852714519846,10.7158541022942,6.26028202200933,9.75208113943614,13.8852714519846,38.6269555454411,17.2744625494945,34.4828135363651,13.4776648494485,17.6215863726395,20.3574234428836,60.4241290638026,54.1447730681076,35.9345465160508
PLSCR2,14.8770765556978,4.76260182324189,11.2685076396168,27.4831377565928,14.8770765556978,93.6411043525844,107.96539093434,295.13231585536,8.98510989963233,22.32067607201,53.4382365375695,148.932712481204,163.53931457306,178.039344102252
VPS9D1-AS1,94.2214848527524,163.119112446035,215.353701557121,300.541409660805,94.2214848527524,1258.30233973785,1874.27918662015,1078.09502321047,85.3585440465072,213.808581321359,284.155702223584,761.684443832441,936.483575004514,1639.92203191432
ZNF684,37.688593941101,16.0737811534414,12.5205640440187,15.957950955441,37.688593941101,25.7513036969607,14.3953854579121,12.1704047775406,23.5859134865349,15.2720415229542,16.9645195357364,22.1271458543502,11.0499536873689,13.0671078240185
SOCS1,264.81196269142,296.471963496808,61.3507638156914,105.499786872082,264.81196269142,1176.36637342934,243.282014238714,539.5546118043,105.57504132068,42.2918072943348,135.716156285891,1285.92759176628,420.450737804386,99.636697158141
CABP5,7.93444082970547,4.16727659533665,7.5123384264112,18.6176094480145,7.93444082970547,62.0372316335872,33.1093865531978,28.3976111475948,5.61569368727021,4.69908969937053,23.7503273500309,33.1907187815253,14.917437477948,39.2013234720554
MT1IP,0.991805103713184,0.0,0.0,0.886552830857831,0.991805103713184,2.34102760881461,2.87907709158241,3.04260119438515,0.0,2.34954484968527,3.39290390714727,7.65939664189047,4.41998147494756,4.90016543400693
TCHH,0.0,0.0,0.0,1.77310566171566,0.0,22.2397622837388,11.5163083663297,25.3550099532096,1.12313873745404,0.0,1.69645195357363,13.6167051411386,13.8124421092111,8.16694239001155
NHSL1,47.6066449782328,34.5288632185037,66.3589894332989,25.7100320948771,47.6066449782328,14.0461656528877,37.4280021905714,19.2698075644393,31.4478846487132,29.3693106210658,23.7503273500309,18.7229695690656,13.2599444248427,19.6006617360277
ECHDC1,811.296574837384,444.112620017306,950.310810941016,1064.74994986026,811.296574837384,9928.29808898276,7844.04553601628,13783.9976109629,576.170172313923,562.715991499621,805.814677947477,4107.13868819593,2414.4148806901,4485.28476059434
SYS1,1145.53489478873,1041.81914883416,1469.91421876779,1367.95101801363,1145.53489478873,1151.78558353679,1783.5882582353,1055.78261445165,1230.96005624963,1751.58568544037,1109.47957763716,1167.63246585264,780.679228012612,2172.40667574307
MTHFD2P1,71.4099674673492,111.921142846184,102.668625160953,123.230843489239,71.4099674673492,163.871932617023,139.635238941747,199.797478431292,121.298983645037,132.749284007217,115.358732843007,222.122502614824,162.434319204323,174.772567146247
LOC100130357,1556.14220772598,1977.67040710119,1352.22091675402,1425.57695201939,1556.14220772598,3485.79010952495,3988.96131038743,2226.1698738918,2489.99858093561,1526.02937987058,2046.76928198659,4427.13125901269,4432.68892168803,5228.4765180854
TMEM205,134.885494104993,221.460984780748,195.320799086691,202.134045435586,134.885494104993,103.005214787843,133.877084758582,119.675646979149,397.591113058731,841.137056187325,552.195110888218,468.07423922664,321.001154618066,638.654894898903
PFDN6,87.2788491267602,75.606303943965,38.8137485364578,53.1931698514699,87.2788491267602,87.7885353305479,51.8233876484834,50.7100199064192,111.19073500795,44.64135214402,54.2864625143563,165.102549836306,249.728953334537,71.8690930321017
OXCT1,63.4755266376437,95.2520364648378,33.8055229188504,7.09242264686265,63.4755266376437,94.8116181569917,23.0326167326593,9.12780358315546,95.4667926835936,24.6702209216953,18.66097148931,48.5095120653063,150.279370148217,37.5679349940531
NYAP2,159.680621697823,160.142486306509,260.427732115588,178.197119002424,159.680621697823,259.854064578422,246.161091330296,233.266091569528,270.676435726424,307.79037530877,198.484878568115,349.779113312998,354.151015680173,467.149104708661
CASP10,651.615953139562,729.86872941182,1140.6233844101,759.775776045161,651.615953139562,846.281480586481,1091.17021770973,751.522495013132,2481.01347103598,1495.48529682467,1251.13331576056,3066.31178897015,3919.97107059412,3761.69366483932
NABP1,10926.7168276081,10744.4297132337,22494.4453614839,16255.8327066092,10926.7168276081,58215.5040621973,110270.092146152,36372.2688780782,12895.8789834473,32112.4042330734,18928.1626719978,33058.8069504706,22639.6976123658,84759.7949004959
MRAS,20.8279071779769,26.1943100278304,21.2849588748317,32.8024547417398,20.8279071779769,28.0923313057753,28.7907709158241,28.3976111475948,44.9255494981617,24.6702209216953,43.2595248161277,62.977261277766,62.4322383336343,57.1685967300809
ENC1,533.591145797693,629.85409112374,4698.9676857202,1918.50032597635,533.591145797693,323.061810016416,1065.25852388549,1120.69143993186,278.538406888602,722.485041278219,1134.07813096397,137.018095482707,337.023587464751,581.486298168823
NICN1,178.524918668373,216.698382957506,224.118096387934,256.213768117913,178.524918668373,234.102760881461,341.170635352516,452.333377565259,288.646655525689,333.635368655308,469.917191139897,498.711825794201,559.127656580866,646.821837288915
CLEC4A,1742.60156722406,1362.69944667509,1889.35311424242,1017.76264982479,1742.60156722406,7433.93317179079,17392.5047102494,4031.44658256033,1643.15197289526,1809.14953425765,987.335036979856,5280.72846254782,3735.43684401506,12843.3336025322
TNFAIP1,154.721596179257,207.768504538927,191.564629873485,282.810353043648,154.721596179257,198.987346749242,335.412481169351,459.432780352158,135.899787231939,148.021325530172,254.467793036045,318.290482674115,355.25601104891,437.748112104619
KDM6B,43158.3990880792,64290.3620119423,81162.0523025422,77737.3849737689,43158.3990880792,75443.126235464,145566.137750407,72094.4353009562,80512.200394393,151649.022778086,92132.6091466305,145333.647103586,105822.64397551,219065.162504236
BMP6,251.918496343149,173.834966548329,717.428319722269,327.13799458654,251.918496343149,221.227109032981,912.667438031625,342.799734567394,165.101394405744,768.301165847082,349.469102436169,269.780970608809,91.1621179207934,826.494569869169
NLRC3,434.410635426374,895.369142769475,612.255581752512,782.826149647465,434.410635426374,546.629946658211,690.978501979779,891.48214995485,582.909004738648,829.389331938899,1049.25553328529,1184.65334727906,1771.8600737696,1162.97259633765
SLC19A3,31.7377633188219,36.3148389022194,70.1151586465045,57.625934005759,31.7377633188219,76.0833972864748,63.3396960148131,90.2638354334262,71.8808791970587,91.6322491377253,75.4921119340268,68.083525705693,80.6646619177929,140.471409108199
SRRM4,7.93444082970547,9.52520364648378,20.0329024704299,9.75208113943614,7.93444082970547,22.2397622837388,25.9116938242417,16.2272063700541,17.9702197992647,28.1945381962232,22.0538753964573,11.0635729271751,24.86239579658,57.1685967300809
FREM2,36.6967888373878,45.2447173207979,70.1151586465045,56.7393811749012,36.6967888373878,80.765452504104,105.086313842758,93.3064366278113,69.6346017221506,119.826787333949,74.64388595724,173.612990549517,172.379277522955,213.973890618303
LOC102723885,0.991805103713184,3.57195136743142,1.25205640440187,0.886552830857831,0.991805103713184,1.1705138044073,2.87907709158241,4.05680159251354,6.73883242472425,7.0486345490558,5.0893558607209,8.51044071321163,22.0999073747378,31.0343810820439
MIR3174,6.94263572599229,2.97662613952618,11.2685076396168,6.20586981600482,6.94263572599229,4.68205521762922,11.5163083663297,4.05680159251354,10.1082486370864,37.5927175949642,15.2680675821627,7.65939664189047,12.1549490561058,58.8019852080832
FOXO4,2478.52095417925,2931.97674743329,3301.67273840772,2590.50737176658,2478.52095417925,1975.82730183953,2860.36309048713,2365.11532843539,2244.03119743318,2775.98723990314,2896.69171072698,3500.34426534394,1915.5094717054,2634.65561501773
N4BP2L2-IT2,199.35282584635,233.367489338853,450.740305584672,123.230843489239,199.35282584635,177.91809826991,220.249397506055,65.923025878345,190.933585367187,434.665797191774,71.2509820500927,91.0617156313644,103.869564661268,142.104797586201
PPRC1,117.033002238156,257.775823682967,78.8795534773176,94.8611529017879,117.033002238156,290.287423493012,113.723545117505,79.107631054014,137.022925969393,128.050194307847,75.4921119340268,420.415771232654,456.915584972704,133.937855196189
MIR877,0.0,0.0,2.50411280880373,0.886552830857831,0.0,4.68205521762922,0.0,1.01420039812838,3.36941621236213,3.5243172745279,1.69645195357363,7.65939664189047,9.94495831863201,1.63338847800231
ZNF217,4520.64766272469,3858.89812728174,10211.7720343016,4571.95294873384,4520.64766272469,2850.20111373179,3103.64510472584,4172.42043790017,1484.78941091424,2323.69985633873,3501.47683217598,2296.1169044245,1387.32168544916,1063.3358991795
CA13,81.328018504481,68.4624012091022,97.6603995433455,63.8318038217638,81.328018504481,163.871932617023,191.45862659023,107.505242201609,95.4667926835936,118.652014909106,96.6977613536972,178.719254977444,213.816603850588,352.811911248499
MGC70870,6.94263572599229,14.8831306976309,13.7726204484205,1.77310566171566,6.94263572599229,3.51154141322191,5.75815418316483,5.07100199064192,13.4776648494485,5.87386212421316,6.78580781429454,5.95730849924814,19.889916637264,8.16694239001155
LINC01004,4453.20491567219,2606.33384776912,3782.46239769804,2120.63437141193,4453.20491567219,3072.59873656918,2808.53970283864,991.88798936956,5881.87756804682,4699.08969937053,1517.47627247162,907.21298002836,1069.08301925294,1687.29029777639
RPLP0P2,217.205317713187,186.932121562244,281.71269099042,276.604483227643,217.205317713187,255.172009360792,430.422025191571,304.260119438515,436.900968869622,385.325355348383,492.819292513141,474.882591797209,625.979876389448,741.558369013049
OTX1,468.132008952623,1090.04049229449,1612.6486488696,914.922521445282,468.132008952623,131.097546093618,357.005559356219,480.730988712854,150.500590818842,464.03510781284,529.293009514974,252.760089182385,255.253930178221,331.577861034469
RPL36,462.181178330344,648.904498416707,197.824911895495,142.735005768111,462.181178330344,421.38496958663,205.854012048143,150.101658923001,444.762940031801,202.060857072933,162.011161566282,358.28955402621,793.386674753087,202.540171272286
DYNC1I1,0.991805103713184,0.595325227905236,1.25205640440187,4.43276415428916,0.991805103713184,26.921817501368,20.1535396410769,12.1704047775406,2.24627747490808,9.39817939874106,6.78580781429454,10.212528855854,13.8124421092111,17.9672732580254
EXOSC3,177.53311356466,117.874395125237,141.482373697411,65.6049094834795,177.53311356466,99.4936733746209,70.5373887437691,47.667418712034,84.2354053090531,52.8647591179185,52.5900105607827,82.5512749181528,63.5372337023711,53.9018197740762
S1PR2,381.844964929576,386.366072910498,414.430669857018,433.524334289479,381.844964929576,512.6850463304,488.003567023219,462.475381546543,553.707397564843,575.63848817289,543.71285112035,716.579108052419,902.781216258039,829.761346825174
SSTR5-AS1,13.8852714519846,21.4317082045885,57.5945946024858,28.3696905874506,13.8852714519846,25.7513036969607,73.4164658353515,60.852023887703,32.5710233861672,57.563848817289,22.9021013732441,39.9990713520947,32.0448656933698,143.738186064203
CHGA,4.95902551856592,44.0540668649875,33.8055229188504,34.5755604034554,4.95902551856592,33.9449003278118,116.602622209088,83.1644326465275,8.98510989963233,56.3890763924464,68.7063041197322,92.7638037740067,106.079555398741,197.64000583828
GINS4,143.811740038412,196.457325208728,413.178613452616,488.490609802665,143.811740038412,351.154141322191,585.892188137021,570.99482414628,283.030961838419,812.942517991102,525.05187963104,501.264958008165,418.793244751281,720.324318799019
PTX3,263.820157587707,144.664030380972,196.572855491093,215.432337898453,263.820157587707,1398.76399626673,2847.40724357501,1887.42694091692,737.902150507305,852.884780435751,894.030179533306,2065.48396109646,1650.31058320854,5001.43551964308
SNORA78,0.0,8.33455319067331,0.0,10.638633970294,0.0,14.0461656528877,1.43953854579121,26.369210351338,1.12313873745404,1.17477242484263,4.24112988393409,61.2751731351237,23.7574004278431,3.26677695600462
OR6K3,11.9016612445582,1.19065045581047,2.50411280880373,0.886552830857831,11.9016612445582,1.1705138044073,5.75815418316483,2.02840079625677,3.36941621236213,1.17477242484263,3.39290390714727,0.0,0.0,0.0
LCP2,33056.8641067604,29305.4796688632,46600.287315433,29284.6131088959,33056.8641067604,92108.9017826152,147938.497273871,43545.7082940403,43836.1049228312,64242.4300525194,29539.4696416009,110478.286118557,90822.8843425912,210605.843576662
NEO1,34.7131786299614,77.9876048555859,26.2931844924392,14.1848452937253,34.7131786299614,25.7513036969607,25.9116938242417,20.2840079625677,43.8024107607076,27.0197657713805,19.5091974660968,30.6375865675619,113.8145229799,26.134215648037
RGPD1,511.771433516003,132.162200594962,1464.90599315018,89.541835916641,511.771433516003,298.481020123863,899.711591119504,51.7242203045476,560.446229989567,1616.48685658346,55.1346884911431,52.7647324219121,60.7747452805289,752.992088359065
GAR1,90.2542644378997,45.8400425487032,40.0658049408597,46.987300035465,90.2542644378997,104.17572859225,37.4280021905714,37.5254147307502,60.6494918225183,28.1945381962232,39.8666209089804,40.8501154234158,22.0999073747378,19.6006617360277
RS1,24.7951275928296,1.78597568371571,8.76439483081306,2.65965849257349,24.7951275928296,5.85256902203652,4.31861563737362,5.07100199064192,5.61569368727021,10.5729518235837,2.54467793036045,0.0,1.65749305310533,1.63338847800231
ID1,21.81971228169,10.120528874389,5.00822561760746,11.5251868011518,21.81971228169,46.8205521762922,41.746617827945,26.369210351338,22.4627747490808,12.922496673269,33.0808130946859,29.7865424962407,30.9398703246329,34.3011580380485
SLC22A18AS,40.6640092522405,52.3886200556608,43.8219741540653,21.2772679405879,40.6640092522405,16.3871932617023,5.75815418316483,18.2556071663109,39.3098558108915,21.1459036471674,33.9290390714727,29.7865424962407,14.3649397935796,13.0671078240185
LOC442132,56.5328909116515,28.5756109394513,85.1398354993269,17.7310566171566,56.5328909116515,21.0692484793315,34.548925098989,8.11360318502707,19.0933585367187,31.7188554707511,5.0893558607209,20.4250577117079,13.8124421092111,27.7676041260393
LINC00528,494.910746752879,909.656948239201,1587.60752078157,1468.13148790057,494.910746752879,536.095322418546,1453.93393124912,1363.08533508455,2675.31647261553,4259.72481247939,6043.61008460607,4615.21199877467,3096.19702320076,7199.97641103418
SNX30,871.796686163888,748.323811476882,822.601057692026,740.271613766289,871.796686163888,809.995552649855,764.394967815131,624.747445247085,2782.01465267366,2894.63925481225,1278.27654701773,740.408342049412,703.32955220103,1076.40300700352
OR7E5P,11.9016612445582,16.6691063813466,16.2767332572243,15.957950955441,11.9016612445582,23.4102760881461,20.1535396410769,41.5822163232637,12.3545261119945,27.0197657713805,17.8127455125232,36.59489506681,29.2823772715276,31.0343810820439
CFB,18.8442969705505,23.8130091162094,8.76439483081306,58.5124868366169,18.8442969705505,55.0141488071433,51.8233876484834,82.1502322483991,30.3247459112591,31.7188554707511,104.331795144779,64.6793494204084,85.0846433927405,68.602316076097
RAB15,98.1887052676052,113.7071185299,175.287896616261,144.508111429826,98.1887052676052,86.6180215261406,161.228317128615,167.343065691183,99.9593476334097,149.196097955014,137.412608239464,113.188861485715,116.577011401742,132.304466718187
ZBTB49,206.295461572342,153.593908799551,209.093419535112,280.150694551075,206.295461572342,95.982131961399,69.0978501979779,259.635301920866,128.037816069761,93.9817939874106,260.405374873553,105.529464843824,95.5820993957409,62.0687621640878
N4BP2,263.820157587707,204.196553171496,189.060517064682,149.827428414973,263.820157587707,1616.47956388649,8602.68234964825,806.289316512065,242.597967290073,167.992456752496,181.520359032379,472.329459583245,759.684316006612,5729.9267808321
PI4K2B,150.754375764404,96.4426869206483,66.3589894332989,56.7393811749012,150.754375764404,110.028297614287,86.3723127474724,33.4686131382367,385.236586946736,520.424184205286,60.224044351864,63.8283053490872,120.996992876689,130.671078240185
TTYH3,625.829020443019,838.813246118478,272.948296159607,661.368411819942,625.829020443019,540.777377636175,335.412481169351,574.037425340665,545.845426402664,246.702209216953,600.543991565067,1245.07747634286,628.189867126922,266.242321914377
ERVV-1,186.459359498078,225.032936148179,349.323736828121,359.053896497422,186.459359498078,227.079678055017,414.587101187867,337.728732576752,320.094540174402,512.200777231388,420.720084486261,405.096977948874,541.447730681076,757.892253793072
MIR6891,4.95902551856592,30.361586623167,17.5287896616261,24.8234792640193,4.95902551856592,21.0692484793315,17.2744625494945,26.369210351338,21.3396360116268,29.3693106210658,41.5630728625541,79.1470986328682,53.5922753837391,52.2684312960739
ROBO3,2.97541531113955,29.7662613952618,1.25205640440187,5.31931698514699,2.97541531113955,2.34102760881461,14.3953854579121,1.01420039812838,1.12313873745404,7.0486345490558,1.69645195357363,21.2761017830291,41.9898240120018,8.16694239001155
SCNN1A,16.8606867631241,42.2680911812718,36.3096357276541,54.0797226823277,16.8606867631241,435.431135239517,352.686943718846,342.799734567394,28.078468436351,39.9422624446495,60.224044351864,190.63387197594,127.626965089111,187.839674970266
KBTBD12,279.689039247118,286.946759850324,359.340188063336,421.11259465747,279.689039247118,440.113190457147,522.552492122208,523.327405434246,490.811628267416,491.05487358422,436.836378045211,531.902544575727,687.307119354345,687.656549238973
LINC00102,6.94263572599229,17.8597568371571,20.0329024704299,33.6890075725976,6.94263572599229,28.0923313057753,63.3396960148131,27.3834107494664,13.4776648494485,16.4468139477969,16.1162935589495,38.2969832094523,30.9398703246329,65.3355391200924
SUMO1P1,193.401995224071,153.593908799551,416.934782665821,513.314089066684,193.401995224071,738.594210581009,899.711591119504,787.019508947626,195.426140317003,288.994016511288,346.924424505808,388.07609652245,229.839036697273,609.253902294862
LOC100506321,23.8033224891164,36.3148389022194,57.5945946024858,22.1638207714458,23.8033224891164,14.0461656528877,7.19769272895603,22.3124087588244,23.5859134865349,24.6702209216953,20.3574234428836,9.36148478453279,8.28746526552667,6.53355391200924
IL17C,2.97541531113955,5.95325227905236,3.7561692132056,1.77310566171566,2.97541531113955,2.34102760881461,1.43953854579121,5.07100199064192,32.5710233861672,76.3602076147711,27.991457233965,10.212528855854,24.3098981122116,24.5008271700347
ENO1-AS1,0.0,1.19065045581047,2.50411280880373,0.0,0.0,37.4564417410338,12.9558469121209,31.4402123419799,0.0,0.0,1.69645195357363,25.5313221396349,12.1549490561058,27.7676041260393
SEMA3B,49.5902551856592,142.282729469351,299.241480652046,431.751228627764,49.5902551856592,141.632170333284,257.677399696626,531.441008619273,52.78752066034,222.031988295258,441.925733905932,354.034333669604,308.846205561961,302.176868430427
SIK1,2920.86603043533,3730.30787805421,2000.78613423418,15770.0017552991,2920.86603043533,351.154141322191,128.118930575417,2189.65865955918,1216.35925266273,1416.77554436021,3861.97287231038,548.92342600215,905.543704679881,158.438682366224
TMEM132A,15.8688816594109,36.9101641301246,38.8137485364578,149.827428414973,15.8688816594109,64.3782592424018,103.646775296967,289.047113466589,71.8808791970587,91.6322491377253,268.887634641421,203.399533045758,296.691256505855,253.175214090358
ALAS1,924.362356660687,727.487428500199,707.411868487054,613.494558953619,924.362356660687,1876.33362846491,3027.34956179891,1171.40145983828,1001.83975380901,514.550322081073,747.287085549186,1308.05473762063,881.786304252038,1453.71574542206
LOC101927709,0.0,1.78597568371571,6.26028202200933,7.09242264686265,0.0,8.19359663085113,27.3512323700329,4.05680159251354,5.61569368727021,14.0972690981116,4.24112988393409,7.65939664189047,8.83996294989512,24.5008271700347
SLC25A25-AS1,286.63167497311,347.669933096658,391.893654577784,399.835326716882,286.63167497311,565.358167528728,548.46418594645,750.508294615004,388.606003159098,471.083742361896,467.372513209536,708.919711410529,739.794399369348,913.064159203292
MIR29A,0.0,2.38130091162094,7.5123384264112,2.65965849257349,0.0,14.0461656528877,92.1304669306372,16.2272063700541,0.0,9.39817939874106,3.39290390714727,8.51044071321163,11.6024513717373,71.8690930321017
ZNF155,101.164120578745,66.0811002974812,96.4083431389437,78.0166491154891,101.164120578745,889.590491349552,868.041743112097,1059.83941604416,53.910659397794,48.1656694185479,74.64388595724,941.254742881206,871.841345933406,651.722002722922
TXNIP,135904.077946506,134185.115719384,168251.339623523,75700.9731212885,135904.077946506,40843.9086909885,45980.3006911169,48599.468877914,45864.4934826732,68303.6183252003,48674.5994519347,49418.4271334773,23289.9873868674,23419.5239975971
LOC100506083,110.090366512163,146.450006064688,211.597532343915,183.516435987571,110.090366512163,196.646319140427,218.809858960263,229.209289977015,174.086504305376,245.52743679211,184.065036962739,313.184218246188,284.536307449749,333.211249512471
IL24,8.92624593341865,17.8597568371571,10.0164512352149,8.86552830857831,8.92624593341865,10.5346242396657,4.31861563737362,11.1562043794122,12.3545261119945,12.922496673269,0.0,7.65939664189047,24.86239579658,8.16694239001155
TYW5,302.500556632521,255.394522771346,355.58401885013,259.759979441345,302.500556632521,348.813113713377,369.96140626834,310.345321827285,577.293311051377,476.957604486109,485.18525872206,458.712754442107,821.564056655877,1110.70416504157
SYDE2,75.377187882202,89.8941094136907,103.920681565355,116.138420842376,75.377187882202,115.880866636323,151.151547308077,172.414067681825,134.776648494485,135.098828856903,176.431003171658,188.931783833298,208.844124691272,254.80860256836
SERPINB9P1,60.5001113265042,55.365246195187,151.498824932626,109.045998195513,60.5001113265042,149.825766964135,133.877084758582,129.817650960433,183.071614205009,332.460596230465,230.717465686014,193.187004189904,192.269194160219,357.712076682506
OLFML3,56.5328909116515,51.1979695998503,43.8219741540653,15.0713981245831,56.5328909116515,5.85256902203652,4.31861563737362,13.184605175669,21.3396360116268,8.22340697389843,11.0269376982286,5.95730849924814,1.65749305310533,3.26677695600462
MIR6847,0.0,0.0,0.0,0.886552830857831,0.0,9.36411043525844,8.63723127474724,19.2698075644393,0.0,0.0,3.39290390714727,3.40417628528465,3.86748379057911,9.80033086801386
ANGPTL1,4.95902551856592,6.5485775069576,13.7726204484205,15.0713981245831,4.95902551856592,16.3871932617023,35.9884636447802,36.5112143326218,4.49255494981617,23.4954484968526,21.2056494196704,8.51044071321163,17.1274282154218,34.3011580380485
MID1IP1,5559.06760631239,6223.52993252134,7115.4365462158,12095.2402713934,5559.06760631239,2132.67615163011,3762.95375869821,6417.86011935641,7249.86055026584,16144.8974346123,13770.1005071572,2597.38650567219,1993.96414288572,5146.80709418528
ETV7,124.967443067861,301.829890547955,169.027614594252,41.6679830503181,124.967443067861,211.862998597722,397.312638638373,73.0224286652437,90.9742377337774,137.448373706588,52.5900105607827,287.652896106553,158.566835413744,137.204632152194
BRE-AS1,3108.31719503712,4072.02455887181,2614.2937723911,21169.9950480541,3108.31719503712,9247.05905481771,10045.099972531,22409.7719970448,11199.9394898917,7130.86861879478,33029.0713101019,14072.0137192954,6923.34848282098,9351.14903656323
ASAP1,15476.1268383405,13285.8731111612,22319.1574648677,20424.4041173027,15476.1268383405,15433.2245111103,25279.7364026394,19573.0534834797,14619.8969454393,22664.8843924889,20303.1369803693,22653.0910904267,11689.1935081832,26242.0192875851
IARS,91.2460695416129,165.500413357656,27.545240896841,23.0503736023036,91.2460695416129,112.369325223101,18.7140010952857,19.2698075644393,90.9742377337774,23.4954484968526,17.8127455125232,58.7220409211602,220.999073747378,19.6006617360277
TAF9B,258.861132069141,310.164443738628,319.274383122476,346.642156865412,258.861132069141,231.761733272646,276.391400791912,242.393895152684,143.761758394117,211.459036471674,183.216810985953,113.188861485715,139.781914145217,148.63835149821
C1orf186,36.6967888373878,45.2447173207979,45.0740305584672,39.0083245577446,36.6967888373878,36.2859279366265,43.1861563737362,33.4686131382367,35.9404395985293,39.9422624446495,29.6879091875386,29.7865424962407,46.9623031713178,27.7676041260393
SLC6A12,65.4591368450701,132.757525822868,135.222091675402,49.6469585280385,65.4591368450701,43.3090107630703,79.1746200185164,58.8236230914463,208.903805166452,348.907410178262,74.64388595724,83.402318989474,93.3721086582672,78.4026469441109
TMEM114,0.0,1.78597568371571,0.0,0.886552830857831,0.0,3.51154141322191,1.43953854579121,2.02840079625677,3.36941621236213,0.0,3.39290390714727,4.25522035660581,3.86748379057911,8.16694239001155
CLEC4E,5504.51832560817,7108.18322118852,6280.31492447976,8325.61763458589,5504.51832560817,3852.16093030444,4600.7651923487,6662.28241530535,11710.9676154333,16184.8396970569,17614.260633955,9421.05786952527,9652.6870436011,10066.5731899282
FAM134B,606.984723472468,286.946759850324,275.45240896841,437.957098443769,606.984723472468,309.015644363529,266.314630971373,135.902853349203,947.929094411211,372.402858675114,340.986842668301,159.996285408379,164.644309941797,272.775875826386
GBP4,1698.96214266068,3344.53713037162,1227.01527631383,1032.83404794937,1698.96214266068,1399.93451007114,971.688518409064,936.106967472498,1987.95556529365,1524.85460744574,1013.63004226025,1363.3726022565,2671.8788016058,1187.47342350768
RPS16P5,60.5001113265042,90.4894346415959,166.523501785448,132.096371797817,60.5001113265042,191.964263922798,169.865548403362,145.030656932359,93.2205152086855,150.370870379857,147.591319960906,189.782827904619,472.938017819389,377.312738418534
CCNT2,1557.1340128297,1440.09172630277,1696.53642796453,1218.12358959866,1557.1340128297,1353.11395789484,1533.10855126763,962.476177823836,1017.56369613336,1287.55057762753,1000.90665260844,705.515535125244,842.558968661878,780.759692485104
PDZD2,81.328018504481,60.7231732463341,105.172737969757,34.5755604034554,81.328018504481,32.7743865234045,47.5047720111098,28.3976111475948,42.6792720232536,59.9133936669743,39.0183949321936,17.0208814264233,36.4648471683174,50.6350428180716
LOC101929057,83.3116287119074,88.1081337299749,127.70975324899,74.4704377920578,83.3116287119074,187.282208705169,158.349240037033,128.803450562305,86.4816827839612,121.001559758791,82.2779197483213,159.996285408379,188.40171036964,261.34215648037
DNAJC5B,0.0,0.0,0.0,0.0,0.0,8.19359663085113,12.9558469121209,6.0852023887703,0.0,1.17477242484263,0.0,5.10626442792698,2.76248842184222,13.0671078240185
CSRNP1,5845.6992812855,8430.40055236605,8736.84958991622,38317.6999025063,5845.6992812855,28565.2188827559,77170.782362775,63046.7535492529,18147.6757197824,30882.4175042631,63694.1368228989,47412.5162573733,37278.1237597077,98939.240278034
CLMP,9.91805103713184,19.0504072929676,30.0493537056448,16.8445037862988,9.91805103713184,58.5256902203652,35.9884636447802,91.2780358315546,28.078468436351,23.4954484968526,27.1432312571782,117.44408184232,114.919518348637,37.5679349940531
TSIX,980.895247572339,925.730729392642,1904.37779109524,1410.50555389481,980.895247572339,1457.28968648709,2281.66859507906,1492.90298604498,8165.21862129088,4334.91024766931,4199.56681107153,3809.27326323353,6409.52563635833,7069.305332794
VPS33A,563.345298909088,463.163027310274,457.000587606681,511.540983404969,563.345298909088,505.661963503956,450.575564832648,552.739216979969,494.181044479778,484.006239035165,547.105755027497,460.414842584749,461.335566447651,553.718694042783
MESDC1,483.00908550832,635.807343402792,413.178613452616,578.032445719306,483.00908550832,924.705905481771,2566.69722714572,1345.84392831637,488.565350792508,597.9591642449,665.009165800865,812.74708811171,548.630200577866,1262.60929349579
CHCHD7,200.344630950063,169.072364725087,122.701527631383,98.4073642252193,200.344630950063,450.647814696812,403.070792821538,182.556071663109,188.687307892279,131.574511582375,89.0637275626158,130.209742912138,170.169286785481,262.975544958372
RELA,2687.79183106273,3733.28450419374,4118.01351407774,5878.73182141828,2687.79183106273,3852.16093030444,5208.25045867259,6614.61499659332,5203.50177062458,10113.6158054702,6930.85445632509,8704.47876147285,7392.97151453416,10234.8122031625
LOC643802,3821.4250646069,1176.95797556865,2305.03584050384,1379.47620481479,3821.4250646069,2582.15345252251,1553.26209090871,961.461977425708,2968.45568309103,1405.02782011179,1068.76473075139,719.132240266383,581.227563955604,1167.87276177165
EMX2OS,447.304101774646,487.571361654388,648.565217480167,651.616330680506,447.304101774646,506.832477308363,771.592660544087,662.272859977835,692.976601009144,811.767745566259,743.894181642039,828.065881395491,1125.99028074289,1262.60929349579
AVPR2,33.7213735262482,31.5522370789775,36.3096357276541,62.945250990906,33.7213735262482,79.5949386996967,50.3838491026922,98.3774386184532,49.4181044479778,48.1656694185479,77.1885638876004,91.9127597026856,130.389453510953,80.0360354221132
SLC12A3,15.8688816594109,25.5989847999252,22.5370152792336,18.6176094480145,15.8688816594109,32.7743865234045,41.746617827945,24.3408095550812,28.078468436351,24.6702209216953,24.5985533268177,37.4459391381312,44.752312433844,49.0016543400693
SRSF3,3653.81000207937,3520.15807260366,2122.23560546116,4487.73042980234,3653.81000207937,10446.8357043352,8368.03756668428,9512.18553404611,4057.90025842145,2986.27150394997,5415.92286178383,11586.9650310376,9025.60217184291,10221.7450953385
C3,65.4591368450701,74.4156534881545,37.561692132056,74.4704377920578,65.4591368450701,56.1846626115506,34.548925098989,57.8094226933179,266.183880776608,320.712871982039,91.6084054929763,128.507654769496,97.7920901332147,68.602316076097
PAF1,3592.31808564915,3342.15582946,3270.37132829767,4377.79787877597,3592.31808564915,9488.18489852561,6699.61239211228,6853.96629055162,4997.96738167049,3894.37058835333,4855.24549112774,8451.71867229047,6922.24348745224,5808.32942777622
CXCR4,55978.4718586758,58591.9089304333,77256.8883772127,27873.2210021702,55978.4718586758,9642.69272070738,5317.65538815272,11860.0594557133,26785.7357495414,36240.5545339704,16507.3257342483,13452.4536353736,9851.03371228937,5140.27354027327
TMEM52B,156.705206386683,90.4894346415959,102.668625160953,144.508111429826,156.705206386683,444.795245674776,322.45663425723,384.381950890657,443.639801294347,207.934719197146,465.676061255963,1034.01854665521,1179.58255612663,1421.04797586201
UBE2S,1003.70676495774,1295.42769592179,647.313161075765,1713.70662204819,1003.70676495774,2980.128146021,1669.8647131178,2349.90232246347,1160.20231579003,818.816380115315,2187.5747941332,5327.53588647048,2547.01432493853,1517.41789606415
SYNJ2,436.394245633801,207.173179311022,493.310223334335,97.5208113943614,436.394245633801,141.632170333284,82.0536971100988,62.8804246839598,183.071614205009,146.846553105329,75.4921119340268,123.401390341569,196.689175635166,66.9689275980947
MMP25-AS1,1199.09237038924,1118.61610323394,2456.53466543646,1972.58004865867,1199.09237038924,728.059586341344,1389.15469668851,1094.32222958053,780.581422530559,1541.30142139353,1241.8028300159,599.98607028142,341.996066624067,1229.94152393574
PPP1R15A,16864.653983539,15785.6437431352,10869.1016466126,42503.1158169861,16864.653983539,52182.6759142821,46269.647938821,72906.809819857,298902.035337382,142821.782777818,437822.016630237,322073.373571137,244384.643233641,300768.887562389
SMTNL1,53.5574756005119,215.507732501695,92.6521739257381,156.033298230978,53.5574756005119,64.3782592424018,73.4164658353515,109.533642997865,55.033798135248,72.8358903402432,95.0013094001236,141.273315839313,141.99190488269,37.5679349940531
SLAMF7,263.820157587707,367.315665617531,267.940070541999,298.768303999089,263.820157587707,314.868213385565,367.082329176758,337.728732576752,741.271566719668,482.831466610322,367.281847948692,567.646395571216,795.59666549056,602.720348382853
BATF2,71.4099674673492,200.624601804065,105.172737969757,70.0376736377687,71.4099674673492,1230.21000843208,246.161091330296,353.955938946806,57.2800756101561,61.0881660918169,106.028247098352,1539.53872501998,1660.25554152718,231.941163876328
SLC30A4,97.196900163892,23.8130091162094,35.0575793232522,28.3696905874506,97.196900163892,37.4564417410338,15.8349240037033,16.2272063700541,548.091703877572,340.684003204363,78.0367898643872,28.9354984249195,66.2997221242134,303.81025690843
RPARP-AS1,15.8688816594109,33.9335379905985,21.2849588748317,14.1848452937253,15.8688816594109,11.705138044073,12.9558469121209,10.1420039812838,23.5859134865349,11.7477242484263,15.2680675821627,9.36148478453279,26.5198888496853,11.4337193460162
ACTN1-AS1,18.8442969705505,12.50182978601,11.2685076396168,7.97897547772048,18.8442969705505,72.5718558732529,149.712008762285,34.4828135363651,15.7239423243566,14.0972690981116,10.1787117214418,71.4877019909777,66.2997221242134,91.4697547681294
LOC100506860,24.7951275928296,52.3886200556608,90.1480611169343,70.0376736377687,24.7951275928296,1114.32914179575,3644.91159794333,2243.41128065999,24.7090522239889,111.60338036005,49.1971066536354,931.042214025352,1043.66812577199,1963.33295055878
NOLC1,556.402663183096,522.695550100797,400.658049408597,212.772679405879,556.402663183096,3008.22047732677,557.101417221197,472.617385527827,822.137555816359,431.141479917246,312.995385434336,2982.90946998068,1981.25669614524,713.79076488701
MS4A14,16.8606867631241,61.9138237021446,10.0164512352149,31.9159019108819,16.8606867631241,3.51154141322191,5.75815418316483,21.2982083606961,34.8173008610753,9.39817939874106,36.4737170018332,30.6375865675619,39.2273355901596,0.0
ZAK,151.746180868117,266.110376873641,738.713278597101,717.221240163985,151.746180868117,490.445284046661,1959.21196082183,1057.8110152479,216.76577632863,841.137056187325,687.063041197322,525.945236076479,554.707675105918,1669.32302451836
IRF5,163.647842112675,208.959154994738,78.8795534773176,191.495411465292,163.647842112675,139.291142724469,86.3723127474724,259.635301920866,207.780666428998,439.364886891145,257.860696943193,217.867282258218,169.616789101113,96.3699202021363
C8orf86,64.4673317413569,64.8904498416707,95.1562867345418,111.705656688087,64.4673317413569,67.8898006556237,119.48169930067,99.3916390165816,125.791538594853,132.749284007217,108.572925028713,133.613919197423,171.826779838586,174.772567146247
MIR372,12.8934663482714,23.2176838883042,17.5287896616261,46.1007472046072,12.8934663482714,23.4102760881461,15.8349240037033,44.6248175176489,20.2164972741728,15.2720415229542,45.8042027464881,34.8928069241677,52.4872800150023,32.6677695600462
LINC00462,7.93444082970547,1.78597568371571,0.0,0.0,7.93444082970547,24.5807898925534,38.8675407363626,10.1420039812838,0.0,1.17477242484263,0.0,34.8928069241677,19.889916637264,29.4009926040416
ACAT2,121.992027756722,84.5361823625435,41.3178613452616,56.7393811749012,121.992027756722,232.932247077054,47.5047720111098,70.9940278689869,539.10659397794,271.372430138648,123.840992610875,309.780041960903,365.200969367542,102.903474114146
TMEM38A,163.647842112675,195.861999980823,189.060517064682,232.276841684752,163.647842112675,223.568136641795,254.798322605044,269.77730590215,241.474828552619,283.120154387074,309.602481527188,237.441295898604,451.943105813388,478.582824054677
COPZ1,479.041865093468,520.909574417082,343.063454806111,468.099894692935,479.041865093468,429.578566217481,372.840483359922,472.617385527827,888.402741326147,3136.64237432983,846.529524833244,532.753588647048,740.346897053716,880.396389643245
MFAP5,91.2460695416129,104.777240111322,150.246768528224,155.14674540012,91.2460695416129,195.47580533602,237.523860055549,198.783278033163,147.131174606479,191.487905249349,152.680675821627,191.484916047262,221.551571431746,352.811911248499
MIR5696,19.8361020742637,5.35792705114712,12.5205640440187,25.7100320948771,19.8361020742637,184.941181096354,112.284006571714,164.300464496798,7.86197116217829,10.5729518235837,24.5985533268177,95.3169359879702,71.2722012835294,143.738186064203
PRDM7,70.418162363636,54.7699209672817,70.1151586465045,57.625934005759,70.418162363636,181.429639683132,162.667855674406,168.357266089312,730.040179345127,569.764626048677,832.109683227868,1334.43710383158,1434.28398862048,1688.92368625439
MCC,415.566338455824,502.454492352019,1170.67273811574,245.575134147619,415.566338455824,158.019363594986,226.007551689219,217.038885199474,409.945639170725,1191.21923879043,247.681985221751,185.527607548013,261.331404706274,303.81025690843
SLA,27596.9770108193,25009.612824299,65967.0957787211,27843.9647587519,27596.9770108193,11451.1365485167,38091.6294601811,17913.8216321416,13993.1855299399,36462.5865222656,18181.7238124254,10546.9891758832,7286.89195913542,24027.144511414
CD2BP2,1068.1740966991,1294.23704546598,1170.67273811574,1211.0311669518,1068.1740966991,2932.1370800403,3178.50110910698,2001.0173855073,901.880406175596,718.960724003691,1075.55053856568,2534.40924439442,1479.03630105433,1576.21988127223
LOC284865,214.229902402048,205.982528855212,351.827849636924,285.470011536222,214.229902402048,388.610583063225,431.861563737362,343.813934965522,455.994327406341,466.384652662525,346.924424505808,443.393961158326,650.842272186028,788.926634875116
STAMBPL1,77.3607980896283,42.863416409177,23.7890716836355,23.9369264331614,77.3607980896283,43.3090107630703,35.9884636447802,22.3124087588244,23.5859134865349,9.39817939874106,15.2680675821627,12.7656610698174,38.1223402214227,8.16694239001155
RNASEL,2506.29149708321,2013.38992077551,3582.13337299374,2070.98741288389,2506.29149708321,1548.58976323086,2101.72627685516,1939.15116122147,1399.43086686774,1765.68295453848,1782.1227772291,1249.33269669947,924.328625948408,1621.95475865629
TGM2,20.8279071779769,45.8400425487032,26.2931844924392,22.1638207714458,20.8279071779769,721.0365035149,1037.90729151546,85.1928334427842,50.5412431854319,85.7583870135122,18.66097148931,440.840828944362,436.473170651071,534.118032306756
SLC39A8,184.475749290652,169.072364725087,111.433019991766,66.4914623143373,184.475749290652,268.047661209273,220.249397506055,49.6958195082908,339.187898711121,454.636928414099,93.3048574465499,337.864496314502,484.540469191126,1079.66978395953
CD83,1806.07709386171,1828.24377489698,2120.98354905676,2148.11750916852,1806.07709386171,2624.29194948118,3204.41280293123,1890.46954211131,16592.1285684086,20409.3213367911,12306.9106971999,10272.1019408464,12582.582263807,14032.4404145179
DANCR,23.8033224891164,45.8400425487032,8.76439483081306,7.97897547772048,23.8033224891164,22.2397622837388,11.5163083663297,10.1420039812838,31.4478846487132,8.22340697389843,9.33048574465499,17.8719254977444,67.9572151773187,17.9672732580254
PPEF2,143.811740038412,111.921142846184,216.605757961523,159.57950955441,143.811740038412,149.825766964135,249.040168421879,221.095686791988,208.903805166452,254.925616190851,245.13730729139,239.994428112568,372.383439264332,442.648277538626
RNF217-AS1,13.8852714519846,11.9065045581047,26.2931844924392,25.7100320948771,13.8852714519846,32.7743865234045,47.5047720111098,34.4828135363651,31.4478846487132,57.563848817289,37.32194297862,65.5303934917295,67.9572151773187,120.870747372171
FAM13B,2694.73446678872,1602.6155135209,3142.66157504868,2029.31942983358,2694.73446678872,3058.55257091629,3892.51222781942,1743.41048438269,2552.89435023304,3359.84913504993,1849.13262939526,1900.38141126016,1446.43893767659,3743.7263915813
CLK4,1021.55925682458,748.323811476882,1573.83490033315,348.415262527128,1021.55925682458,534.924808614138,430.422025191571,267.748905105893,1189.40392296383,2032.35629497775,289.245058084305,477.435724011172,423.765723910597,491.649931878695
CDK4,20.8279071779769,45.2447173207979,21.2849588748317,16.8445037862988,20.8279071779769,35.1154141322191,43.1861563737362,17.2414067681825,116.80642869522,44.64135214402,26.2950052803913,80.8491867755105,97.2395924488463,26.134215648037
SNN,7913.61292252749,10883.7358165635,11001.8196254792,9346.92649573411,7913.61292252749,4955.95544786053,6796.06147468029,8297.17345708831,18211.6946278173,37252.0335917599,12101.6400108175,8044.91960619895,6256.48377778827,13330.0833689769
ZNF182,492.927136545452,301.829890547955,569.685664002849,359.940449328279,492.927136545452,283.264340666568,300.863556070362,273.834107494664,397.591113058731,348.907410178262,319.78119324863,164.251505764984,174.589268260429,249.908437134354
MESDC2,230.098784061459,260.752449822493,177.792009425065,181.743330325855,230.098784061459,174.406556856688,177.063241132318,177.485069672467,258.32190961443,368.878541400587,270.584086594995,331.056143743932,646.974788395449,899.997051379273
RPL13P5,29.7541531113955,21.4317082045885,40.0658049408597,34.5755604034554,29.7541531113955,133.438573702433,54.7024647400658,58.8236230914463,41.5561332857995,24.6702209216953,41.5630728625541,138.72018362535,133.704439617164,70.2357045540994
GLI1,472.099229367475,681.05206072359,1627.67332572243,388.31013991573,472.099229367475,636.759509597574,2110.36350812991,475.659986722212,143.761758394117,628.503247290808,296.030865898599,465.521107012676,463.545557185125,1641.55542039232
GPR146,17.8524918668373,39.2914650417456,2.50411280880373,6.20586981600482,17.8524918668373,9.36411043525844,4.31861563737362,2.02840079625677,28.078468436351,2.34954484968527,5.0893558607209,6.8083525705693,46.4098054869494,4.90016543400693
GTF3C6,59.508306222791,57.1512218789027,45.0740305584672,35.4621132343132,59.508306222791,45.6500383718849,20.1535396410769,30.4260119438515,374.005199572196,332.460596230465,129.778574448383,57.8709968498391,87.2946341302143,114.337193460162
NSUN6,89.2624593341865,79.7735805393016,97.6603995433455,46.987300035465,89.2624593341865,132.268059898025,120.921237846461,44.6248175176489,183.071614205009,199.711312223248,100.938891237631,228.930855185393,237.021506594063,245.008271700347
C7orf60,1042.38716400256,978.119349448303,825.10517050083,1401.64002558623,1042.38716400256,1007.81238559469,1006.23744350805,1148.07485068133,1001.83975380901,1005.60519566529,1317.29494194993,1034.86959072653,817.14407518093,1122.13788438759
GRIN2C,10.909856140845,4.76260182324189,8.76439483081306,11.5251868011518,10.909856140845,9.36411043525844,14.3953854579121,24.3408095550812,3.36941621236213,12.922496673269,16.9645195357364,7.65939664189047,8.83996294989512,9.80033086801386
LINC01093,35.7049837336746,66.0811002974812,83.887779094925,94.8611529017879,35.7049837336746,203.669401966871,319.577557165648,269.77730590215,345.926731135845,465.209880237682,331.656356923646,484.244076581742,1235.38482224784,2561.15313350762
IQGAP3,10.909856140845,4.76260182324189,3.7561692132056,0.886552830857831,10.909856140845,11.705138044073,2.87907709158241,0.0,12.3545261119945,0.0,0.0,0.851044071321163,0.0,0.0
LOC102723809,17.8524918668373,17.8597568371571,31.3014101100466,7.97897547772048,17.8524918668373,5.85256902203652,1.43953854579121,4.05680159251354,42.6792720232536,61.0881660918169,7.63403379108136,19.5740136403867,25.4148934809485,22.8674386920323
MANBAL,132.901883897567,133.352851050773,197.824911895495,114.36531518066,132.901883897567,67.8898006556237,53.2629261942746,115.618845386636,105.57504132068,109.253835510365,121.296314680515,100.423200415897,86.1896387614774,37.5679349940531
RASSF2,56446.6038676284,40435.6801297794,78667.9559449736,58443.33571581,56446.6038676284,33358.4729118038,37852.6660615798,47378.3715985675,41543.7787596875,60474.934886049,51461.0217856794,31278.4227532667,20148.4855535484,32390.0935187858
PTGS2,60237.2829740202,40761.3230294436,19937.7461836953,171114.448436701,60237.2829740202,174623.101910504,93840.6387230372,281740.813798473,191925.316872359,104757.981440492,581175.599611117,295174.423608889,186306.08665283,196238.558524154
LINC00936,704.18162363636,619.138237021446,1501.21562887784,2982.36372300574,704.18162363636,1706.60912682585,3257.6757291255,3630.83742529961,1679.09241249379,2010.03561890574,5437.1285112035,1940.38048261225,1333.17691238106,3992.00144023765
CKAP2L,64.4673317413569,53.5792705114713,83.887779094925,93.0880472400723,64.4673317413569,91.3000767437698,102.207236751176,91.2780358315546,320.094540174402,153.895187654385,122.992766634089,160.8473294797,161.329323835586,325.04430712246
LOC101928988,142.819934934698,70.2483768928179,68.8631022421026,65.6049094834795,142.819934934698,69.060314460031,27.3512323700329,33.4686131382367,166.224533143198,45.8161245688627,40.7148468857672,18.7229695690656,20.9949120060009,35.9345465160508
ZNF449,99.1805103713184,35.7195136743142,26.2931844924392,29.2562434183084,99.1805103713184,44.4795245674776,24.4721552784505,20.2840079625677,61.7726305599723,12.922496673269,31.3843611411122,22.1271458543502,18.2324235841587,17.9672732580254
LOC731424,2559.84897268373,3585.04852244533,4024.1092837476,3759.87055566806,2559.84897268373,23437.1979056475,45479.3412771816,29350.9595218354,13478.787988186,12116.6027898269,21869.8103594945,34299.6292064568,42311.9301619886,93851.2351690568
LINC01032,14.8770765556978,11.3111793301995,21.2849588748317,12.4117396320096,14.8770765556978,44.4795245674776,41.746617827945,52.738420702676,48.2949657105238,21.1459036471674,74.64388595724,38.2969832094523,32.0448656933698,26.134215648037
KANK2,32.7295684225351,51.1979695998503,123.953584035785,68.264567976053,32.7295684225351,62.0372316335872,159.788778582824,128.803450562305,41.5561332857995,211.459036471674,83.1261457251081,94.4658919166491,122.654485929795,295.643314518418
MIR4748,0.0,0.0,2.50411280880373,1.77310566171566,0.0,5.85256902203652,14.3953854579121,21.2982083606961,1.12313873745404,0.0,0.848225976786817,5.10626442792698,3.86748379057911,8.16694239001155
CWF19L2,716.083284880919,351.241884464089,330.542890762093,269.512060580781,716.083284880919,685.921089382681,290.786786249824,295.13231585536,798.551642329824,341.858775629206,256.164244989619,360.842686240173,370.725946211226,421.414227324596
LOC101928381,12.8934663482714,8.33455319067331,8.76439483081306,14.1848452937253,12.8934663482714,35.1154141322191,18.7140010952857,56.7952222951895,8.98510989963233,10.5729518235837,11.0269376982286,42.5522035660581,74.58718738974,52.2684312960739
RGS12,105.131340993597,106.563215795037,127.70975324899,100.180469886935,105.131340993597,125.244977071582,164.107394220198,121.704047775406,135.899787231939,211.459036471674,190.002618800247,181.272387191408,292.271275030907,387.113069286548
ALG8,25.7869326965428,53.5792705114713,38.8137485364578,46.987300035465,25.7869326965428,55.0141488071433,43.1861563737362,115.618845386636,23.5859134865349,32.8936278955937,36.4737170018332,62.1262172064449,103.869564661268,96.3699202021363
SCARB2,455.238542604351,425.657537952244,389.38954176898,320.045571939677,455.238542604351,484.592715024624,305.182171707736,361.055341733705,461.610021093611,339.509230779521,328.263453016498,399.139669449625,479.015492347442,390.379846242552
C21orf91,528.632120279127,475.069531868378,424.447121092233,444.162968259773,528.632120279127,1246.59720169378,1700.09502257941,640.974651617139,451.501772456525,346.557865328577,518.266071816745,690.196741841463,581.227563955604,957.165648109354
ERI2,34.7131786299614,19.6457325208728,17.5287896616261,11.5251868011518,34.7131786299614,227.079678055017,152.591085853868,7.09940278689869,51.6643819228859,15.2720415229542,12.7233896518023,45.1053357800216,47.5148008556863,34.3011580380485
HSD11B2,0.991805103713184,5.95325227905236,15.0246768528224,34.5755604034554,0.991805103713184,58.5256902203652,86.3723127474724,97.3632382203249,11.2313873745404,17.6215863726395,42.4112988393409,243.398604397853,201.109157110114,145.371574542206
EMP1,1.98361020742637,5.35792705114712,1.25205640440187,10.638633970294,1.98361020742637,29.2628451101826,40.3070792821538,393.509754473813,2.24627747490808,0.0,7.63403379108136,72.3387460622988,133.151941932795,26.134215648037
CRLF2,44.6312296670933,57.1512218789027,68.8631022421026,75.3569906229156,44.6312296670933,93.6411043525844,96.4490825680108,91.2780358315546,99.9593476334097,121.001559758791,92.4566314697631,131.060786983459,105.527057714373,135.571243674192
LINC00477,21.81971228169,41.0774407254613,62.6028202200933,41.6679830503181,21.81971228169,10.5346242396657,24.4721552784505,10.1420039812838,23.5859134865349,55.2143039676037,30.5361351643254,13.6167051411386,10.4974560030005,29.4009926040416
CYP1B1-AS1,16.8606867631241,14.2878054697257,37.561692132056,10.638633970294,16.8606867631241,1.1705138044073,8.63723127474724,5.07100199064192,4.49255494981617,2.34954484968527,1.69645195357363,1.70208814264233,1.10499536873689,1.63338847800231
SIGLEC9,2068.9054463457,2369.98973229074,3838.80493589612,3223.50609299907,2068.9054463457,994.936733746209,1399.23146650905,2710.95766419717,895.141573750871,1332.19192977155,2757.58265053394,1754.00183099292,928.748607423356,1071.50284156952
SPECC1L-ADORA2A,49.5902551856592,30.9569118510723,41.3178613452616,53.1931698514699,49.5902551856592,97.1526457658063,82.0536971100988,123.732448571663,68.5114629846965,77.5349800396137,73.7956599804531,274.036190965414,351.941024942699,145.371574542206
FLJ22447,6.94263572599229,8.92987841857854,17.5287896616261,10.638633970294,6.94263572599229,26.921817501368,51.8233876484834,22.3124087588244,6.73883242472425,14.0972690981116,5.93758183750772,16.1698373551021,13.8124421092111,63.7021506420901
HIP1R,357.049837336746,471.497580500947,261.67978851999,515.0871947284,357.049837336746,872.032784283442,1530.22947417605,394.523954871941,335.818482498758,304.266058034242,245.13730729139,764.237576046404,764.656795165928,1099.27044569556
HP,453.254932396925,36.9101641301246,137.726204484205,185.289541649287,453.254932396925,505.661963503956,228.886628780802,415.822163232637,498.673599429595,140.972690981116,191.699070753821,234.888163684641,116.577011401742,251.541825612356
C5orf45,96.2050950601788,75.606303943965,66.3589894332989,40.7814302194602,96.2050950601788,196.646319140427,83.49323565589,43.6106171195205,322.34081764931,68.1368006408727,101.787117214418,794.024118542645,670.179691138924,137.204632152194
PRNP,415.566338455824,465.544328221895,249.159224475971,411.360513518034,415.566338455824,1594.23980160275,1844.04887715854,995.944790962073,418.930749070358,281.945381962232,354.55845829689,545.519249716865,695.594584619872,1058.4357337455
BRD8,1021.55925682458,916.205525746158,959.075205771829,1245.60672735525,1021.55925682458,660.16978568572,410.268485550494,1088.23702719176,619.972583074631,607.357343643641,1160.37313624437,554.880734501398,470.175529397546,370.779184506524
MIR4313,1.98361020742637,5.35792705114712,8.76439483081306,16.8445037862988,1.98361020742637,8.19359663085113,27.3512323700329,13.184605175669,11.2313873745404,16.4468139477969,18.66097148931,15.3187932837809,7.18246989678978,35.9345465160508
LOC101927446,48.598450081946,46.4353677766084,63.8548766244952,70.0376736377687,48.598450081946,99.4936733746209,70.5373887437691,94.3206370259397,52.78752066034,75.1854351899285,70.4027560733059,86.8064952747586,135.914430354637,147.004963020208
HCST,348.123591403327,651.285799328328,570.937720407251,653.389436342222,348.123591403327,262.195092187236,512.47572230167,489.858792296009,1098.42968523005,1040.84836841057,1460.6451320269,1046.78420772503,801.674140018613,805.260519655139
SDE2,2713.57876375927,3241.54586594401,2544.17861374459,4296.23501833705,2713.57876375927,2139.69923445655,1376.19884977639,1875.25653613938,1462.32663616516,1750.41091301552,2422.53338970315,1266.35357812589,926.538616685882,1216.87441611172
ZNF529-AS1,23.8033224891164,14.8831306976309,6.26028202200933,13.2982924628675,23.8033224891164,23.4102760881461,20.1535396410769,16.2272063700541,15.7239423243566,35.243172745279,18.66097148931,47.6584679939851,27.0723865340538,68.602316076097
CEBPE,385.812185344428,76.7969543997755,31.3014101100466,70.0376736377687,385.812185344428,155.678335986172,15.8349240037033,44.6248175176489,184.194752942463,15.2720415229542,25.4467793036045,71.4877019909777,17.6799258997902,3.26677695600462
LINC01608,3.96722041485273,2.38130091162094,6.26028202200933,7.09242264686265,3.96722041485273,18.7282208705169,14.3953854579121,9.12780358315546,2.24627747490808,5.87386212421316,1.69645195357363,20.4250577117079,21.5474096903693,22.8674386920323
P2RY13,15991.8654922714,14890.8699255937,22516.9823767632,11925.0221278687,15991.8654922714,34142.7171607567,51712.5431804575,25380.3649631628,15709.3415207697,13341.8904289378,14988.1530098231,24209.6506968731,18893.7633123477,28028.9462825196
LOC105373609,107.114951201024,82.1548814509226,161.515276167841,127.663607643528,107.114951201024,133.438573702433,133.877084758582,129.817650960433,179.702197992647,204.410401922618,177.279229148445,155.741065051773,220.446576063009,307.077033864434
DNAH17,542.517391731111,715.580923942094,1620.16098729601,1817.43330325855,542.517391731111,2830.30237905686,8026.86693133177,3334.69090904613,293.139210475505,848.185690736381,1192.60572336227,1581.23988451472,1395.05665303032,3647.35647137916
NCR3LG1,36.6967888373878,96.4426869206483,60.0987074112896,33.6890075725976,36.6967888373878,45.6500383718849,74.8560043811427,38.5396151288786,1351.13590115721,3063.80648398959,213.752946150278,294.461248677122,774.60175348456,852.628785517206
PRR27,31.7377633188219,27.9802857115461,65.106933028897,34.5755604034554,31.7377633188219,35.1154141322191,61.9001574690219,61.8662242858314,50.5412431854319,51.6899866930758,48.3488806768486,53.6157764932333,66.2997221242134,117.603970416166
UNC13A,20.8279071779769,23.8130091162094,46.326086962869,31.9159019108819,20.8279071779769,71.4013420688456,47.5047720111098,69.9798274708585,32.5710233861672,39.9422624446495,41.5630728625541,62.977261277766,47.5148008556863,81.6694239001155
PDE4B,31181.3606556388,24630.3906541233,36741.5951871728,54947.6579037375,31181.3606556388,266497.900932238,528176.769220614,511462.274976542,47412.1786628849,78531.1870558803,64177.6256296674,277184.202985231,278870.443696551,715719.79667953
FAM124B,14.8770765556978,2.38130091162094,1.25205640440187,10.638633970294,14.8770765556978,31.6038727189972,0.0,18.2556071663109,12.3545261119945,5.87386212421316,5.0893558607209,10.212528855854,3.31498610621067,0.0
FAM86EP,322.336658706785,510.193720314787,828.861339714035,520.406511713547,322.336658706785,76.0833972864748,270.633246608747,126.775049766048,146.008035869025,577.988033022575,222.235205918146,101.274244487218,43.6473170651071,169.87240171224
C2orf81,6.94263572599229,21.4317082045885,22.5370152792336,12.4117396320096,6.94263572599229,9.36411043525844,20.1535396410769,22.3124087588244,24.7090522239889,48.1656694185479,24.5985533268177,49.3605561366274,49.72479159316,55.5352082520786
LOC101060498,0.0,0.0,6.26028202200933,7.97897547772048,0.0,12.8756518484804,44.6256949195274,96.3490378221965,2.24627747490808,0.0,33.0808130946859,27.2334102822772,59.1172522274236,93.1031432461317
SIRT6,211.254487090908,358.385787198952,286.720916608027,413.133619179749,211.254487090908,161.530905008208,218.809858960263,387.424552085043,469.47199225579,718.960724003691,666.705617754439,508.924354650055,360.228490208226,499.816874268707
DAXX,741.870217577461,897.750443681096,535.880141083999,786.372360970896,741.870217577461,1889.20928031339,1930.42118990601,1568.96801590461,1152.34034462785,781.223662520351,966.129387560185,2704.61805865866,1955.28930497993,1613.78781626628
DGCR9,35.7049837336746,77.3922796276807,196.572855491093,389.196692746588,35.7049837336746,108.857783809879,273.512323700329,535.497810211787,43.8024107607076,158.594277353755,403.755564950525,276.589323179378,340.89107125533,285.842983650404
LOC101927257,71.4099674673492,133.948176278678,159.011163359037,163.125720877841,71.4099674673492,113.539839027509,188.579549498648,149.087458524872,174.086504305376,247.876981641795,234.958595569948,204.250577117079,211.054115428746,336.478026468476
IER5,1309.1827369014,1806.21674146449,900.228554764942,2182.69306957198,1309.1827369014,4535.74099207831,2772.55123919386,4067.95779689295,9274.87969389548,16244.7530907239,12964.2858292097,13262.670807469,6946.55338556446,16343.6851108911
C9orf40,53.5574756005119,46.4353677766084,21.2849588748317,58.5124868366169,53.5574756005119,220.056595228573,54.7024647400658,69.9798274708585,53.910659397794,21.1459036471674,61.9204963054377,81.7002308468316,39.2273355901596,26.134215648037
SSSCA1,78.3526031933415,104.181914883416,100.164512352149,129.436713305243,78.3526031933415,71.4013420688456,54.7024647400658,93.3064366278113,152.74686829375,311.314692583298,169.645195357363,87.6575393460798,120.996992876689,96.3699202021363
SWT1,3103.35816951855,2464.64644352768,1831.75851963993,5275.87589643495,3103.35816951855,6114.76411422376,3335.41081059823,9219.08161898701,8267.4242463992,3423.28684599143,6501.65211207096,6347.93772798455,4753.13757862173,4196.17499998794
MIR6835,0.0,1.78597568371571,0.0,0.886552830857831,0.0,7.02308282644383,0.0,1.01420039812838,5.61569368727021,2.34954484968527,0.848225976786817,7.65939664189047,8.28746526552667,27.7676041260393
BCL6,51021.4299503173,54155.5453320835,106352.175102703,49213.4341937491,51021.4299503173,134106.937084749,183915.444610285,61471.7003309595,43918.0940506654,81555.0512774252,45847.4622713043,122774.170861005,112852.624511414,222545.913350859
TCEANC2,461.18937322663,479.83213369162,595.978848495288,609.06179479933,461.18937322663,710.501879275234,650.671422697625,893.510550751106,663.774993835339,728.358903402432,1158.67668429079,1535.28350466338,1455.83139831085,1404.71409108199
AIFM2,52.5656704967987,51.1979695998503,80.1316098817194,55.8528283440434,52.5656704967987,59.6962040247725,67.6583116521867,67.9514266746017,56.1569368727021,84.5836145886695,67.8580781429454,42.5522035660581,51.9347823306338,57.1685967300809
RNF14,326.303879121637,326.238224892069,438.219741540653,278.377588889359,326.303879121637,339.449003278118,416.026639733659,351.927538150549,400.960529271093,515.725094505916,642.107064427621,689.345697770142,1033.17066976899,1203.8073082877
EPB41L4A,145.795350245838,171.453665636708,244.150998858364,349.301815357985,145.795350245838,193.134777727205,260.556476788208,320.487325808569,345.926731135845,596.784391820057,483.488806768486,599.98607028142,770.181772009612,896.730274423268
OSCP1,12.8934663482714,13.6924802418204,16.2767332572243,34.5755604034554,12.8934663482714,12.8756518484804,47.5047720111098,38.5396151288786,10.1082486370864,38.7674900198069,30.5361351643254,21.2761017830291,59.669749911792,52.2684312960739
ZKSCAN3,461.18937322663,481.022784147431,702.403642869447,657.822200496511,461.18937322663,804.142983627818,843.569587833647,811.360318502707,864.816827839612,902.225222279142,968.674065490546,822.108572896243,1103.89037336815,1484.7501265041
LOC344967,89.2624593341865,73.225003032344,128.961809653392,101.953575548651,89.2624593341865,142.802684137691,175.623702586527,207.911081616319,119.052706170128,165.642911902811,112.814054912647,157.443153194415,154.146853938796,274.409264304388
SYCP3,20.8279071779769,12.50182978601,3.7561692132056,10.638633970294,20.8279071779769,19.8987346749242,7.19769272895603,1.01420039812838,12.3545261119945,7.0486345490558,1.69645195357363,3.40417628528465,6.07747452805289,0.0
HRH4,462.181178330344,177.40691791576,217.857814365925,278.377588889359,462.181178330344,2323.4699017485,2735.12323700329,1326.57412075193,713.193098283317,259.624705890222,268.887634641421,6741.12008893493,793.386674753087,2621.58850719371
KCNG2,3.96722041485273,16.0737811534414,2.50411280880373,13.2982924628675,3.96722041485273,4.68205521762922,15.8349240037033,44.6248175176489,6.73883242472425,8.22340697389843,33.9290390714727,26.382366210956,48.0672985400547,14.7004963020208
IL1RL1,1039.41174869142,122.636996948479,26.2931844924392,269.512060580781,1039.41174869142,2459.24950305975,941.458208947449,1745.43888517895,964.776175473022,16.4468139477969,262.950052803913,1222.95033048851,298.34874955896,205.806948228291
SLC22A3,0.991805103713184,0.0,1.25205640440187,2.65965849257349,0.991805103713184,16.3871932617023,1.43953854579121,7.09940278689869,4.49255494981617,0.0,2.54467793036045,7.65939664189047,12.1549490561058,3.26677695600462
KIAA0232,8856.81957615873,6139.5890753867,11720.5000016059,8854.00312177716,8856.81957615873,6312.5809471686,10173.2189031065,7609.54558715726,6295.1926234299,9636.65820098411,8113.28146796591,4357.34564516435,2970.78004884913,6066.40480730058
KBTBD4,97.196900163892,89.2987841857854,88.8960047125325,68.264567976053,97.196900163892,55.0141488071433,46.0652334653186,60.852023887703,73.0040179345127,85.7583870135122,62.7687222822245,45.9563798513428,71.8246989678978,24.5008271700347
MRC1,0.991805103713184,5.35792705114712,5.00822561760746,2.65965849257349,0.991805103713184,40.9679831542557,90.690928384846,13.184605175669,2.24627747490808,10.5729518235837,5.0893558607209,34.8928069241677,79.559666549056,29.4009926040416
USP53,215.221707505761,247.059969580673,241.64688604956,225.184419037889,215.221707505761,217.715567619759,286.46817061245,204.868480421934,181.948475467555,234.954484968527,197.636652591328,266.376794323524,274.591349131117,246.641660178349
IL22RA2,0.0,3.57195136743142,0.0,1.77310566171566,0.0,83.1064801129186,31.6698480074065,15.2130059719258,0.0,0.0,2.54467793036045,31.488630638883,16.0224328466849,9.80033086801386
GPR4,20.8279071779769,30.361586623167,97.6603995433455,130.323266136101,20.8279071779769,197.816832944835,286.46817061245,124.746648969791,123.545261119945,151.5456428047,522.50720170068,656.154978988617,654.157258292239,749.725311403061
POU5F1P4,13.8852714519846,44.6493920928927,61.3507638156914,20.3907151097301,13.8852714519846,87.7885353305479,364.203252085175,123.732448571663,7.86197116217829,49.3404418433906,16.9645195357364,108.933641129109,95.5820993957409,259.708768002367
TNIP1,10587.5194821382,10446.7670992811,14672.8490031855,13163.5364325771,10587.5194821382,8183.06200661147,10839.7252498078,12137.9503648005,22229.1618916904,47000.295173104,14189.9723656667,12705.2369407536,7415.0714219089,15143.1445795594
ALDH3A2,201.336436053776,182.169519739002,172.783783807457,236.709605839041,201.336436053776,193.134777727205,148.272470216494,235.294492365785,247.090522239889,337.159685929836,344.379746575448,326.800923387327,483.435473822389,592.920017514839
CDK14,1011.64120578745,888.225240034612,1436.10869584894,2147.23095633767,1011.64120578745,824.041718302743,1538.8667054508,2017.24459187736,913.111793550136,1603.56435991019,2134.13655759563,1002.52991601633,711.617017466557,1453.71574542206
SLC20A1,4818.18919383865,4303.01074729905,2678.14864901559,1767.78634473052,4818.18919383865,10555.6934881451,7962.08769677116,2368.15792962978,9126.62538055154,4776.62467941014,1939.89280891145,21421.630319225,10218.9971700788,16730.7981801777
LOC101927924,52.5656704967987,52.3886200556608,76.3754406685138,60.2855924983325,52.5656704967987,156.848849790579,116.602622209088,84.1786330446559,75.2502954094208,121.001559758791,61.0722703286509,140.422271767992,122.101988245426,138.838020630196
HIST1H2BC,888.657372927012,784.638650379101,1849.28730930156,996.485381884202,888.657372927012,847.451994390889,2039.82611938614,935.09276707437,804.167336017094,1726.91546451867,1010.2371383531,1262.94940184061,623.769885651974,1829.39509536259
SLC8A2,0.0,2.38130091162094,7.5123384264112,0.886552830857831,0.0,23.4102760881461,18.7140010952857,6.0852023887703,5.61569368727021,2.34954484968527,0.848225976786817,13.6167051411386,29.2823772715276,19.6006617360277
GPATCH4,29.7541531113955,55.9605714230922,12.5205640440187,2.65965849257349,29.7541531113955,38.6269555454411,10.0767698205384,6.0852023887703,38.1867170734374,8.22340697389843,2.54467793036045,22.9781899256714,66.2997221242134,16.3338847800231
UBA6-AS1,41.6558143559537,30.9569118510723,27.545240896841,31.9159019108819,41.6558143559537,35.1154141322191,40.3070792821538,38.5396151288786,29.2016071738051,21.1459036471674,24.5985533268177,26.382366210956,41.4373263276334,37.5679349940531
RBM5-AS1,291.590700491676,305.401841915386,396.901880195391,239.369264331614,291.590700491676,163.871932617023,266.314630971373,161.257863302413,275.16899067624,375.927175949642,178.127455125232,119.146169984963,145.859388673269,205.806948228291
GBP1P1,129.926468586427,132.162200594962,95.1562867345418,73.5838849612,129.926468586427,566.528681333136,310.940325890901,178.499270070596,391.975419371461,321.887644406881,178.127455125232,852.746159463805,1113.83533168678,988.200029191398
CEP19,3847.21199730344,2074.11309402184,3517.02643996484,1786.40395417853,3847.21199730344,2616.09835285033,2583.97168969522,1678.50165890248,2293.44930188115,1571.84550443944,1867.79360088457,1352.30902932933,994.495831863201,1618.68798170029
RAD21-AS1,17.8524918668373,7.73922796276807,11.2685076396168,10.638633970294,17.8524918668373,9.36411043525844,11.5163083663297,8.11360318502707,17.9702197992647,15.2720415229542,14.4198416053759,20.4250577117079,45.8573078025809,26.134215648037
SLC25A26,20.8279071779769,33.3382127626932,10.0164512352149,7.09242264686265,20.8279071779769,17.5577070661096,4.31861563737362,6.0852023887703,16.8470810618106,5.87386212421316,11.0269376982286,13.6167051411386,32.5973633777382,13.0671078240185
CRYM-AS1,114.057586927016,133.948176278678,186.556404255878,148.054322753258,114.057586927016,204.839915771278,224.568013143428,203.854280023805,161.731978193382,211.459036471674,190.002618800247,264.674706180882,256.358925546958,339.744803424481
TREML3P,713.107869569779,899.536419364812,3226.54935414361,2162.30235446225,713.107869569779,613.349233509428,2928.02140213931,1783.97850030783,569.431339889199,2914.61038603457,2013.6884688919,1868.04173654995,614.929922702079,2584.02057219966
MADCAM1,39.6722041485273,13.6924802418204,57.5945946024858,152.487086907547,39.6722041485273,29.2628451101826,51.8233876484834,191.683875246265,14.6008035869025,51.6899866930758,206.967138335983,115.741993699678,14.3649397935796,65.3355391200924
TDRD9,123.975637964148,42.863416409177,91.4001175213362,148.940875584116,123.975637964148,115.880866636323,99.3281596595933,132.860252154818,107.821318795588,77.5349800396137,150.984223868054,12.7656610698174,27.6248842184222,96.3699202021363
MGST1,47.6066449782328,11.3111793301995,33.8055229188504,38.1217717268867,47.6066449782328,12.8756518484804,20.1535396410769,16.2272063700541,39.3098558108915,28.1945381962232,24.5985533268177,6.8083525705693,16.0224328466849,11.4337193460162
SLC2A6,75.377187882202,105.372565339227,53.8384253892802,101.067022717793,75.377187882202,112.369325223101,84.9327742016812,129.817650960433,329.079650074034,173.86631887671,230.717465686014,228.079811114072,321.553652302435,213.973890618303
HCG26,364.984278166452,371.482942212867,468.269095246298,382.990822930583,364.984278166452,982.061081897729,857.964973291559,497.972395481037,1506.12904692587,1578.8941389885,968.674065490546,2022.08071345908,1721.58278449207,2038.46882054688
TSSC2,71.4099674673492,56.5558966509974,148.994712123822,85.1090717623518,71.4099674673492,17.5577070661096,51.8233876484834,27.3834107494664,28.078468436351,78.7097524644564,39.0183949321936,12.7656610698174,7.18246989678978,32.6677695600462
LINC00624,11.9016612445582,14.2878054697257,18.780846066028,4.43276415428916,11.9016612445582,46.8205521762922,23.0326167326593,21.2982083606961,26.955329698897,15.2720415229542,7.63403379108136,34.0417628528465,14.917437477948,19.6006617360277
LOC100130476,21.81971228169,61.9138237021446,47.5781433672709,91.3149415783566,21.81971228169,150.996280768542,253.358784059252,294.118115457231,458.240604881249,698.989592781366,1425.86786697864,4762.44262311323,5275.80038803428,4761.32741337674
SLC6A4,222.164343231753,229.200212743516,368.104582894149,318.272466277961,222.164343231753,323.061810016416,392.994023000999,360.041141335576,511.028125541589,538.045770577926,557.284466748939,493.605561366274,737.584408631874,919.597713115301
APTR,109.09856140845,87.5128085020697,125.205640440187,77.1300962846313,109.09856140845,93.6411043525844,73.4164658353515,56.7952222951895,70.7577404596046,65.7872557911874,61.9204963054377,68.9345697770142,25.4148934809485,39.2013234720554
C7orf61,65.4591368450701,146.450006064688,128.961809653392,176.424013340708,65.4591368450701,183.770667291947,118.042160754879,231.237690773272,80.865989096691,129.22496673269,214.601172127065,396.586537235662,481.777980769284,137.204632152194
SH2B3,7310.59541946988,7235.58281996024,6274.05464245775,5041.82594908849,7310.59541946988,2323.4699017485,2108.92396958412,4011.16257459776,5601.09288368331,6662.13442128257,4500.68703283085,3961.61015200001,3451.45303424967,2152.80601400705
METTL22,294.566115802816,304.211191459576,365.600470085345,437.070545612911,294.566115802816,838.08788395563,1204.89376282724,534.483609813658,166.224533143198,213.808581321359,278.218120386076,538.710897146296,350.283531889594,651.722002722922
OTX2-AS1,79.3444082970547,92.2754103253116,135.222091675402,131.209818966959,79.3444082970547,127.586004680396,159.788778582824,150.101658923001,159.485700718474,198.536539798405,206.967138335983,205.1016211884,311.608693983803,269.509098870381
AMER2,96.2050950601788,107.753866250848,176.539953020663,165.785379370414,96.2050950601788,136.950115115655,220.249397506055,200.81167882942,163.97825566829,210.284264046831,178.127455125232,261.270529895597,272.381358393643,356.078688204504
ALG3,27.7705429039691,53.5792705114713,3.7561692132056,11.5251868011518,27.7705429039691,69.060314460031,47.5047720111098,38.5396151288786,13.4776648494485,7.0486345490558,15.2680675821627,110.635729271751,149.17437477948,50.6350428180716
ALOX12-AS1,43.6394245633801,70.2483768928179,51.3343125804765,45.2141943737494,43.6394245633801,108.857783809879,87.8118512932636,102.434240210967,66.2651855097885,55.2143039676037,77.1885638876004,191.484916047262,127.626965089111,156.805293888222
NDUFV2-AS1,63.4755266376437,36.9101641301246,57.5945946024858,31.9159019108819,63.4755266376437,67.8898006556237,112.284006571714,51.7242203045476,96.5899314210476,193.837450099034,86.5190496322554,125.954522555532,134.809434985901,222.140833008314
FAM129B,23.8033224891164,51.1979695998503,18.780846066028,68.264567976053,23.8033224891164,31.6038727189972,46.0652334653186,107.505242201609,12.3545261119945,9.39817939874106,74.64388595724,124.25243441289,153.041858570059,32.6677695600462
ZBTB1,2154.20068526503,1185.88785398723,1657.72267942807,1079.82134798484,2154.20068526503,897.784087980403,548.46418594645,751.522495013132,3145.91160360877,2337.79712543684,1098.45263993893,1084.23014686316,1265.77219488811,1071.50284156952
GOLGA6L3,19.8361020742637,5.35792705114712,11.2685076396168,5.31931698514699,19.8361020742637,12.8756518484804,4.31861563737362,1.01420039812838,25.832190961443,5.87386212421316,2.54467793036045,0.851044071321163,4.41998147494756,3.26677695600462
KMO,19.8361020742637,13.6924802418204,11.2685076396168,15.957950955441,19.8361020742637,33.9449003278118,40.3070792821538,24.3408095550812,23.5859134865349,17.6215863726395,32.2325871178991,45.9563798513428,79.0071688646876,47.368265862067
LINC00904,8.92624593341865,14.2878054697257,12.5205640440187,36.3486660651711,8.92624593341865,18.7282208705169,33.1093865531978,59.8378234895747,21.3396360116268,30.5440830459084,32.2325871178991,28.0844543535984,38.1223402214227,47.368265862067
GLOD4,79.3444082970547,67.2717507532917,36.3096357276541,26.5965849257349,79.3444082970547,55.0141488071433,57.5815418316483,13.184605175669,58.4032143476102,23.4954484968526,21.2056494196704,29.7865424962407,61.8797406492658,11.4337193460162
TMEM158,9.91805103713184,20.8363829766833,11.2685076396168,41.6679830503181,9.91805103713184,17.5577070661096,21.5930781868681,37.5254147307502,6.73883242472425,4.69908969937053,40.7148468857672,2.55313221396349,7.18246989678978,19.6006617360277
DNAJB1,3973.17124547501,5846.68906325732,2743.25558204449,6354.81069158893,3973.17124547501,14917.0279233667,4875.71705459482,9503.05773046296,3838.88820461791,1898.43223854569,7317.64550173987,18135.749159854,17180.4679931212,3599.98820551709
TMEM223,14.8770765556978,41.6727659533665,17.5287896616261,28.3696905874506,14.8770765556978,16.3871932617023,20.1535396410769,20.2840079625677,24.7090522239889,23.4954484968526,20.3574234428836,28.9354984249195,35.9123494839489,14.7004963020208
CLUL1,11.9016612445582,6.5485775069576,12.5205640440187,4.43276415428916,11.9016612445582,19.8987346749242,18.7140010952857,31.4402123419799,15.7239423243566,16.4468139477969,9.33048574465499,26.382366210956,25.9673911653169,27.7676041260393
MKRN2OS,90.2542644378997,77.3922796276807,123.953584035785,93.9746000709301,90.2542644378997,142.802684137691,159.788778582824,131.84605175669,149.377452081388,149.196097955014,122.992766634089,155.741065051773,208.844124691272,236.841329310335
INHBC,0.0,1.78597568371571,16.2767332572243,10.638633970294,0.0,8.19359663085113,20.1535396410769,11.1562043794122,3.36941621236213,12.922496673269,14.4198416053759,47.6584679939851,90.0571225520565,35.9345465160508
VSNL1,3.96722041485273,5.95325227905236,2.50411280880373,5.31931698514699,3.96722041485273,11.705138044073,5.75815418316483,8.11360318502707,5.61569368727021,5.87386212421316,12.7233896518023,20.4250577117079,18.2324235841587,22.8674386920323
SGK1,23850.9291340946,13709.1493482018,15149.8824932626,9784.88359417788,23850.9291340946,55152.2694360634,131706.260631529,32856.0360977671,27674.1384908676,13966.8693589541,10143.0862304168,32556.6909483911,19186.0345873786,60089.095328749
C17orf105,0.0,4.76260182324189,0.0,2.65965849257349,0.0,29.2628451101826,5.75815418316483,3.04260119438515,24.7090522239889,5.87386212421316,12.7233896518023,34.8928069241677,35.9123494839489,1.63338847800231
ASAP1-IT1,5.9508306222791,6.5485775069576,15.0246768528224,1.77310566171566,5.9508306222791,4.68205521762922,8.63723127474724,4.05680159251354,7.86197116217829,38.7674900198069,3.39290390714727,9.36148478453279,6.07747452805289,24.5008271700347
HSPA7,3207.49770540844,3323.10542216703,3821.2761462345,3215.52711752135,3207.49770540844,11370.3710960126,12233.1985621337,7335.7114796626,2884.22027778198,2430.60414699941,2931.46897577524,7403.2323764228,7008.43312621372,9485.08689175942
MVD,33.7213735262482,158.356510622793,86.3918919037287,92.2014944092144,33.7213735262482,38.6269555454411,46.0652334653186,41.5822163232637,139.269203444301,536.870998153083,195.940200637755,100.423200415897,214.369101534957,192.739840404273
SLC45A3,23.8033224891164,5.95325227905236,6.26028202200933,51.4200641897542,23.8033224891164,44.4795245674776,5.75815418316483,53.7526211008043,24.7090522239889,1.17477242484263,54.2864625143563,34.8928069241677,7.73496758115823,8.16694239001155
SPATA1,137.860909416133,103.586589655511,393.145710982186,182.629883156713,137.860909416133,77.2539110908821,200.095857864978,98.3774386184532,133.653509757031,317.188554707511,117.903410773368,51.9136883505909,46.4098054869494,130.671078240185
IL1B,27909.395618489,18274.1031957791,10597.4054068574,29049.6766087186,27909.395618489,425334.2831627,440422.499469182,230908.07564388,520374.886114682,290833.710128591,593081.299421296,1368495.88756586,1062722.66591049,1853458.17442052
MGAT3,126.951053275287,62.5091489300498,143.986486506215,96.6342585635036,126.951053275287,24.5807898925534,37.4280021905714,66.9372262764733,53.910659397794,54.0395315427611,80.5814677947477,53.6157764932333,46.4098054869494,31.0343810820439
SSSCA1-AS1,22.8115173854032,39.8867902696508,36.3096357276541,46.987300035465,22.8115173854032,64.3782592424018,126.679392029626,93.3064366278113,94.3436539461395,195.012222523877,125.537444564449,180.421343120087,149.17437477948,243.374883222344
SNX32,0.0,2.97662613952618,2.50411280880373,6.20586981600482,0.0,36.2859279366265,10.0767698205384,33.4686131382367,1.12313873745404,3.5243172745279,16.9645195357364,58.7220409211602,69.614708230424,11.4337193460162
CD274,173.565893149807,316.11769601768,207.84136313071,296.108645506516,173.565893149807,923.535391677364,1826.77441460904,890.467949556721,726.670763132765,1239.38490820898,592.909957773985,2706.3201468013,1401.13412755838,2453.34949395947
DDN,4.95902551856592,7.14390273486283,10.0164512352149,20.3907151097301,4.95902551856592,3.51154141322191,17.2744625494945,34.4828135363651,5.61569368727021,15.2720415229542,26.2950052803913,19.5740136403867,26.5198888496853,19.6006617360277
ZNF184,116.041197134442,86.9174832741645,38.8137485364578,80.6763076080626,116.041197134442,326.573351429638,1238.00314938044,294.118115457231,68.5114629846965,30.5440830459084,51.7417845839959,138.72018362535,140.886909513953,458.982162318649
LINC01547,57.5246960153646,95.2520364648378,100.164512352149,88.6552830857831,57.5246960153646,16.3871932617023,44.6256949195274,35.4970139344934,71.8808791970587,348.907410178262,73.7956599804531,34.0417628528465,34.2548564308436,47.368265862067
CHI3L2,8.92624593341865,14.8831306976309,1.25205640440187,0.886552830857831,8.92624593341865,5.85256902203652,10.0767698205384,2.02840079625677,5.61569368727021,3.5243172745279,0.848225976786817,36.59489506681,44.1998147494756,17.9672732580254
FLT1,600.042087746476,749.514461932692,687.378966016624,696.830525054255,600.042087746476,1799.07971737403,2159.30781868681,860.04193761287,1199.51217160092,851.710008010909,722.688532222369,897.000451172506,1765.78259924155,1442.28202607604
FAM138E,3.96722041485273,5.95325227905236,15.0246768528224,14.1848452937253,3.96722041485273,14.0461656528877,20.1535396410769,14.1988055737974,8.98510989963233,19.9711312223248,19.5091974660968,20.4250577117079,17.6799258997902,21.23405021403
NQO2,2179.98761796158,2217.586473947,3373.03995345863,3221.73298733736,2179.98761796158,848.622508195296,1102.68652607606,2169.37465159661,1465.69605237752,1749.23614059068,2436.95323130853,1577.83570822944,707.197035991609,795.460188787125
LOC101928269,17.8524918668373,17.8597568371571,32.5534665144485,23.0503736023036,17.8524918668373,21.0692484793315,33.1093865531978,34.4828135363651,44.9255494981617,39.9422624446495,33.9290390714727,35.7438509954888,35.3598517995805,109.437028026155
TNFAIP8L2,663.51761438412,476.855507552094,870.179201059297,353.734579512275,663.51761438412,306.674616754714,290.786786249824,323.529927002954,393.098558108915,580.33757787226,285.852154177158,251.909045111064,177.904254366639,124.137524328176
HLA-DOB,21.81971228169,32.1475623068827,12.5205640440187,52.306617020612,21.81971228169,31.6038727189972,8.63723127474724,43.6106171195205,17.9702197992647,12.922496673269,60.224044351864,71.4877019909777,72.9296943366347,26.134215648037
TPRN,23.8033224891164,48.2213434603241,6.26028202200933,22.1638207714458,23.8033224891164,30.4333589145899,15.8349240037033,14.1988055737974,40.4329945483455,10.5729518235837,21.2056494196704,34.8928069241677,28.1773819027907,9.80033086801386
LOC100129138,38.6803990448142,31.5522370789775,56.342538198084,37.2352188960289,38.6803990448142,32.7743865234045,53.2629261942746,48.6816191101624,43.8024107607076,48.1656694185479,38.1701689554068,39.1480272807735,32.0448656933698,50.6350428180716
ATF4,5337.89506818435,5400.1951423284,4948.12691019617,5390.24121161561,5337.89506818435,14212.3786131135,14244.233910604,10908.7394822689,5880.75442930936,4108.17916967469,5505.83481532323,15393.6851620572,9830.59129796774,11079.2740462897
UGDH,128.934663482714,130.971550139152,116.441245609374,132.096371797817,128.934663482714,169.724501639059,143.953854579121,156.186861311771,180.825336730101,249.051754066638,196.788426614542,199.144312689152,256.911423231327,383.846292330543
NFIL3,8020.72787372852,6323.54457080942,12036.0182155151,13217.6161552594,8020.72787372852,16768.780761939,16770.6240584676,16106.5165226769,15063.5367467336,19712.6812888594,23739.3004123327,21048.021971915,19573.8879618053,25590.2972848622
BCL2L15,418.541753766963,414.94168384995,706.159812082652,792.578230786901,418.541753766963,536.095322418546,811.89973982624,943.206370259397,698.592294696414,1201.79219061401,1134.92635694076,1091.88954350505,970.185933750989,1662.78947060635
NFKBIZ,5348.8049243252,5701.42970764845,6876.29377297505,14210.5553258202,5348.8049243252,38925.4365655649,40720.2268447959,67358.1194416966,58991.7390460361,86720.5256294583,143675.908852058,92248.0710667861,94844.5149871091,188778.873345117
MIR4530,0.0,0.595325227905236,0.0,5.31931698514699,0.0,1.1705138044073,0.0,6.0852023887703,10.1082486370864,0.0,12.7233896518023,41.701159494737,45.8573078025809,11.4337193460162
ZNF747,198.361020742637,197.647975664538,195.320799086691,269.512060580781,198.361020742637,257.513036969607,220.249397506055,312.373722623542,412.191916645633,287.819244086445,401.210887020165,387.225052451129,508.297869618969,550.451917086779
LOC101929486,71.4099674673492,75.606303943965,98.9124559477474,81.5628604389205,71.4099674673492,117.05138044073,135.316623304373,106.49104180348,108.944457533042,113.952925209735,106.028247098352,190.63387197594,220.446576063009,238.474717788337
OR6W1P,235.057809580024,241.106717301621,374.364864916158,288.129670028795,235.057809580024,458.841411327663,485.124489931637,541.583012600557,265.060742039154,348.907410178262,335.89748680758,534.45567678969,556.365168159024,550.451917086779
P2RY2,2136.3481933982,1235.89517313127,1109.32197430005,590.444185351316,2136.3481933982,650.805675250461,509.596645210087,391.481353677556,1471.31174606479,1013.82860263919,560.677370656086,721.685372480346,479.015492347442,720.324318799019
LOC101927136,37.688593941101,22.0270334324937,56.342538198084,24.8234792640193,37.688593941101,64.3782592424018,80.6141585643076,29.4118115457231,39.3098558108915,58.7386212421316,25.4467793036045,53.6157764932333,75.1396850741085,115.970581938164
TMEM199,387.795795551855,372.673592668678,428.203290305438,437.957098443769,387.795795551855,403.82726252052,309.500787345109,443.205573982104,279.661545626056,325.411961681409,447.015089766653,462.967974798713,279.563828290433,360.978853638511
LOC101928163,32.7295684225351,47.6260182324189,51.3343125804765,54.9662755131855,32.7295684225351,45.6500383718849,80.6141585643076,84.1786330446559,57.2800756101561,90.4574767128827,71.2509820500927,68.9345697770142,90.0571225520565,120.870747372171
PDYN,0.0,2.97662613952618,0.0,0.0,0.0,29.2628451101826,57.5815418316483,24.3408095550812,43.8024107607076,18.7963587974821,5.93758183750772,115.741993699678,119.891997507953,75.1358699881063
FAM86B3P,1347.86313594622,1162.67017009893,3613.43478310378,1767.78634473052,1347.86313594622,330.08489284286,1233.68453374306,589.250431312591,768.226896418565,2607.99478315064,887.244371719011,371.055215096027,144.201895620164,852.628785517206
EMC1,391.763015966707,417.918309989476,321.77849593128,460.120919215214,391.763015966707,818.189149280706,430.422025191571,585.193629720078,534.614039028124,437.015342041459,665.857391777652,825.512749181528,1125.43778305852,563.519024910797
FAM225A,15.8688816594109,32.1475623068827,21.2849588748317,77.1300962846313,15.8688816594109,5.85256902203652,8.63723127474724,26.369210351338,3.36941621236213,4.69908969937053,31.3843611411122,9.36148478453279,7.73496758115823,3.26677695600462
KLHDC1,19.8361020742637,10.7158541022942,6.26028202200933,0.886552830857831,19.8361020742637,9.36411043525844,2.87907709158241,3.04260119438515,24.7090522239889,1.17477242484263,1.69645195357363,3.40417628528465,18.2324235841587,4.90016543400693
LINC01205,143.811740038412,123.827647404289,209.093419535112,200.36093977387,143.811740038412,200.157860553649,286.46817061245,300.203317846002,215.642637591176,291.343561360973,205.27068638241,245.100692540495,286.746298187223,441.014889060624
PRCD,7.93444082970547,6.5485775069576,5.00822561760746,11.5251868011518,7.93444082970547,2.34102760881461,8.63723127474724,7.09940278689869,8.98510989963233,25.8449933465379,7.63403379108136,5.95730849924814,6.07747452805289,6.53355391200924
MC1R,15.8688816594109,36.9101641301246,32.5534665144485,51.4200641897542,15.8688816594109,46.8205521762922,69.0978501979779,89.2496350352978,29.2016071738051,55.2143039676037,50.893558607209,60.4241290638026,114.367020664268,81.6694239001155
LOC728024,23.8033224891164,14.2878054697257,30.0493537056448,9.75208113943614,23.8033224891164,19.8987346749242,14.3953854579121,5.07100199064192,17.9702197992647,14.0972690981116,10.1787117214418,7.65939664189047,3.86748379057911,8.16694239001155
PAPL,48.598450081946,75.606303943965,121.449471226981,78.0166491154891,48.598450081946,74.9128834820675,129.558469121209,106.49104180348,106.698180058134,216.158126171044,145.894868007333,167.655682050269,201.109157110114,182.939509536259
NLRP3,527.640315175414,786.424626062817,1905.62984749964,1917.61377314549,527.640315175414,1140.08044549271,7954.89000404221,3626.7806237071,8220.25241942613,26337.222992547,11077.8312568358,10822.7274549912,19337.4189528956,57852.9865023638
IL20RB,20.8279071779769,26.7896352557356,52.5863689848784,24.8234792640193,20.8279071779769,37.4564417410338,56.1420032858571,32.4544127401083,42.6792720232536,55.2143039676037,19.5091974660968,20.4250577117079,23.7574004278431,49.0016543400693
GPANK1,420.52536397439,395.295951329077,518.351351422372,492.923373956954,420.52536397439,483.422201220217,414.587101187867,505.071798267935,318.971401436948,308.965147733612,503.84623021137,559.135954858004,396.693337376543,360.978853638511
CGNL1,123.975637964148,153.593908799551,199.076968299897,240.255817162472,123.975637964148,176.747584465503,247.600629876088,290.061313864718,187.564169154825,259.624705890222,232.413917639588,348.077025170356,345.311052730278,341.378191902483
TMEM9,39.6722041485273,43.4587416370822,42.5699177496634,30.1427962491663,39.6722041485273,38.6269555454411,57.5815418316483,23.3266091569528,57.2800756101561,38.7674900198069,38.1701689554068,17.8719254977444,40.3323309588965,57.1685967300809
LOC101927066,15.8688816594109,32.1475623068827,26.2931844924392,60.2855924983325,15.8688816594109,46.8205521762922,64.7792345606043,67.9514266746017,23.5859134865349,45.8161245688627,39.0183949321936,44.2542917087005,30.9398703246329,99.636697158141
UPK1B,109.09856140845,175.025617004139,196.572855491093,222.524760545316,109.09856140845,237.614302294683,316.698480074065,296.146516253488,244.844244764981,273.721974988333,303.664899689681,422.117859375297,376.803420739279,540.651586218765
MRPL24,20.8279071779769,55.9605714230922,20.0329024704299,21.2772679405879,20.8279071779769,9.36411043525844,8.63723127474724,16.2272063700541,642.435357823712,211.459036471674,119.599862726941,115.741993699678,86.1896387614774,31.0343810820439
KLF3-AS1,186.459359498078,202.41057748778,250.411280880373,242.915475655046,186.459359498078,252.830981751978,306.621710253527,244.422295948941,308.863152799861,351.256955027947,296.030865898599,303.822733461655,447.52312433844,570.052578822806
PLAC9,31.7377633188219,19.0504072929676,35.0575793232522,58.5124868366169,31.7377633188219,519.708129156843,557.101417221197,315.416323817927,30.3247459112591,21.1459036471674,54.2864625143563,204.250577117079,159.671830782481,227.040998442321
HES1,364.984278166452,233.962814566758,125.205640440187,664.028070312516,364.984278166452,963.332861027212,893.953436936339,1455.37757131423,505.412431854319,219.682443445572,927.959218604778,1833.99997369711,987.313361966411,1718.32467885843
CKS2,137.860909416133,130.376224911247,20.0329024704299,39.0083245577446,137.860909416133,423.725997195444,56.1420032858571,64.9088254802166,129.160954807215,19.9711312223248,35.6254910250463,278.29141132202,192.269194160219,37.5679349940531
KCNJ5,335.230125055056,309.569118510723,408.170387835008,417.566383334038,335.230125055056,482.25168741581,469.289565927933,501.014996675422,727.793901870219,546.269177551824,745.590633595613,1154.0157607115,1578.48588424065,1251.17557414977
PSTK,19.8361020742637,16.6691063813466,23.7890716836355,6.20586981600482,19.8361020742637,7.02308282644383,2.87907709158241,4.05680159251354,11.2313873745404,8.22340697389843,3.39290390714727,3.40417628528465,2.20999073747378,4.90016543400693
SYN1,13.8852714519846,53.5792705114713,125.205640440187,82.4494132697783,13.8852714519846,8.19359663085113,24.4721552784505,53.7526211008043,14.6008035869025,71.6611179154006,59.3758183750772,6.8083525705693,13.2599444248427,16.3338847800231
RAB3D,6181.92121144427,7570.75092327089,10544.8190378725,8615.5204102764,6181.92121144427,2676.96507067951,3182.81972474436,7047.67856659414,3071.7844469368,3588.92975789424,7161.5719220111,4479.8959914346,3216.08902070872,2809.42818216397
LINC01249,0.0,0.595325227905236,0.0,0.0,0.0,0.0,5.75815418316483,0.0,2.24627747490808,3.5243172745279,0.0,1.70208814264233,33.7023587464751,102.903474114146
MATN3,0.0,0.0,0.0,0.886552830857831,0.0,0.0,2.87907709158241,1.01420039812838,1.12313873745404,7.0486345490558,9.33048574465499,5.10626442792698,6.07747452805289,37.5679349940531
TMEM143,15.8688816594109,36.3148389022194,16.2767332572243,28.3696905874506,15.8688816594109,21.0692484793315,23.0326167326593,29.4118115457231,31.4478846487132,31.7188554707511,30.5361351643254,28.9354984249195,45.8573078025809,19.6006617360277
CDC42BPG,52.5656704967987,145.854680836783,201.5810811087,249.121345471051,52.5656704967987,125.244977071582,181.381856769692,318.458925012313,76.3734341468748,204.410401922618,269.735860618208,341.268672599786,724.8769618914,354.445299726501
LOC100288254,267.78737800256,276.23090574803,349.323736828121,353.734579512275,267.78737800256,435.431135239517,439.059256466318,412.779562038252,370.635783359834,440.539659315987,409.693146788033,558.284910786683,652.499765239133,757.892253793072
RNU6-33P,29.7541531113955,24.4083343441147,22.5370152792336,47.8738528663229,29.7541531113955,11.705138044073,18.7140010952857,57.8094226933179,26.955329698897,34.0684003204363,58.5275923982904,19.5740136403867,19.889916637264,42.4681004280601
CASS4,14224.4687974545,13079.295257078,23836.6498270027,20983.818953574,14224.4687974545,57814.0178272856,218012.354605895,52692.7816847602,3996.12762786148,6068.87434673704,10478.1354912476,43792.1747779731,27705.54888034,104179.150515465
UNC5A,28.7623480076823,22.622358660399,58.8466510068877,43.4410887120337,28.7623480076823,51.5026073939214,109.404929480132,50.7100199064192,32.5710233861672,38.7674900198069,46.652428723275,58.7220409211602,67.4047174929503,104.536862592148
CYP1A2,121.000222653008,147.045331292593,231.630434814345,233.16339451561,121.000222653008,183.770667291947,233.205244418175,261.663702717123,266.183880776608,297.217423485186,273.976990502142,347.225981099034,327.078629146119,465.515716230658
CDH17,17.8524918668373,19.0504072929676,40.0658049408597,20.3907151097301,17.8524918668373,25.7513036969607,51.8233876484834,47.667418712034,86.4816827839612,96.3313388370959,47.5006547000618,62.977261277766,79.0071688646876,84.9362008561202
LINC01465,6.94263572599229,5.35792705114712,5.00822561760746,11.5251868011518,6.94263572599229,11.705138044073,12.9558469121209,14.1988055737974,28.078468436351,71.6611179154006,51.7417845839959,239.143384041247,207.739129322535,307.077033864434
ASPHD2,98.1887052676052,181.574194511097,334.299059975298,174.650907678993,98.1887052676052,95.982131961399,174.184164040736,162.272063700541,42.6792720232536,124.525877033319,140.805512146612,57.0199527785179,53.0397776993707,125.770912806178
PIK3R3,113.065781823303,29.1709361673566,5.00822561760746,21.2772679405879,113.065781823303,147.48473935532,1.43953854579121,22.3124087588244,85.3585440465072,2.34954484968527,20.3574234428836,81.7002308468316,38.1223402214227,3.26677695600462
MMP19,0.0,2.38130091162094,0.0,12.4117396320096,0.0,1.1705138044073,0.0,15.2130059719258,1.12313873745404,1.17477242484263,16.1162935589495,7.65939664189047,30.3873726402645,1.63338847800231
ICAM5,8.92624593341865,9.52520364648378,3.7561692132056,7.97897547772048,8.92624593341865,66.7192868512164,44.6256949195274,23.3266091569528,25.832190961443,27.0197657713805,10.1787117214418,99.5721563445761,369.068453158121,102.903474114146
LOC100289511,40.6640092522405,58.3418723347131,72.6192714553082,119.684632165807,40.6640092522405,76.0833972864748,76.295542926934,218.053085597603,84.2354053090531,84.5836145886695,206.118912359197,141.273315839313,131.49444887969,200.906782794284
RELB,1397.45339113188,1652.02750743703,2919.79553506515,2291.73906776749,1397.45339113188,1364.81909593892,2869.00032176187,2329.6183145009,3124.57196759714,7633.67121662743,2589.63390713015,3922.46212471924,2737.62602604564,5809.96281625422
P2RY6,44.6312296670933,27.9802857115461,11.2685076396168,10.638633970294,44.6312296670933,39.7974693498484,34.548925098989,28.3976111475948,19.0933585367187,7.0486345490558,10.1787117214418,104.678420772503,109.394541504952,44.1014889060624
PROCA1,52.5656704967987,44.0540668649875,23.7890716836355,50.5335113588964,52.5656704967987,146.314225550913,325.335711348813,91.2780358315546,75.2502954094208,22.32067607201,57.6793664215036,162.549417622342,270.171367656169,377.312738418534
MYO10,95.2132899564656,70.2483768928179,261.67978851999,234.049947346467,95.2132899564656,126.415490875989,279.270477883494,235.294492365785,204.411250216636,279.595837112547,221.386979941359,176.166122763481,276.248842184222,437.748112104619
LINC01348,0.0,2.97662613952618,21.2849588748317,6.20586981600482,0.0,11.705138044073,20.1535396410769,9.12780358315546,20.2164972741728,43.4665797191774,38.1701689554068,26.382366210956,71.8246989678978,115.970581938164
LOC152225,0.991805103713184,2.38130091162094,2.50411280880373,2.65965849257349,0.991805103713184,3.51154141322191,7.19769272895603,6.0852023887703,60.6494918225183,42.2918072943348,64.4651742357981,22.1271458543502,65.1947267554765,47.368265862067
PRAP1,34.7131786299614,35.7195136743142,37.561692132056,31.0293490800241,34.7131786299614,42.138496958663,61.9001574690219,60.852023887703,79.742850359237,50.5152142682332,72.0992080268795,72.3387460622988,75.1396850741085,81.6694239001155
DLX2,9.91805103713184,17.8597568371571,1.25205640440187,9.75208113943614,9.91805103713184,85.4475077217333,21.5930781868681,42.5964167213921,14.6008035869025,3.5243172745279,14.4198416053759,121.699302198926,86.1896387614774,29.4009926040416
PIM1,839.067117741353,1651.43218220912,1080.52467699881,1664.05966352015,839.067117741353,5644.21756485202,8290.30248521156,4125.76721958627,801.921058542186,474.608059636424,3062.09577620041,4878.1846168129,3124.37440510356,1651.35575126034
SNHG5,121.992027756722,102.395939199701,35.0575793232522,54.0797226823277,121.992027756722,270.388688818087,89.2513898390548,162.272063700541,181.948475467555,59.9133936669743,109.421151005499,194.038048261225,198.346668688272,91.4697547681294
SRFBP1,158.688816594109,192.290048613391,202.833137513102,230.503736023036,158.688816594109,347.64259990897,352.686943718846,421.907365621408,214.519498853722,210.284264046831,243.440855337817,435.734564516435,339.233578202225,437.748112104619
LOC644669,15.8688816594109,30.361586623167,47.5781433672709,36.3486660651711,15.8688816594109,33.9449003278118,47.5047720111098,34.4828135363651,44.9255494981617,51.6899866930758,31.3843611411122,52.7647324219121,43.0948193807387,86.5695893341225
REPIN1,656.574978658128,673.312832760822,450.740305584672,914.922521445282,656.574978658128,579.404333181616,323.896172803021,940.163769065012,1703.80146471778,2590.373196778,1454.70755018939,902.957759671754,517.137832568864,349.545134292494
CTDSPL,102.155925682458,23.8130091162094,16.2767332572243,109.932551026371,102.155925682458,119.392408049545,23.0326167326593,185.598672857494,1853.17891679917,538.045770577926,2079.00186910449,2330.15866727734,1786.77751124755,1499.45062280612
TCP11L2,3714.31011340587,3457.05359844571,5134.68331445205,3805.08475004181,3714.31011340587,1940.71188770731,2517.75291658882,3121.70882543917,2270.98652713207,3969.55602354326,3373.39470968117,1856.97816362278,1657.49305310533,2451.71610548147
DLEU7,66.4509419487833,69.0577264370074,107.67685077856,81.5628604389205,66.4509419487833,45.6500383718849,33.1093865531978,58.8236230914463,201.041834004273,404.121714145866,171.341647310937,90.2106715600433,37.0173448526858,76.7692584661086
ADPGK-AS1,33.7213735262482,63.6997993858603,110.180963587364,85.9956245932096,33.7213735262482,776.050652322043,987.523442412768,864.098739205383,76.3734341468748,143.322235830801,157.770031682348,1328.47979533234,1651.41557857728,1484.7501265041
CD8B,24.7951275928296,124.422972632194,35.0575793232522,5.31931698514699,24.7951275928296,19.8987346749242,27.3512323700329,9.12780358315546,30.3247459112591,23.4954484968526,10.1787117214418,33.1907187815253,146.411886357638,22.8674386920323
NUDT9,26.778737800256,45.8400425487032,23.7890716836355,17.7310566171566,26.778737800256,43.3090107630703,21.5930781868681,22.3124087588244,62.8957692974263,28.1945381962232,24.5985533268177,19.5740136403867,41.4373263276334,19.6006617360277
MIR6775,1.98361020742637,2.97662613952618,0.0,6.20586981600482,1.98361020742637,2.34102760881461,0.0,3.04260119438515,2.24627747490808,3.5243172745279,8.48225976786818,15.3187932837809,18.2324235841587,45.7348773840647
PLEKHG6,87.2788491267602,201.21992703197,216.605757961523,315.612807785388,87.2788491267602,1785.03355172114,2391.07352455919,855.985136020356,111.19073500795,244.352664367268,314.691837387909,943.80787509517,1323.78445174679,2348.81263136732
MTMR2,77.3607980896283,56.5558966509974,36.3096357276541,31.0293490800241,77.3607980896283,66.7192868512164,44.6256949195274,54.7668214989327,65.1420467723344,46.9908969937053,40.7148468857672,37.4459391381312,101.659573923794,45.7348773840647
MLX,1066.19048649167,921.563452797305,1232.02350193144,1388.34173312336,1066.19048649167,1130.71633505746,1171.78437627404,1640.97624417173,999.593476334097,922.196353501467,1705.78243931829,1353.16007340065,896.703741729986,1277.30978979781
PAM,1050.32160483226,197.052650436633,1056.73560531517,1384.79552179993,1050.32160483226,914.171281242105,1063.8189853397,1366.12793627893,897.387851225779,1108.98516905145,1358.00978883569,78.296054561547,172.379277522955,1001.26713701542
ZBTB41,135.877299208706,62.5091489300498,32.5534665144485,12.4117396320096,135.877299208706,77.2539110908821,18.7140010952857,6.0852023887703,75.2502954094208,21.1459036471674,16.9645195357364,20.4250577117079,47.5148008556863,19.6006617360277
LOC101927472,41.6558143559537,39.8867902696508,73.8713278597101,115.251868011518,41.6558143559537,37.4564417410338,67.6583116521867,58.8236230914463,132.530371019577,191.487905249349,281.611024293223,62.977261277766,125.416974351637,153.538516932217
SULT1C4,15.8688816594109,13.6924802418204,18.780846066028,7.97897547772048,15.8688816594109,2.34102760881461,2.87907709158241,2.02840079625677,12.3545261119945,45.8161245688627,7.63403379108136,5.95730849924814,1.10499536873689,0.0
SLC1A5,86.287044023047,160.737811534414,27.545240896841,61.1721453291904,86.287044023047,512.6850463304,335.412481169351,135.902853349203,256.075632139522,189.138360399664,69.554530096519,349.779113312998,501.667897406548,241.741494744342
ESPL1,18.8442969705505,23.2176838883042,23.7890716836355,16.8445037862988,18.8442969705505,30.4333589145899,21.5930781868681,16.2272063700541,41.5561332857995,76.3602076147711,13.5716156285891,45.1053357800216,66.2997221242134,98.0033086801386
TBC1D4,146.787155349551,314.92704556187,81.3836662861213,11.5251868011518,146.787155349551,127.586004680396,54.7024647400658,18.2556071663109,103.328763845772,57.563848817289,28.8396832107518,87.6575393460798,373.488434633069,37.5679349940531
GNGT2,67.4427470524965,95.847361692743,211.597532343915,176.424013340708,67.4427470524965,138.120628920062,187.140010952857,216.024684801346,99.9593476334097,226.731077994628,186.6097148931,220.420414472181,256.911423231327,222.140833008314
RPLP2,1051.31340993597,1941.95089342688,641.052879053755,561.187941933007,1051.31340993597,909.489226024476,595.96895795756,621.704844052699,1246.68399857399,553.31781210088,609.026251332935,895.298363029863,1991.75415214824,493.283320356698
SMAD4,1324.0598134571,1119.21142846184,1680.2596947073,1312.98474250045,1324.0598134571,680.068520360644,640.594652877087,1018.2571997209,769.350035156019,1040.84836841057,1072.15763465854,601.688158424062,606.642457436552,496.550097312702
PPP1R3B,6079.76528576181,6444.99091730209,14419.9336094963,15703.5102929848,6079.76528576181,15717.6593655813,31325.7982949624,19084.2088915818,3102.10919284806,4521.69906321929,11196.582893586,7958.96415499551,4518.87856044951,7320.84715840636
GRAMD1A,3978.13027099358,4591.74348283309,4867.99530031445,7563.18220004816,3978.13027099358,3797.1467814973,3987.52177184164,8515.22654268591,8912.10588169782,16131.974937939,10266.0789970509,9602.33025671668,5382.43244111739,9829.7318606179
PI3,10617.2736352496,3424.31071091092,12764.715042877,6097.71037064016,10617.2736352496,18382.9192982167,32974.0699298934,11283.9936295764,66979.5017468092,46911.012468816,31660.8828095447,139362.721899197,16947.866468002,103091.313789116
SLC51A,72.4017725710624,63.104474157955,126.457696844588,183.516435987571,72.4017725710624,176.747584465503,297.98447897878,442.191373583975,96.5899314210476,118.652014909106,132.323252378744,122.550346270247,91.1621179207934,248.275048656351
SIDT1,102.155925682458,197.647975664538,68.8631022421026,54.0797226823277,102.155925682458,114.710352831916,92.1304669306372,88.2354346371694,323.463956386764,193.837450099034,136.564382262678,231.483987399356,513.822846462654,535.751420784758
LINC-PINT,1206.03500611523,1507.95880228396,2159.79729759322,2391.91953765443,1206.03500611523,2482.65977914789,9254.79331089167,3626.7806237071,1397.18458939283,2552.78047918304,2374.1845090263,2443.34752876306,2976.85752337718,8197.9767710936
BEST2,0.0,1.19065045581047,2.50411280880373,1.77310566171566,0.0,3.51154141322191,1.43953854579121,3.04260119438515,1.12313873745404,1.17477242484263,2.54467793036045,7.65939664189047,8.83996294989512,6.53355391200924
LOC148696,86.287044023047,279.207531887556,517.099295017971,282.810353043648,86.287044023047,53.843635002736,93.5700054764284,118.661446581021,117.929567432674,816.46683526563,317.23651531827,86.8064952747586,57.4597591743183,115.970581938164
RNASE6,1151.48572541101,423.276237040623,2345.1016454447,2006.26905623127,1151.48572541101,965.673888636027,1986.56319319186,1846.85892499179,907.496099862866,1717.51728511993,1928.01764523644,1060.40091286617,261.331404706274,1961.69956208077
HIST2H2AB,13.8852714519846,26.7896352557356,21.2849588748317,34.5755604034554,13.8852714519846,29.2628451101826,41.746617827945,48.6816191101624,11.2313873745404,32.8936278955937,55.1346884911431,73.18979013362,34.2548564308436,49.0016543400693
ACP6,124.967443067861,114.897768985711,211.597532343915,141.848452937253,124.967443067861,52.6731211983287,115.163083663297,72.0082282671153,154.993145768658,246.702209216953,129.778574448383,55.3178646358756,43.6473170651071,98.0033086801386
ZNF688,86.287044023047,89.8941094136907,58.8466510068877,55.8528283440434,86.287044023047,98.3231595702136,54.7024647400658,66.9372262764733,65.1420467723344,36.4179451701216,90.7601795161895,94.4658919166491,55.2497684368445,52.2684312960739
LOC284454,3652.81819697566,6142.56570152623,5271.15746253186,14746.0332356583,3652.81819697566,7676.22952930311,11239.9169655377,14264.7285996757,13606.8258042557,17774.306787869,23534.0297259503,15791.9737874355,11312.9425851283,27019.5122031142
AIRE,3.96722041485273,13.0971550139152,12.5205640440187,15.0713981245831,3.96722041485273,29.2628451101826,28.7907709158241,25.3550099532096,20.2164972741728,19.9711312223248,13.5716156285891,26.382366210956,46.9623031713178,26.134215648037
C15orf48,25.7869326965428,11.3111793301995,13.7726204484205,19.5041622788723,25.7869326965428,17.5577070661096,5.75815418316483,14.1988055737974,612.110611912453,465.209880237682,128.930348471596,78.296054561547,235.916511225326,302.176868430427
MKNK1-AS1,130.91827369014,118.469720353142,264.183901328794,64.7183566526217,130.91827369014,87.7885353305479,273.512323700329,32.4544127401083,43.8024107607076,128.050194307847,47.5006547000618,59.5730849924814,25.4148934809485,120.870747372171
SNHG10,11.9016612445582,12.50182978601,12.5205640440187,14.1848452937253,11.9016612445582,22.2397622837388,17.2744625494945,17.2414067681825,19.0933585367187,11.7477242484263,26.2950052803913,41.701159494737,60.2222475961605,27.7676041260393
URGCP,55.5410858079383,45.8400425487032,32.5534665144485,12.4117396320096,55.5410858079383,40.9679831542557,31.6698480074065,15.2130059719258,126.914677332307,224.381533144943,27.991457233965,84.2533630607951,140.334411829585,148.63835149821
MIR590,19.8361020742637,13.0971550139152,32.5534665144485,11.5251868011518,19.8361020742637,4.68205521762922,37.4280021905714,4.05680159251354,14.6008035869025,18.7963587974821,8.48225976786818,3.40417628528465,7.73496758115823,17.9672732580254
MIATNB,39.6722041485273,35.1241884464089,58.8466510068877,41.6679830503181,39.6722041485273,23.4102760881461,44.6256949195274,41.5822163232637,32.5710233861672,77.5349800396137,33.0808130946859,41.701159494737,28.1773819027907,78.4026469441109
EIF5A2,196.37741053521,267.301027329451,359.340188063336,340.436287049407,196.37741053521,335.937461864896,462.091873198977,462.475381546543,378.497754522012,481.656694185479,353.710232320103,498.711825794201,586.20004311492,780.759692485104
TMEM258,103.147730786171,213.126431590075,95.1562867345418,164.012273708699,103.147730786171,95.982131961399,74.8560043811427,140.973855339845,104.451902583226,85.7583870135122,151.83244984484,184.676563476692,138.67691877648,66.9689275980947
LSAMP,7.93444082970547,13.6924802418204,26.2931844924392,22.1638207714458,7.93444082970547,17.5577070661096,27.3512323700329,24.3408095550812,15.7239423243566,23.4954484968526,22.0538753964573,10.212528855854,27.0723865340538,14.7004963020208
DPYD,2151.2252699539,1877.06044358521,2524.14571127416,2225.24760545316,2151.2252699539,2054.25172673482,3010.07509924941,2358.01592564849,1911.58213114678,2913.43561360973,2391.99725453883,2103.78094430591,1669.09550447707,2977.66719539821
LOC81691,43.6394245633801,13.0971550139152,7.5123384264112,15.957950955441,43.6394245633801,1023.02906505198,755.757736540383,289.047113466589,102.205625108318,14.0972690981116,41.5630728625541,415.309506804727,556.917665843392,383.846292330543
ATP5L2,22.8115173854032,50.6026443719451,66.3589894332989,62.945250990906,22.8115173854032,51.5026073939214,66.2187731063955,66.9372262764733,57.2800756101561,85.7583870135122,71.2509820500927,79.1470986328682,135.914430354637,205.806948228291
BRF1,153.729791075543,146.450006064688,65.106933028897,72.6973321303421,153.729791075543,148.655253159728,50.3838491026922,70.9940278689869,175.209643042831,46.9908969937053,67.8580781429454,97.0190241306126,153.041858570059,70.2357045540994
POU5F1B,54.5492807042251,44.0540668649875,77.6274970729157,22.1638207714458,54.5492807042251,252.830981751978,708.252964529274,210.953682810704,49.4181044479778,42.2918072943348,13.5716156285891,130.209742912138,132.046946564058,478.582824054677
ERCC5,91.2460695416129,105.372565339227,117.693302013775,303.201068153378,91.2460695416129,38.6269555454411,57.5815418316483,100.40583941471,67.3883242472425,93.9817939874106,102.635343191205,37.4459391381312,67.9572151773187,55.5352082520786
LOC101928280,20.8279071779769,22.622358660399,40.0658049408597,28.3696905874506,20.8279071779769,158.019363594986,69.0978501979779,97.3632382203249,23.5859134865349,30.5440830459084,24.5985533268177,111.486773343072,75.6921827584769,88.2029778121248
OR7E91P,24.7951275928296,27.9802857115461,18.780846066028,15.0713981245831,24.7951275928296,15.216679457295,18.7140010952857,9.12780358315546,21.3396360116268,10.5729518235837,6.78580781429454,7.65939664189047,7.18246989678978,6.53355391200924
EIF1B,1557.1340128297,1143.02443757805,1453.63748551057,1139.22038765231,1557.1340128297,2106.92484793315,3226.00588111809,1545.64140674766,2199.10564793501,2304.90349754125,1558.19111935738,3360.77303764727,3587.91996228868,6958.23491628984
DOT1L,936.264017905245,891.201866174138,2436.50176296603,800.557206264622,936.264017905245,1003.13033037706,2042.70519647772,526.370006628631,2877.48144535725,8977.6108706474,877.913885974356,1157.41993699678,1291.73958605342,4852.79716814486
MGC39584,0.0,0.0,2.50411280880373,0.0,0.0,25.7513036969607,7.19769272895603,8.11360318502707,0.0,3.5243172745279,0.0,15.3187932837809,11.0499536873689,8.16694239001155
ZBTB8B,5.9508306222791,17.2644316092518,3.7561692132056,21.2772679405879,5.9508306222791,22.2397622837388,12.9558469121209,29.4118115457231,56.1569368727021,24.6702209216953,40.7148468857672,30.6375865675619,32.5973633777382,14.7004963020208
GUCY1A3,13.8852714519846,10.7158541022942,2.50411280880373,26.5965849257349,13.8852714519846,10.5346242396657,0.0,43.6106171195205,3.36941621236213,0.0,27.991457233965,6.8083525705693,8.83996294989512,0.0
LOC100129917,39.6722041485273,27.9802857115461,56.342538198084,100.180469886935,39.6722041485273,65.5487730468091,80.6141585643076,143.002256136102,42.6792720232536,63.4377109415022,113.662280889434,108.082597057788,112.709527611163,102.903474114146
MECOM,8.92624593341865,7.14390273486283,22.5370152792336,19.5041622788723,8.92624593341865,29.2628451101826,28.7907709158241,20.2840079625677,16.8470810618106,23.4954484968526,16.1162935589495,16.1698373551021,40.8848286432649,42.4681004280601
CLUHP3,5.9508306222791,27.9802857115461,11.2685076396168,2.65965849257349,5.9508306222791,5.85256902203652,7.19769272895603,2.02840079625677,7.86197116217829,11.7477242484263,0.848225976786817,54.4668205645544,63.5372337023711,16.3338847800231
MIR3128,0.0,2.38130091162094,1.25205640440187,6.20586981600482,0.0,9.36411043525844,20.1535396410769,7.09940278689869,4.49255494981617,11.7477242484263,5.93758183750772,10.212528855854,10.4974560030005,17.9672732580254
FAS-AS1,23.8033224891164,27.9802857115461,50.0822561760746,19.5041622788723,23.8033224891164,40.9679831542557,38.8675407363626,39.553815527007,83.1122665715991,357.13081715216,79.7332418179608,48.5095120653063,67.9572151773187,135.571243674192
PRSS23,155.71340128297,241.702042529526,345.567567614915,254.440662456198,155.71340128297,304.333589145899,444.817410649483,384.381950890657,239.228551077711,409.995576270079,297.727317852173,405.096977948874,442.550645179124,570.052578822806
SNHG9,42.6476194596669,23.8130091162094,12.5205640440187,41.6679830503181,42.6476194596669,129.927032289211,38.8675407363626,100.40583941471,37.0635783359834,18.7963587974821,59.3758183750772,188.931783833298,59.1172522274236,34.3011580380485
SUFU,227.123368750319,282.779483254987,211.597532343915,220.7516548836,227.123368750319,174.406556856688,145.393393124912,255.578500328353,185.317891679917,159.769049778598,251.074889128898,249.355912897101,217.684087641167,174.772567146247
ZDHHC9,198.361020742637,183.955495422718,232.882491218747,218.978549221884,198.361020742637,49.1615797851068,73.4164658353515,112.576244192251,221.258331278446,455.811700838941,135.716156285891,68.9345697770142,64.642229071108,39.2013234720554
LOC644285,197.369215638924,293.495337357281,733.705052979493,117.024973673234,197.369215638924,159.189877399393,490.882644114801,81.1360318502707,202.164972741728,711.912089454635,91.6084054929763,97.8700682019337,171.826779838586,264.608933436374
LOC101927018,61.4919164302174,61.9138237021446,282.964747394822,96.6342585635036,61.4919164302174,24.5807898925534,77.7350814727252,56.7952222951895,31.4478846487132,199.711312223248,87.3672756090422,45.1053357800216,43.6473170651071,34.3011580380485
SUPT7L,339.197345469909,357.195136743142,222.866039983532,197.701281281296,339.197345469909,379.246472627967,218.809858960263,208.925282014447,402.083668008547,252.576071341166,210.360042243131,246.802780683137,374.040932317437,262.975544958372
KLF2,3614.13779793084,6980.7836224168,5174.74911939291,9640.37548274806,3614.13779793084,15101.969104463,19026.3809597224,34824.5990705343,2372.06901350294,4247.97708823096,14535.2003382189,16635.3584621148,7813.42225233855,16306.1171758971
SNORD89,576.23876525736,607.827057691246,1052.97943610197,965.456032804178,576.23876525736,773.709624713229,1386.27561959693,979.717584592019,243.721106027527,576.813260597733,463.131383325602,413.607418662085,388.405872111017,1238.10846632575
CCL4L2,95.2132899564656,54.7699209672817,32.5534665144485,94.8611529017879,95.2132899564656,225.90916425061,44.6256949195274,171.399867283697,4632.94729199792,3548.98749544959,5718.73953549672,5301.15352025952,1293.9495767909,1896.36402296068
IKZF4,65.4591368450701,91.6800850974064,80.1316098817194,106.38633970294,65.4591368450701,99.4936733746209,162.667855674406,105.476841405352,52.78752066034,92.807021562568,104.331795144779,143.826448053277,206.634133953798,405.080342544573
RAP1GAP,48.598450081946,42.863416409177,137.726204484205,248.234792640193,48.598450081946,53.843635002736,318.138018619857,350.913337752421,40.4329945483455,183.264498275451,286.700380153944,109.78468520043,86.1896387614774,313.610587776444
ZNF439,126.951053275287,97.0380121485535,51.3343125804765,102.840128379508,126.951053275287,84.276993917326,28.7907709158241,100.40583941471,60.6494918225183,38.7674900198069,91.6084054929763,49.3605561366274,50.8297869618969,26.134215648037
HSD11B1L,9.91805103713184,9.52520364648378,21.2849588748317,19.5041622788723,9.91805103713184,30.4333589145899,28.7907709158241,49.6958195082908,12.3545261119945,15.2720415229542,35.6254910250463,40.8501154234158,46.4098054869494,24.5008271700347
PUS7L,166.623257423815,108.349191478753,77.6274970729157,69.1511208069108,166.623257423815,379.246472627967,377.159098997296,125.76084936792,134.776648494485,78.7097524644564,51.7417845839959,157.443153194415,128.179462773479,269.509098870381
LINC01366,131.910078793853,135.138826734489,261.67978851999,103.726681210366,131.910078793853,1245.42668788937,1098.36791043869,240.365494356427,536.860316503032,350.082182603105,290.093284061092,1857.8292076941,1430.4165048299,1973.13328142679
TNFRSF9,1769.38030502432,1156.71691781987,2654.35957733196,1034.60715361109,1769.38030502432,1343.74984745959,2303.26167326593,1109.53523555245,2303.55755051824,4195.11232911304,1259.61557552842,1086.78327907712,1265.77219488811,5225.20974112939
LINC01485,43.6394245633801,47.6260182324189,76.3754406685138,15.0713981245831,43.6394245633801,26.921817501368,25.9116938242417,3.04260119438515,7.86197116217829,19.9711312223248,3.39290390714727,1.70208814264233,0.552497684368445,9.80033086801386
ITPKC,335.230125055056,408.988431570897,341.811398401709,262.419637933918,335.230125055056,293.798964906233,436.180179374736,237.322893162042,776.088867580743,1466.11598620361,383.398141507642,599.135026210099,476.805501609968,1086.20333787154
TBC1D24,339.197345469909,361.957738566384,403.162162217401,513.314089066684,339.197345469909,424.896510999852,498.080336843757,568.966423350023,527.8752066034,566.240308774149,714.2062724545,681.686301128251,865.211373720985,1069.86945309151
SYT2,282.664454558257,679.86141026778,626.028202200933,879.460408210968,282.664454558257,277.411771644531,421.784793916824,799.189913725167,227.99716370317,475.782832061266,711.66159452414,348.928069241677,506.640376565864,416.514061890589
BTN2A2,478.050059989754,573.298194472742,583.45828445127,310.293490800241,478.050059989754,407.338803933742,456.333719015812,257.60690112461,1961.00023559476,3684.0863243065,856.708236554686,1275.71506291042,1201.129965817,2356.97957375733
SPHK1,37.688593941101,36.3148389022194,12.5205640440187,60.2855924983325,37.688593941101,191.964263922798,208.733089139725,95.3348374240681,270.676435726424,237.304029818212,152.680675821627,178.719254977444,274.591349131117,725.224484233026
SLC35A2,716.083284880919,1115.63947709441,703.655699273849,1568.3119577875,716.083284880919,1156.46763875442,616.122497598636,1636.91944257921,2343.99054506659,1293.42443975174,2124.80607185098,2826.31736085758,2095.07121912514,511.250593614723
GAB3,1251.65804088604,1406.15818831217,1066.75205655039,1568.3119577875,1251.65804088604,595.791526443318,562.859571404362,1246.45228929978,807.536752229456,758.902986448341,1346.13462516068,594.028761782172,418.793244751281,481.849601010682
LOC101929524,22.8115173854032,14.2878054697257,30.0493537056448,11.5251868011518,22.8115173854032,32.7743865234045,51.8233876484834,18.2556071663109,86.4816827839612,122.176332183634,100.938891237631,131.060786983459,246.966464912695,372.412572984527
PPP4R1-AS1,22.8115173854032,30.361586623167,38.8137485364578,16.8445037862988,22.8115173854032,16.3871932617023,70.5373887437691,35.4970139344934,4.49255494981617,8.22340697389843,10.1787117214418,11.9146169984963,7.73496758115823,16.3338847800231
DCK,421.517169078103,260.752449822493,231.630434814345,213.659232236737,421.517169078103,362.859279366265,273.512323700329,223.124087588244,344.803592398391,270.197657713805,274.825216478929,315.737350460151,274.591349131117,231.941163876328
PPP1R15B,8744.74559943914,11230.8104244323,12545.6051721067,26238.4175820684,8744.74559943914,27954.2106768553,46121.3754686045,48710.01672131,33903.0659287877,45064.2702169634,86237.4386079622,103303.984597319,86610.0894992818,128157.293372539
GOLGA6L4,107.114951201024,36.3148389022194,40.0658049408597,35.4621132343132,107.114951201024,78.4244248952894,25.9116938242417,20.2840079625677,94.3436539461395,38.7674900198069,25.4467793036045,20.4250577117079,30.9398703246329,27.7676041260393
CATIP,24.7951275928296,41.6727659533665,51.3343125804765,67.3780151451952,24.7951275928296,65.5487730468091,84.9327742016812,144.01645653423,22.4627747490808,41.1170348694921,72.0992080268795,68.9345697770142,59.669749911792,122.504135850173
NUP50,9651.25546423299,6852.78869841717,14954.5616941759,7667.79543408938,9651.25546423299,4196.29198880019,3842.12837871673,5308.32488380396,4355.53202384677,6014.83481519428,5727.22179526459,3275.66863051516,2354.74513077831,2789.82752042795
ADORA2A-AS1,146.787155349551,146.450006064688,194.068742682289,239.369264331614,146.787155349551,327.743865234045,529.750184851164,527.38420702676,302.124320375137,819.991152540157,450.4079936738,294.461248677122,400.008323482754,1064.96928765751
LINC00881,1.98361020742637,0.0,0.0,0.0,1.98361020742637,24.5807898925534,2.87907709158241,1.01420039812838,8.98510989963233,3.5243172745279,0.0,108.082597057788,139.229416460848,16.3338847800231
KLF17,15.8688816594109,41.6727659533665,17.5287896616261,34.5755604034554,15.8688816594109,125.244977071582,40.3070792821538,47.667418712034,26.955329698897,14.0972690981116,28.8396832107518,74.0408342049412,99.44958318632,34.3011580380485
NIPAL4,7.93444082970547,14.2878054697257,33.8055229188504,25.7100320948771,7.93444082970547,37.4564417410338,40.3070792821538,38.5396151288786,88.7279602588693,191.487905249349,117.903410773368,42.5522035660581,71.8246989678978,231.941163876328
HSPA6,5928.0191048937,7419.53831538296,8137.11457220773,5626.95081745465,5928.0191048937,21338.4666543452,27037.4129670504,15064.932713799,4997.96738167049,5462.69177551824,5383.69027466593,15201.3492019386,15581.5396945589,20922.0730147316
SYNJ2BP,179.516723772086,232.772164110947,257.923619306784,226.070971868747,179.516723772086,269.21817501368,333.97294262356,334.686131382367,224.627747490808,284.294926811917,250.226663152111,310.631086032224,430.395696123018,617.420844684873
EMCN,13.8852714519846,15.4784559255361,18.780846066028,15.957950955441,13.8852714519846,25.7513036969607,17.2744625494945,17.2414067681825,13.4776648494485,18.7963587974821,26.2950052803913,24.6802780683137,31.4923680090014,42.4681004280601
TTL,213.238097298334,178.002243143666,111.433019991766,130.323266136101,213.238097298334,175.577070661096,84.9327742016812,97.3632382203249,748.010399144392,1596.51572536114,133.17147835553,184.676563476692,245.861469543958,351.178522770497
LOC102724050,27.7705429039691,75.606303943965,75.123384264112,39.8948773886024,27.7705429039691,263.365605991644,308.061248799318,69.9798274708585,61.7726305599723,339.509230779521,116.206958819794,141.273315839313,128.179462773479,251.541825612356
TPT1,36647.1985822021,31148.6065744578,35711.15276635,37366.4287149959,36647.1985822021,78336.6363599589,104523.454271354,63364.198273867,46520.4065053464,41477.6900039188,38675.7116375717,64567.8626470653,49108.7566750892,103620.531655989
TLL2,9.91805103713184,16.0737811534414,13.7726204484205,25.7100320948771,9.91805103713184,11.705138044073,54.7024647400658,42.5964167213921,24.7090522239889,66.96202821603,55.1346884911431,61.2751731351237,67.4047174929503,122.504135850173
FRMD6-AS1,329.279294432777,280.993507571271,380.625146938167,518.633406051831,329.279294432777,710.501879275234,595.96895795756,903.65255473239,458.240604881249,390.024445047754,523.355427677466,587.220409211602,734.821920210032,780.759692485104
DGCR10,13.8852714519846,22.0270334324937,51.3343125804765,97.5208113943614,13.8852714519846,43.3090107630703,96.4490825680108,151.115859321129,13.4776648494485,61.0881660918169,120.448088703728,63.8283053490872,74.58718738974,101.270085636143
CCR1,2584.64410027656,3949.38756192334,6579.5564051318,3773.16884813093,2584.64410027656,6038.68071693729,32411.210358489,7826.58447235674,1643.15197289526,3127.24419493109,4274.21069702877,7924.92239214267,3951.46343860312,11116.8419812837
IL1RN,4854.88598267603,5350.78314841226,7131.71327947303,11570.4009955256,4854.88598267603,42705.0256399961,102787.37078513,82905.8115450047,257542.451330636,336245.712983308,303512.219013859,537920.277204039,544753.324326652,999200.900590743
LINC00957,135.877299208706,235.748790250473,245.403055262766,237.596158669899,135.877299208706,74.9128834820675,102.207236751176,155.172660913643,93.2205152086855,102.205200961309,165.404065473429,108.082597057788,95.0296017113725,53.9018197740762
SEZ6,131.910078793853,139.90142855773,323.030552335681,288.129670028795,131.910078793853,367.541334583894,346.928789535681,301.21751824413,189.810446629733,385.325355348383,353.710232320103,709.77075548185,388.958369795385,347.911745814492
MIR628,11.9016612445582,2.97662613952618,13.7726204484205,8.86552830857831,11.9016612445582,3.51154141322191,1.43953854579121,4.05680159251354,7.86197116217829,3.5243172745279,6.78580781429454,1.70208814264233,0.0,1.63338847800231
RRM2B,3165.84189105248,2258.06858944456,4701.47179852901,3173.85913447104,3165.84189105248,1377.6947477874,1402.11054360064,2023.32979426613,2067.69841565289,3161.31259525152,2150.25285115458,1645.91923393513,897.808737098723,1507.61756519613
HNRNPA2B1,10671.8229159539,6698.00413916181,8657.9700364389,6184.59254806423,10671.8229159539,31655.3753263912,23647.2996917121,10547.6841405352,12009.7225195961,9781.15520923976,6012.22572346496,14858.3784411962,17503.1266407923,23488.1263136732
MRPS2,14.8770765556978,45.2447173207979,2.50411280880373,6.20586981600482,14.8770765556978,15.216679457295,7.19769272895603,8.11360318502707,8.98510989963233,9.39817939874106,1.69645195357363,18.7229695690656,48.6197962244231,6.53355391200924
RCCD1,3.96722041485273,6.5485775069576,10.0164512352149,5.31931698514699,3.96722041485273,9.36411043525844,4.31861563737362,27.3834107494664,16.8470810618106,3.5243172745279,12.7233896518023,22.9781899256714,23.7574004278431,11.4337193460162
DUSP5,386.803990448142,742.965884425735,202.833137513102,262.419637933918,386.803990448142,1223.18692560563,1194.8169930067,738.337889837464,915.358071025044,1063.16904448258,745.590633595613,3045.03568718712,2758.06844036728,3056.06984234232
ZNF699,96.2050950601788,61.9138237021446,70.1151586465045,91.3149415783566,96.2050950601788,66.7192868512164,43.1861563737362,76.0650298596288,56.1569368727021,49.3404418433906,64.4651742357981,53.6157764932333,39.779833274528,16.3338847800231
CNOT7,1780.29016116516,948.353088053041,1587.60752078157,1059.43063287511,1780.29016116516,1090.91886570761,971.688518409064,789.047909743883,1247.80713731144,1091.36358267881,899.119535394027,682.537345199573,621.5598949145,748.091922925058
ZFYVE19,95.2132899564656,119.660370808952,38.8137485364578,50.5335113588964,95.2132899564656,84.276993917326,24.4721552784505,50.7100199064192,71.8808791970587,31.7188554707511,58.5275923982904,111.486773343072,79.559666549056,32.6677695600462
IL1RL2,100.172315475032,70.2483768928179,196.572855491093,51.4200641897542,100.172315475032,392.122124476447,644.91326851446,256.592700726481,28.078468436351,115.127697634578,28.8396832107518,171.059858335554,141.99190488269,311.977199298441
GRTP1,225.139758542893,227.4142370598,299.241480652046,307.633832307667,225.139758542893,602.814609269762,490.882644114801,338.74293297488,329.079650074034,379.45149322417,385.942819438002,574.454748141785,535.922753837391,619.054233162876
GK,9037.32810503453,9977.65081969176,17076.797299637,13257.511032648,9037.32810503453,30030.7021658738,59720.696110694,13999.0080953661,11503.1869490043,25680.5252070599,12226.3292294052,18592.7598261534,16603.1079129561,60757.1512162519
PPM1N,27.7705429039691,36.3148389022194,60.0987074112896,59.3990396674747,27.7705429039691,62.0372316335872,96.4490825680108,78.0934306558856,114.560151220312,149.196097955014,83.9743717018949,106.380508915145,125.969472036005,98.0033086801386
FLJ42393,11.9016612445582,36.9101641301246,88.8960047125325,23.0503736023036,11.9016612445582,49.1615797851068,185.700472407066,41.5822163232637,13.4776648494485,51.6899866930758,11.8751636750154,35.7438509954888,50.8297869618969,106.17025107015
FFAR3,137.860909416133,74.4156534881545,35.0575793232522,156.919851061836,137.860909416133,500.979908286326,175.623702586527,843.814731242815,223.504608753354,64.6124833663448,206.118912359197,826.363793252849,376.803420739279,127.40430128418
POU5F1P3,111.082171615877,213.72175681798,310.509988291663,92.2014944092144,111.082171615877,691.773658404717,3027.34956179891,1269.77889845674,126.914677332307,245.52743679211,66.1616261893718,810.193955897747,759.684316006612,2203.44105682512
GHDC,212.246292194621,189.90874770177,232.882491218747,218.091996391026,212.246292194621,88.9590491349552,83.49323565589,229.209289977015,113.437012482858,158.594277353755,212.056494196704,108.082597057788,96.1345970801094,70.2357045540994
SLC25A47,0.991805103713184,1.78597568371571,3.7561692132056,5.31931698514699,0.991805103713184,2.34102760881461,4.31861563737362,6.0852023887703,1.12313873745404,3.5243172745279,11.8751636750154,10.212528855854,15.4699351623165,4.90016543400693
KLK4,0.0,1.19065045581047,1.25205640440187,2.65965849257349,0.0,2.34102760881461,1.43953854579121,4.05680159251354,1.12313873745404,4.69908969937053,5.0893558607209,11.9146169984963,12.7074467404742,19.6006617360277
LINC01215,21.81971228169,66.0811002974812,83.887779094925,35.4621132343132,21.81971228169,108.857783809879,175.623702586527,56.7952222951895,103.328763845772,173.86631887671,47.5006547000618,143.826448053277,146.964384042006,334.844637990474
ST8SIA1,115.049392030729,135.138826734489,141.482373697411,181.743330325855,115.049392030729,159.189877399393,195.777242227604,190.669674848136,213.396360116268,234.954484968527,196.788426614542,312.333174174867,333.708601358541,359.345465160508
ZNF730,39.6722041485273,21.4317082045885,35.0575793232522,15.0713981245831,39.6722041485273,12.8756518484804,25.9116938242417,15.2130059719258,17.9702197992647,43.4665797191774,20.3574234428836,6.8083525705693,9.94495831863201,16.3338847800231
NFKBIE,524.664899864274,787.019951290722,752.485899045521,782.826149647465,524.664899864274,235.273274685868,315.258941528274,358.01274053932,11534.634833653,19000.7691994047,9691.83001076618,7610.03608575384,5879.68035704899,11172.3771895358
ZNHIT2,2.97541531113955,10.7158541022942,2.50411280880373,13.2982924628675,2.97541531113955,25.7513036969607,8.63723127474724,22.3124087588244,2.24627747490808,4.69908969937053,6.78580781429454,28.0844543535984,20.4424143216325,16.3338847800231
LAMB2P1,19.8361020742637,14.2878054697257,22.5370152792336,24.8234792640193,19.8361020742637,11.705138044073,15.8349240037033,19.2698075644393,4.49255494981617,21.1459036471674,33.0808130946859,19.5740136403867,13.2599444248427,13.0671078240185
CDCA4,38.6803990448142,58.9371975626184,33.8055229188504,27.4831377565928,38.6803990448142,80.765452504104,28.7907709158241,33.4686131382367,52.78752066034,19.9711312223248,24.5985533268177,160.8473294797,216.026594588062,52.2684312960739
GJB2,5.9508306222791,9.52520364648378,32.5534665144485,27.4831377565928,5.9508306222791,4.68205521762922,38.8675407363626,20.2840079625677,6.73883242472425,72.8358903402432,36.4737170018332,32.3396747102042,150.831867832585,225.407609964319
NR1I3,25.7869326965428,23.8130091162094,88.8960047125325,78.0166491154891,25.7869326965428,15.216679457295,82.0536971100988,61.8662242858314,57.2800756101561,185.614043125136,130.62680042517,70.6366579196565,38.6748379057911,119.237358894169
LOC100379224,18.8442969705505,10.120528874389,21.2849588748317,12.4117396320096,18.8442969705505,44.4795245674776,60.4606189232307,11.1562043794122,22.4627747490808,22.32067607201,13.5716156285891,32.3396747102042,30.3873726402645,70.2357045540994
MXD1,79159.932547764,101015.379996188,106797.90718267,77241.8019413194,79159.932547764,37361.6301228768,48345.4625218519,58716.1178492447,74760.6069198908,147781.671955504,74822.0134123652,48417.5993056036,31781.8767956104,51234.4963894985
ALDH7A1,8.92624593341865,16.0737811534414,12.5205640440187,12.4117396320096,8.92624593341865,21.0692484793315,15.8349240037033,33.4686131382367,22.4627747490808,16.4468139477969,11.0269376982286,21.2761017830291,43.6473170651071,42.4681004280601
MIR222,0.0,1.19065045581047,0.0,0.0,0.0,46.8205521762922,151.151547308077,23.3266091569528,5.61569368727021,12.922496673269,0.848225976786817,11.0635729271751,9.94495831863201,186.206286492263
HYAL4,62.4837215339306,50.0073191440398,57.5945946024858,93.9746000709301,62.4837215339306,92.4705905481771,69.0978501979779,74.036629063372,214.519498853722,113.952925209735,85.6708236554686,109.78468520043,129.284458142216,161.705459322229
GPR132,1746.56878763892,1831.81572626441,2090.93419535112,2563.91078684085,1746.56878763892,5303.5980477695,5451.5324729113,5110.55580616893,6161.53911367287,9250.15807321089,6826.52266118031,10946.9798894041,6285.7661550598,10700.3279193931
MIR616,44.6312296670933,33.3382127626932,42.5699177496634,23.0503736023036,44.6312296670933,433.090107630703,113.723545117505,92.2922362296829,178.579059255193,41.1170348694921,50.893558607209,242.547560326531,94.4771040270041,153.538516932217
SLC4A10,41.6558143559537,45.2447173207979,17.5287896616261,0.0,41.6558143559537,28.0923313057753,10.0767698205384,0.0,24.7090522239889,11.7477242484263,0.848225976786817,11.0635729271751,54.1447730681076,27.7676041260393
HRH1,101.164120578745,114.897768985711,133.970035271,170.218143524704,101.164120578745,229.420705663832,349.807866627263,188.641274051879,259.445048351884,273.721974988333,261.25360085034,217.867282258218,254.148934809485,395.280011676559
RABEPK,204.311851364916,174.430291776234,137.726204484205,193.268517127007,204.311851364916,149.825766964135,154.030624399659,239.351293958299,159.485700718474,117.477242484263,217.994076034212,188.931783833298,103.869564661268,160.072070844226
LOC101929586,239.025029994877,262.538425506209,351.827849636924,385.650481423157,239.025029994877,419.043941977815,441.9383335579,480.730988712854,459.363743618703,755.378669173813,545.409303073924,664.665419701828,832.614010343246,1092.73689178355
XKR8,3404.86692104736,4916.19573204144,4719.00058819063,6256.40332736371,3404.86692104736,1598.92185682038,2170.82412705314,4558.83078958709,1581.37934233529,1407.37736496147,4957.88083431895,2614.40738709861,1622.13320130575,1270.7762358858
FAM20A,94.2214848527524,110.730492390374,245.403055262766,136.529135952106,94.2214848527524,53.843635002736,57.5815418316483,78.0934306558856,73.0040179345127,171.516774027024,98.3942133072708,51.9136883505909,54.697270752476,70.2357045540994
WDR46,146.787155349551,139.306103329825,48.8301997716728,145.394664260684,146.787155349551,170.895015443467,107.96539093434,144.01645653423,161.731978193382,91.6322491377253,150.135997891267,404.245933877552,887.863778780091,151.905128454215
TMEM54,3.96722041485273,4.76260182324189,30.0493537056448,7.09242264686265,3.96722041485273,74.9128834820675,79.1746200185164,12.1704047775406,327.95651133658,108.079063085522,33.9290390714727,298.716469033728,542.552726049813,364.245630594515
ANKS3,15.8688816594109,19.0504072929676,3.7561692132056,15.0713981245831,15.8688816594109,22.2397622837388,11.5163083663297,36.5112143326218,11.2313873745404,10.5729518235837,24.5985533268177,32.3396747102042,56.3547638055814,21.23405021403
KCP,80.3362134007679,74.4156534881545,91.4001175213362,118.798079334949,80.3362134007679,120.562921853952,136.756161850165,127.789250164176,88.7279602588693,135.098828856903,112.814054912647,188.080739761977,180.114245104113,171.505790190243
HAUS1,57.5246960153646,52.983945283566,143.986486506215,20.3907151097301,57.5246960153646,31.6038727189972,37.4280021905714,17.2414067681825,39.3098558108915,30.5440830459084,14.4198416053759,21.2761017830291,20.9949120060009,16.3338847800231
FBXO33,2775.07068018949,2272.95172014219,3642.23208040503,3537.34579512275,2775.07068018949,1705.43861302144,1641.07394220198,2607.50922358808,2084.5454967147,2007.68607405606,2766.9131362786,1658.68489500495,1060.24305630305,1231.57491241374
TXNL4A,234.066004476311,178.002243143666,122.701527631383,134.75603029039,234.066004476311,127.586004680396,102.207236751176,140.973855339845,175.209643042831,103.379973386152,123.840992610875,83.402318989474,99.44958318632,71.8690930321017
LRRC75B,26.778737800256,28.5756109394513,45.0740305584672,39.0083245577446,26.778737800256,9.36411043525844,40.3070792821538,25.3550099532096,17.9702197992647,35.243172745279,23.7503273500309,20.4250577117079,10.4974560030005,17.9672732580254
HIST2H2BF,239.025029994877,361.957738566384,587.214453664475,461.007472046072,239.025029994877,609.837692096206,1033.58867587809,643.003052413395,326.833372599126,581.512350297103,707.420464640206,1155.71784885414,651.947267554765,981.666475279389
MIR3181,1.98361020742637,8.33455319067331,0.0,7.09242264686265,1.98361020742637,16.3871932617023,5.75815418316483,17.2414067681825,2.24627747490808,0.0,10.1787117214418,67.2324816343719,11.6024513717373,8.16694239001155
ZNF276,1814.01153469141,2943.28792676349,2903.51880180793,3798.87888022581,1814.01153469141,6351.20790271404,13656.9021839212,6820.49767741338,1434.24816772881,2147.48399261233,2792.3599155822,3999.05609113814,3196.19910407145,8397.25016540988
ZEB2-AS1,2.97541531113955,0.0,2.50411280880373,0.886552830857831,2.97541531113955,21.0692484793315,15.8349240037033,4.05680159251354,1.12313873745404,7.0486345490558,0.848225976786817,22.9781899256714,19.889916637264,42.4681004280601
NFKB2,6140.26539708832,8029.74667398582,12198.7855480874,10318.5883983543,6140.26539708832,10446.8357043352,18610.3543199887,10616.6497676079,30177.6147366526,54784.3372601113,20539.7920278928,33134.5498728182,22241.8992796205,54199.0964770727
HOXA2,83.3116287119074,30.361586623167,56.342538198084,46.987300035465,83.3116287119074,58.5256902203652,35.9884636447802,29.4118115457231,61.7726305599723,35.243172745279,39.8666209089804,24.6802780683137,9.94495831863201,22.8674386920323
C5AR1,78160.1930032211,79984.3256699801,140887.64690532,171138.385363134,78160.1930032211,35005.3858346049,86314.7312056407,94963.6400783531,66834.6168496777,131091.680115765,143256.036993549,46369.1362259336,28575.7327332203,76008.0994353595
LOC100506801,113.065781823303,84.5361823625435,260.427732115588,161.352615216125,113.065781823303,127.586004680396,408.828947004703,185.598672857494,536.860316503032,1396.80441313789,592.061731797199,319.141526745436,337.023587464751,1162.97259633765
ACP2,63.4755266376437,105.967890567132,50.0822561760746,57.625934005759,63.4755266376437,44.4795245674776,37.4280021905714,59.8378234895747,48.2949657105238,32.8936278955937,77.1885638876004,47.6584679939851,74.58718738974,42.4681004280601
LINC00092,93.2296797490392,103.586589655511,155.254994145831,145.394664260684,93.2296797490392,201.328374358056,195.777242227604,173.428268079954,180.825336730101,183.264498275451,156.921805705561,206.803709331043,244.756474175221,308.710422342437
LOC400706,44.6312296670933,39.2914650417456,78.8795534773176,47.8738528663229,44.6312296670933,85.4475077217333,92.1304669306372,67.9514266746017,67.3883242472425,96.3313388370959,65.313400212585,228.930855185393,75.6921827584769,179.672732580254
LOC286059,598.05847753905,974.547398080872,1845.53114008835,383.877375761441,598.05847753905,133.438573702433,283.589093520868,176.470869274339,138.146064706847,512.200777231388,190.850844777034,81.7002308468316,150.279370148217,300.543479952425
LOC101928063,7.93444082970547,0.0,1.25205640440187,5.31931698514699,7.93444082970547,36.2859279366265,17.2744625494945,61.8662242858314,5.61569368727021,5.87386212421316,5.93758183750772,42.5522035660581,34.2548564308436,32.6677695600462
SH3TC2,21.81971228169,26.1943100278304,58.8466510068877,48.7604056971807,21.81971228169,63.2077454379945,133.877084758582,51.7242203045476,28.078468436351,97.5061112619385,56.8311404447168,67.2324816343719,85.6371410771089,189.473063448268
LOC101928517,17.8524918668373,22.622358660399,18.780846066028,10.638633970294,17.8524918668373,5.85256902203652,8.63723127474724,13.184605175669,15.7239423243566,4.69908969937053,9.33048574465499,7.65939664189047,8.83996294989512,0.0
RAB3IL1,8.92624593341865,22.622358660399,10.0164512352149,4.43276415428916,8.92624593341865,1.1705138044073,4.31861563737362,5.07100199064192,1.12313873745404,7.0486345490558,2.54467793036045,0.0,1.65749305310533,6.53355391200924
CA12,19.8361020742637,26.1943100278304,80.1316098817194,39.0083245577446,19.8361020742637,25.7513036969607,57.5815418316483,28.3976111475948,30.3247459112591,69.3115730657153,38.1701689554068,39.9990713520947,21.5474096903693,78.4026469441109
WHAMMP2,115.049392030729,125.613623088005,132.717978866598,125.890501981812,115.049392030729,124.074463267174,151.151547308077,115.618845386636,150.500590818842,152.720415229542,114.51050686622,88.5085834174009,182.324235841587,192.739840404273
PBOV1,42.6476194596669,50.0073191440398,72.6192714553082,55.8528283440434,42.6476194596669,62.0372316335872,92.1304669306372,63.8946250820882,74.1271566719668,131.574511582375,75.4921119340268,95.3169359879702,122.101988245426,143.738186064203
LOC100129617,10.909856140845,15.4784559255361,50.0822561760746,23.9369264331614,10.909856140845,30.4333589145899,73.4164658353515,32.4544127401083,5.61569368727021,51.6899866930758,28.8396832107518,34.0417628528465,17.1274282154218,104.536862592148
MS4A10,163.647842112675,197.052650436633,275.45240896841,331.570758740829,163.647842112675,231.761733272646,341.170635352516,359.026940937448,320.094540174402,406.471258995551,508.087360095304,475.73363586853,437.02566833544,635.388117942899
TCTEX1D4,224.147953439179,590.562626081994,588.466510068877,973.435008281899,224.147953439179,814.677607867484,1131.47729699189,939.149568666884,746.887260406938,2443.52664367268,1595.513062336,2029.74011010097,1822.13736304713,3686.55779485122
ETS2,8228.01514040457,6975.42569536565,9580.73560648308,11743.2787975428,8228.01514040457,34635.5034724122,81466.365383416,38920.9544785749,36113.4029640973,43431.3365464321,35555.9364949498,48157.1798197793,39027.3314284182,169393.818888186
CLIC4,280.680844350831,175.620942232045,161.515276167841,308.520385138525,280.680844350831,188.452722509576,175.623702586527,306.288520234772,1937.41432210822,4404.22182073503,326.567001062925,651.04871456069,1117.70281547736,1367.14615608793
MAP7D3,363.992473062738,331.000826715311,487.049941312326,522.179617375263,363.992473062738,779.562193735265,770.153121998296,759.63609819816,512.151264279043,616.755523042382,602.24044351864,788.066810043397,917.146156051618,1091.10350330554
DMXL1,782.534226829702,644.141896593466,688.631022421026,609.948347630188,782.534226829702,750.299348625082,810.460201280449,511.157000656706,786.197116217829,751.854351899285,631.928352706179,697.005094412032,614.929922702079,757.892253793072
ZNF812,0.991805103713184,5.35792705114712,0.0,3.54621132343132,0.991805103713184,8.19359663085113,1.43953854579121,4.05680159251354,16.8470810618106,5.87386212421316,13.5716156285891,6.8083525705693,23.7574004278431,4.90016543400693
MIR27A,201.336436053776,352.4325349199,244.150998858364,776.62027983146,201.336436053776,348.813113713377,587.331726682812,751.522495013132,588.524698425918,864.632504684178,1469.12739179477,963.381888735556,640.344816183028,1406.34747955999
TMEM81,226.131563646606,241.702042529526,204.085193917504,104.613234041224,226.131563646606,115.880866636323,89.2513898390548,66.9372262764733,160.608839455928,98.6808836867811,67.8580781429454,104.678420772503,74.0346897053716,65.3355391200924
IGSF3,0.0,0.595325227905236,1.25205640440187,0.0,0.0,1.1705138044073,4.31861563737362,1.01420039812838,4.49255494981617,16.4468139477969,8.48225976786818,38.2969832094523,36.4648471683174,187.839674970266
ZFP14,387.795795551855,517.33762304965,548.400705128017,830.700002513788,387.795795551855,695.285199817939,741.362351082471,1295.13390840995,522.259512916129,642.60051638892,1104.39022177644,1212.73780163266,1376.2717317618,973.499532889377
LOC100289495,18.8442969705505,21.4317082045885,83.887779094925,46.1007472046072,18.8442969705505,31.6038727189972,74.8560043811427,55.7810218970611,39.3098558108915,74.0106627650859,106.876473075139,96.1679800592914,98.3445878175832,111.070416504157
GDF15,132.901883897567,66.6764255253864,101.416568756551,40.7814302194602,132.901883897567,38.6269555454411,40.3070792821538,37.5254147307502,56.1569368727021,50.5152142682332,44.1077507929145,36.59489506681,30.9398703246329,42.4681004280601
GTF2H4,9.91805103713184,23.2176838883042,5.00822561760746,3.54621132343132,9.91805103713184,10.5346242396657,4.31861563737362,2.02840079625677,10.1082486370864,2.34954484968527,5.0893558607209,10.212528855854,28.1773819027907,4.90016543400693
APOA2,31.7377633188219,45.2447173207979,113.93713280057,82.4494132697783,31.7377633188219,2.34102760881461,38.8675407363626,27.3834107494664,65.1420467723344,310.139920158455,100.938891237631,30.6375865675619,12.7074467404742,91.4697547681294
MFSD2A,153.729791075543,101.20528874389,61.3507638156914,60.2855924983325,153.729791075543,22.2397622837388,14.3953854579121,36.5112143326218,1226.46750129981,2374.21507060696,172.189873287724,180.421343120087,200.556659425745,245.008271700347
RAB22A,2169.07776182073,1896.11085087818,2408.95652206919,1579.83714458866,2169.07776182073,1296.92929528329,1525.91085853868,1206.89847377278,1684.70810618106,2335.44758058715,1334.25946148566,993.168431231797,952.506007851199,1128.6714382996
RPS2P32,43.6394245633801,57.1512218789027,41.3178613452616,28.3696905874506,43.6394245633801,103.005214787843,155.47016294545,54.7668214989327,46.0486882356157,138.623146131431,27.991457233965,53.6157764932333,48.0672985400547,120.870747372171
LOC101927153,308.4513872548,167.881714269277,512.091069400363,130.323266136101,308.4513872548,165.04244642143,236.084321509758,86.2070338409126,396.467974321277,640.250971539235,106.876473075139,202.548488974437,40.8848286432649,271.142487348384
CACFD1,35.7049837336746,37.5054893580299,10.0164512352149,20.3907151097301,35.7049837336746,38.6269555454411,8.63723127474724,41.5822163232637,90.9742377337774,52.8647591179185,58.5275923982904,95.3169359879702,87.2946341302143,40.8347119500578
APLP1,108.106756304737,204.196553171496,60.0987074112896,41.6679830503181,108.106756304737,251.660467947571,71.9769272895603,29.4118115457231,2144.07184979977,610.881660918169,353.710232320103,1953.99718775339,2376.84503815305,841.19506617119
CRNKL1,1467.87155349551,973.356747625061,1547.54171584071,1141.88004614489,1467.87155349551,891.931518958366,761.515890723548,1014.20039812838,959.160481785752,901.050449854299,946.620190094088,618.709039850485,545.315214471655,653.355391200924
PTPN12,10223.5270090755,7120.68505097453,14014.2673344701,10245.0045133931,10223.5270090755,10446.8357043352,15603.1582978309,9600.42096868328,9990.3190696537,16110.8290342919,10060.8083106684,8570.01379820411,6201.23400935142,16389.4199882752
LOC143666,305.475971943661,163.71443767394,363.096357276541,502.67545509639,305.475971943661,958.650805809583,670.824962338702,791.07631054014,382.990309471828,370.053313825429,619.204963054377,440.840828944362,229.286539012905,574.952744256813
NAA15,222.164343231753,182.169519739002,90.1480611169343,55.8528283440434,222.164343231753,186.111694900761,64.7792345606043,50.7100199064192,253.829354664613,76.3602076147711,71.2509820500927,118.295125913642,240.888990384642,76.7692584661086
DNAJB9,1266.53511744174,1008.48093607147,1049.22326688876,2275.78111681205,1266.53511744174,5851.39850823212,7525.90751739643,8488.85733233457,1221.97494635,1134.83016239798,2153.64575506173,2450.15588133363,2465.244667652,4909.96576487495
TMEM206,87.2788491267602,50.0073191440398,45.0740305584672,52.306617020612,87.2788491267602,23.4102760881461,14.3953854579121,18.2556071663109,43.8024107607076,10.5729518235837,28.8396832107518,24.6802780683137,23.7574004278431,4.90016543400693
SERTAD1,376.88593941101,529.244127607755,220.361927174728,556.755177778718,376.88593941101,3908.34559291599,2211.13120633529,2153.14744522656,567.185062414291,263.14902316475,637.0177085669,3484.17442798884,2001.14661278251,1399.81392564798
LOC100507140,0.0,0.595325227905236,1.25205640440187,0.0,0.0,1.1705138044073,1.43953854579121,5.07100199064192,3.36941621236213,0.0,3.39290390714727,9.36148478453279,4.41998147494756,4.90016543400693
BYSL,35.7049837336746,29.1709361673566,7.5123384264112,13.2982924628675,35.7049837336746,43.3090107630703,33.1093865531978,22.3124087588244,131.407232282123,93.9817939874106,77.1885638876004,97.8700682019337,66.2997221242134,24.5008271700347
GCC2,5571.96107266067,2684.32145262471,3483.22091704599,1809.45432778083,5571.96107266067,4247.79459619411,2392.51306310499,1491.88878564685,4652.04065053464,3196.5557679968,1567.52160510204,1206.78049313341,2071.3138186973,2074.40336706293
C9orf64,119.016612445582,111.325817618279,164.019388976644,123.230843489239,119.016612445582,106.516756201065,139.635238941747,120.689847377278,110.067596270496,135.098828856903,115.358732843007,99.5721563445761,119.339499823584,140.471409108199
ZC3H12A,4537.50834948781,6331.28379877219,4234.45475968711,12193.6476356186,4537.50834948781,1930.17726346765,1697.21594548783,4251.52806895419,24896.6163931437,38493.7680448185,22881.7439498012,19343.3806970587,11361.0098836683,24850.3723043272
RGS2,187523.566374363,128673.594759438,188668.623410104,338377.711376155,187523.566374363,36219.2086497752,33577.2365805799,135551.940011451,66221.3830990277,74065.8770690535,240427.108442293,29551.6543325561,18134.6314940255,39240.5247955275
SEC24A,839.067117741353,725.106127588578,1136.86721519689,734.952296781142,839.067117741353,977.3790266801,1629.55763383565,616.633842062057,1758.83526285303,3189.50713344775,923.718088720844,1536.1345487347,1466.32885431385,5066.77105876317
CA2,72.4017725710624,82.7502066788278,40.0658049408597,234.936500177325,72.4017725710624,125.244977071582,135.316623304373,321.501526206698,158.36256198102,104.554745810994,338.44216473794,167.655682050269,183.429231210324,236.841329310335
SEC14L3,99.1805103713184,204.196553171496,285.468860203625,257.100320948771,99.1805103713184,160.360391203801,309.500787345109,332.65773058611,188.687307892279,440.539659315987,306.209577620041,343.82180481375,349.731034205226,581.486298168823
RLIM,10807.7002151626,8273.23469219907,11432.5270285934,10743.2472043352,10807.7002151626,35683.1133273567,40558.9985276672,19470.6192432687,8914.35215917273,9886.8847274756,9411.06721244974,18277.0224756933,12912.9758790593,24040.211619238
TRIM7,168.606867631241,161.333136762319,185.304347851476,279.264141720217,168.606867631241,330.08489284286,368.521867722549,320.487325808569,254.952493402067,252.576071341166,244.289081314603,309.780041960903,314.923680090014,457.348773840647
MZT1,39.6722041485273,20.8363829766833,17.5287896616261,14.1848452937253,39.6722041485273,36.2859279366265,30.2303094616153,17.2414067681825,49.4181044479778,16.4468139477969,17.8127455125232,30.6375865675619,23.2049027434747,9.80033086801386
PDSS1,60.5001113265042,36.3148389022194,30.0493537056448,33.6890075725976,60.5001113265042,725.718558732529,585.892188137021,68.9656270727301,37.0635783359834,19.9711312223248,18.66097148931,169.357770192911,554.15517742155,717.057541843014
ICAM4,81.328018504481,134.543501506583,85.1398354993269,257.986873779629,81.328018504481,2497.87645860519,629.078344510757,1546.65560714579,512.151264279043,234.954484968527,939.834382279794,16526.4248209857,29831.0074721054,3141.00604319844
IPO7,429.451609907808,471.497580500947,315.51821390927,192.381964296149,429.451609907808,554.823543289063,416.026639733659,151.115859321129,844.600330565439,1158.32561089484,218.842302010999,296.163336819765,578.465075533762,436.114723626617
ATAT1,46.6148398745196,74.4156534881545,65.106933028897,62.0586981600482,46.6148398745196,217.715567619759,190.019088044439,114.604644988507,57.2800756101561,43.4665797191774,52.5900105607827,158.294197265736,172.931775207323,98.0033086801386
LOC100129550,3111.29261034826,2387.2541639,9635.82608827676,2654.33917558835,3111.29261034826,1611.79750866886,2642.99277007266,1787.02110150221,2210.33703530955,5575.46992830313,2034.04589233479,1149.76054035489,940.903556479461,1842.46220318661
HLTF,54.5492807042251,68.4624012091022,184.052291447074,76.2435434537735,54.5492807042251,110.028297614287,737.043735445098,268.763105504022,62.8957692974263,58.7386212421316,41.5630728625541,50.2116002079486,56.3547638055814,114.337193460162
LYG1,12.8934663482714,20.8363829766833,11.2685076396168,8.86552830857831,12.8934663482714,14.0461656528877,7.19769272895603,11.1562043794122,10.1082486370864,9.39817939874106,14.4198416053759,11.9146169984963,14.917437477948,11.4337193460162
NET1,119.016612445582,80.3689057672069,68.8631022421026,37.2352188960289,119.016612445582,449.477300892405,3100.76602763426,351.927538150549,121.298983645037,68.1368006408727,16.1162935589495,140.422271767992,95.0296017113725,981.666475279389
SLC35G3,0.0,0.595325227905236,8.76439483081306,0.886552830857831,0.0,14.0461656528877,7.19769272895603,6.0852023887703,3.36941621236213,1.17477242484263,5.0893558607209,28.0844543535984,9.94495831863201,3.26677695600462
MYCNOS,20.8279071779769,22.0270334324937,33.8055229188504,43.4410887120337,20.8279071779769,26.921817501368,43.1861563737362,74.036629063372,23.5859134865349,52.8647591179185,83.9743717018949,49.3605561366274,57.4597591743183,111.070416504157
SEMA7A,610.951943887321,350.646559236184,130.213866057794,424.658805980901,610.951943887321,2508.41108284485,679.46219361345,675.457465153504,502.043015641957,143.322235830801,434.29170011485,2585.47188867369,750.291855372348,238.474717788337
PDE11A,66.4509419487833,107.158541022943,167.77555818985,127.663607643528,66.4509419487833,146.314225550913,159.788778582824,148.073258126744,225.750886228262,211.459036471674,189.15439282346,249.355912897101,538.132744574865,501.450262746709
JAG1,589.132231605631,396.486601784887,1210.7385430566,809.4227345732,589.132231605631,408.509317738149,819.097432555197,634.889449228368,395.344835583823,701.339137631052,557.284466748939,257.866353610312,185.639221947797,576.586132734816
NPPA-AS1,16.8606867631241,10.120528874389,5.00822561760746,39.8948773886024,16.8606867631241,14.0461656528877,5.75815418316483,32.4544127401083,12.3545261119945,7.0486345490558,38.1701689554068,17.0208814264233,16.0224328466849,6.53355391200924
PPIL1,17.8524918668373,34.5288632185037,7.5123384264112,9.75208113943614,17.8524918668373,184.941181096354,421.784793916824,84.1786330446559,17.9702197992647,9.39817939874106,5.0893558607209,70.6366579196565,39.2273355901596,99.636697158141
TSC22D1,126.951053275287,117.874395125237,57.5945946024858,187.062647311002,126.951053275287,88.9590491349552,128.118930575417,165.314664894927,165.101394405744,167.992456752496,243.440855337817,112.337817414393,176.799258997902,529.217866872749
DUSP1,27085.2055773033,24707.782933751,19833.82550213,118954.999186011,27085.2055773033,46649.6571608487,28690.0032176187,233080.492896671,52315.8023906093,45669.2780157573,353119.867040259,79341.9877252007,71978.2933241523,74640.9532792716
TRMT10A,56.5328909116515,51.7932948277555,66.3589894332989,52.306617020612,56.5328909116515,154.507822181764,305.182171707736,117.647246182893,50.5412431854319,34.0684003204363,37.32194297862,52.7647324219121,51.3822846462654,179.672732580254
LINC01353,216.213512609474,158.356510622793,454.496474797877,261.53308510306,216.213512609474,675.386465143015,944.337286039031,460.446980750286,623.341999286993,620.27984031691,575.097212261462,930.191169954031,580.122568586867,1581.12004670624
BMP2,41.6558143559537,30.9569118510723,22.5370152792336,14.1848452937253,41.6558143559537,23.4102760881461,17.2744625494945,14.1988055737974,79.742850359237,128.050194307847,34.7772650482595,37.4459391381312,50.8297869618969,57.1685967300809
KLRF1,36.6967888373878,93.4660607811221,38.8137485364578,12.4117396320096,36.6967888373878,28.0923313057753,31.6698480074065,9.12780358315546,22.4627747490808,16.4468139477969,9.33048574465499,24.6802780683137,95.5820993957409,24.5008271700347
ABCC6P1,62.4837215339306,58.9371975626184,192.816686277887,55.8528283440434,62.4837215339306,21.0692484793315,71.9769272895603,39.553815527007,20.2164972741728,70.486345490558,36.4737170018332,23.8292339969926,13.8124421092111,44.1014889060624
DCUN1D3,1167.35460707042,1125.7600059688,891.464159934128,1725.23180884934,1167.35460707042,12778.4992027145,31990.865103118,7459.44392823426,3293.04277821525,3675.8629173326,3046.82770861825,9664.45647392312,6817.26892742224,23319.887300439
ASPH,1090.9856140845,990.621179234313,2090.93419535112,2125.06713556622,1090.9856140845,958.650805809583,2218.32889906425,1996.96058391479,1008.57858623373,1797.40181000923,2210.47689550645,1680.8120408593,632.057350917501,1927.39840404273
DDX51,441.353271152367,498.287215756683,505.830787378354,515.0871947284,441.353271152367,616.86077492265,649.231884151834,682.556867940402,679.498936159695,706.038227330422,620.053189031164,836.576322108703,1043.66812577199,1068.23606461351
PMS2CL,146.787155349551,144.664030380972,123.953584035785,143.621558598969,146.787155349551,111.198811418694,40.3070792821538,130.831851358562,95.4667926835936,63.4377109415022,126.385670541236,87.6575393460798,44.1998147494756,35.9345465160508
AARD,69.4263572599229,74.4156534881545,82.6357226905232,109.045998195513,69.4263572599229,113.539839027509,110.844468025923,128.803450562305,112.313873745404,158.594277353755,109.421151005499,131.91183105478,218.789083009904,276.04265278239
SAMHD1,1457.95350245838,2442.02408486728,823.853114096428,1121.48933103516,1457.95350245838,1396.42296865791,879.558051478427,1075.05242201609,1271.39305079798,789.447069494249,1147.64974659256,1447.6259653173,2027.11400394782,721.957707277021
MARCH1,323.328463810498,103.586589655511,23.7890716836355,142.735005768111,323.328463810498,114.710352831916,11.5163083663297,106.49104180348,256.075632139522,12.922496673269,135.716156285891,78.296054561547,71.8246989678978,13.0671078240185
FFAR1,0.991805103713184,2.97662613952618,5.00822561760746,0.0,0.991805103713184,21.0692484793315,8.63723127474724,30.4260119438515,1.12313873745404,3.5243172745279,3.39290390714727,58.7220409211602,70.1672059147925,60.4353736860855
GNAO1,11.9016612445582,32.1475623068827,2.50411280880373,7.09242264686265,11.9016612445582,4.68205521762922,0.0,14.1988055737974,11.2313873745404,0.0,14.4198416053759,3.40417628528465,38.6748379057911,4.90016543400693
CALML4,1551.18318220742,1388.29843147501,1884.34488862481,1346.67375007305,1551.18318220742,1193.92408049545,1194.8169930067,1004.0583941471,1229.83691751218,1421.47463405959,1084.88102431034,737.855209835448,672.389681876397,806.893908133141
NEIL1,23.8033224891164,69.6530516649126,31.3014101100466,65.6049094834795,23.8033224891164,92.4705905481771,54.7024647400658,69.9798274708585,30.3247459112591,42.2918072943348,64.4651742357981,123.401390341569,101.107076239425,55.5352082520786
LIMS2,6.94263572599229,19.0504072929676,18.780846066028,25.7100320948771,6.94263572599229,71.4013420688456,87.8118512932636,40.5680159251354,14.6008035869025,19.9711312223248,17.8127455125232,45.9563798513428,29.834874955896,52.2684312960739
SNORD2,11.9016612445582,7.73922796276807,6.26028202200933,15.957950955441,11.9016612445582,18.7282208705169,15.8349240037033,25.3550099532096,29.2016071738051,12.922496673269,19.5091974660968,17.0208814264233,19.889916637264,24.5008271700347
SPTBN1,1563.08484345198,1065.03683272247,572.189776811653,617.927323107908,1563.08484345198,1162.32020777645,564.299109950153,539.5546118043,1329.79626514559,624.97893001628,586.972375936478,2717.38371972847,1274.05966015363,507.983816658719
BCDIN3D-AS1,32.7295684225351,53.5792705114713,68.8631022421026,56.7393811749012,32.7295684225351,55.0141488071433,89.2513898390548,76.0650298596288,60.6494918225183,108.079063085522,74.64388595724,80.8491867755105,76.7971781272138,155.17190541022
CYYR1,67.4427470524965,25.0036595720199,16.2767332572243,8.86552830857831,67.4427470524965,59.6962040247725,15.8349240037033,4.05680159251354,44.9255494981617,15.2720415229542,9.33048574465499,4.25522035660581,16.0224328466849,3.26677695600462
TRIM38,6068.85542962097,7578.49015123366,8004.39659334113,5260.80449831037,6068.85542962097,15108.9921872895,23657.3764615327,8886.4238884009,6271.60670994337,7323.53129646897,4866.27242882597,11798.8750047966,10569.2807019683,18520.9919520682
MTRNR2L3,733.935776747756,609.017708147057,787.543478368774,789.03201946347,733.935776747756,570.040222746357,820.536971100988,756.593497003774,643.558496561166,783.573207370036,873.672756090422,691.898829984105,505.535381197127,849.362008561201
MIR155HG,1.98361020742637,5.35792705114712,0.0,2.65965849257349,1.98361020742637,5.85256902203652,0.0,4.05680159251354,11.2313873745404,4.69908969937053,5.93758183750772,75.7429223475835,153.594356254428,42.4681004280601
SH2D3A,64.4673317413569,131.566875367057,102.668625160953,65.6049094834795,64.4673317413569,39.7974693498484,38.8675407363626,38.5396151288786,782.827700005467,2051.15265377524,269.735860618208,424.67099158926,403.323309588965,418.147450368591
FOXI1,11.9016612445582,24.4083343441147,31.3014101100466,90.4283887474988,11.9016612445582,49.1615797851068,31.6698480074065,135.902853349203,16.8470810618106,22.32067607201,109.421151005499,60.4241290638026,108.842043820584,29.4009926040416
LINC00662,70.418162363636,82.1548814509226,82.6357226905232,86.8821774240675,70.418162363636,92.4705905481771,106.525852388549,115.618845386636,128.037816069761,125.700649458162,137.412608239464,129.358698840817,143.096900251427,282.5762066944
LOC100507462,43.6394245633801,56.5558966509974,65.106933028897,62.0586981600482,43.6394245633801,63.2077454379945,83.49323565589,74.036629063372,74.1271566719668,109.253835510365,95.8495353769104,91.9127597026856,136.466928039006,200.906782794284
ANKRD37,19.8361020742637,32.1475623068827,12.5205640440187,62.0586981600482,19.8361020742637,33.9449003278118,28.7907709158241,120.689847377278,16.8470810618106,4.69908969937053,41.5630728625541,60.4241290638026,28.7298795871591,37.5679349940531
POU5F1P5,25.7869326965428,23.2176838883042,40.0658049408597,16.8445037862988,25.7869326965428,86.6180215261406,174.184164040736,78.0934306558856,13.4776648494485,19.9711312223248,9.33048574465499,29.7865424962407,46.9623031713178,135.571243674192
TRA2B,1936.99536755185,1155.52626736406,847.642185780063,1409.61900106395,1936.99536755185,5742.54072442224,2928.02140213931,2326.57571330651,1517.36043430041,738.931855226016,1302.02687436776,2954.82501562708,2955.31011368681,2164.23973335306
LOC284395,11.9016612445582,16.0737811534414,15.0246768528224,19.5041622788723,11.9016612445582,105.346242396657,48.944310556901,98.3774386184532,12.3545261119945,31.7188554707511,29.6879091875386,88.5085834174009,64.0897313867396,50.6350428180716
KIAA1551,80870.7963516693,56951.1926023265,111705.968287926,63293.6662534331,80870.7963516693,52923.6111524719,77681.8185465309,57747.556469032,50700.7288861504,91490.1016743194,57085.6082377528,38903.7776323043,23956.2995942158,51041.7565490942
CAMK1G,1.98361020742637,1.19065045581047,5.00822561760746,12.4117396320096,1.98361020742637,43.3090107630703,102.207236751176,39.553815527007,126.914677332307,412.345121119764,182.368585009166,361.693730311494,723.771966522663,1411.247644994
ENTPD3-AS1,161.664231905249,197.647975664538,200.329024704299,282.810353043648,161.664231905249,209.521970988908,308.061248799318,388.438752483171,232.489718652987,299.566968334871,277.369894409289,319.141526745436,362.4384809457,490.016543400693
DSTNP2,133.89368900128,76.7969543997755,90.1480611169343,111.705656688087,133.89368900128,443.624731870369,128.118930575417,101.420039812838,171.840226830468,101.030428536466,89.9119535394026,307.22690974694,270.171367656169,135.571243674192
ISLR2,7.93444082970547,10.7158541022942,11.2685076396168,19.5041622788723,7.93444082970547,17.5577070661096,28.7907709158241,69.9798274708585,15.7239423243566,32.8936278955937,67.0098521661586,55.3178646358756,49.72479159316,91.4697547681294
KCTD21-AS1,36.6967888373878,25.0036595720199,22.5370152792336,33.6890075725976,36.6967888373878,37.4564417410338,35.9884636447802,43.6106171195205,31.4478846487132,37.5927175949642,39.0183949321936,48.5095120653063,72.3771966522663,58.8019852080832
MRPL13,27.7705429039691,23.8130091162094,6.26028202200933,6.20586981600482,27.7705429039691,28.0923313057753,21.5930781868681,12.1704047775406,28.078468436351,7.0486345490558,15.2680675821627,11.9146169984963,16.5749305310533,21.23405021403
SMPD2,126.951053275287,175.025617004139,97.6603995433455,116.138420842376,126.951053275287,105.346242396657,73.4164658353515,91.2780358315546,340.311037448575,381.801038073856,173.038099264511,165.102549836306,117.682006770479,120.870747372171
TFAMP1,51.5738653930855,58.3418723347131,81.3836662861213,91.3149415783566,51.5738653930855,77.2539110908821,145.393393124912,113.590444590379,83.1122665715991,105.729518235837,97.545987330484,114.039905557036,144.201895620164,168.239013234238
BOD1,135.877299208706,66.0811002974812,16.2767332572243,12.4117396320096,135.877299208706,56.1846626115506,21.5930781868681,26.369210351338,104.451902583226,35.243172745279,10.1787117214418,40.8501154234158,41.4373263276334,8.16694239001155
KIAA1755,7.93444082970547,13.0971550139152,25.0411280880373,16.8445037862988,7.93444082970547,12.8756518484804,44.6256949195274,28.3976111475948,25.832190961443,29.3693106210658,26.2950052803913,26.382366210956,34.807354115212,76.7692584661086
CXorf65,205.303656468629,193.480699069202,440.723854349457,284.583458705364,205.303656468629,186.111694900761,354.126482264637,226.16668878263,500.919876904503,827.039787089213,472.461869070257,561.689087071967,454.153096550862,872.229447253234
TMEM165,725.009530814337,787.615276518627,967.839600602642,1069.18271401454,725.009530814337,867.350729065813,1259.59622756731,1176.47246182893,1589.24131349747,2146.30922018749,1302.87510034455,1641.66401357852,1601.69078698412,3155.70653950046
XBP1,674.427470524965,757.25368989546,385.633372555775,1753.60149943679,674.427470524965,1492.40510061931,2784.06754756019,3029.41658920948,7006.13944423831,10650.4868036233,10929.3917108981,4328.41014673943,4669.7104282821,8209.41049043961
TOB2,1528.37166482202,1520.46063206997,1343.4565219232,1271.31675945013,1528.37166482202,1766.30533085062,1445.29669997437,997.97319175833,1374.72181464375,1139.52925209735,1235.86524817839,1934.423174113,1385.66419239606,1189.10681198568
TDP2,11017.9628971498,9184.08229089408,19875.1433634752,15341.7967379948,11017.9628971498,5926.31139171418,14108.9172872996,8826.58606491133,7489.08910134355,15637.3957470803,10576.5297045548,4582.87232406446,2431.54230890553,8877.46637794256
ZNF561,256.877521861715,241.702042529526,222.866039983532,262.419637933918,256.877521861715,234.102760881461,238.96339860134,256.592700726481,244.844244764981,206.759946772303,232.413917639588,232.335031470677,260.778907021906,213.973890618303
VILL,39.6722041485273,83.3455319067331,25.0411280880373,28.3696905874506,39.6722041485273,59.6962040247725,33.1093865531978,38.5396151288786,927.712597137039,1219.41377698665,125.537444564449,496.158693580238,557.470163527761,1118.87110743158
ZNF414,146.787155349551,342.907331273416,290.477085821233,470.759553185508,146.787155349551,257.513036969607,362.763713539384,741.380491031849,126.914677332307,320.712871982039,560.677370656086,708.068667339208,679.572151773187,444.281666016628
ATF7IP2,36.6967888373878,66.0811002974812,61.3507638156914,27.4831377565928,36.6967888373878,28.0923313057753,38.8675407363626,28.3976111475948,68.5114629846965,64.6124833663448,48.3488806768486,44.2542917087005,167.959296048007,164.972236278233
ANKK1,17.8524918668373,22.622358660399,36.3096357276541,31.0293490800241,17.8524918668373,71.4013420688456,48.944310556901,82.1502322483991,42.6792720232536,41.1170348694921,106.876473075139,172.761946478196,74.58718738974,78.4026469441109
IGSF9,11.9016612445582,17.8597568371571,21.2849588748317,60.2855924983325,11.9016612445582,70.2308282644383,61.9001574690219,163.28626409867,38.1867170734374,24.6702209216953,190.850844777034,108.082597057788,143.649397935796,104.536862592148
TAGAP,29510.1690558821,35486.7415102032,21090.8901321494,45311.7151851438,29510.1690558821,34775.965128941,48246.1343621923,52870.2667544327,111454.672611252,112762.88074337,141443.378081155,67768.6393993042,53964.6588230035,83520.0530456921
C1orf61,0.0,3.57195136743142,1.25205640440187,0.886552830857831,0.0,2.34102760881461,1.43953854579121,1.01420039812838,25.832190961443,16.4468139477969,12.7233896518023,68.083525705693,132.046946564058,27.7676041260393
PRX,8.92624593341865,10.120528874389,8.76439483081306,4.43276415428916,8.92624593341865,8.19359663085113,28.7907709158241,17.2414067681825,5.61569368727021,14.0972690981116,14.4198416053759,72.3387460622988,143.649397935796,45.7348773840647
RPL27A,2450.75041127528,3590.40644949648,1979.50117535935,1761.58047491451,2450.75041127528,2175.98516239318,2153.54966450365,1821.50391503858,2382.17726214002,1737.48841634225,1902.57086593283,2221.22502614823,3456.97801109336,1902.89757687269
SH3GL1P1,124.967443067861,135.734151962394,125.205640440187,83.3359661006361,124.967443067861,60.8667178291799,56.1420032858571,52.738420702676,55.033798135248,52.8647591179185,59.3758183750772,69.7856138483354,59.1172522274236,24.5008271700347
CERS1,0.0,6.5485775069576,10.0164512352149,10.638633970294,0.0,33.9449003278118,7.19769272895603,14.1988055737974,8.98510989963233,2.34954484968527,2.54467793036045,31.488630638883,23.7574004278431,17.9672732580254
NPHS1,155.71340128297,198.243300892444,269.192126946401,250.894451132766,155.71340128297,229.420705663832,280.710016429285,316.430524216056,232.489718652987,330.11105138078,284.155702223584,406.799066091516,1137.04023443026,347.911745814492
CPNE9,5.9508306222791,6.5485775069576,18.780846066028,13.2982924628675,5.9508306222791,21.0692484793315,34.548925098989,26.369210351338,14.6008035869025,7.0486345490558,31.3843611411122,33.1907187815253,63.5372337023711,44.1014889060624
SCN1B,72.4017725710624,80.9642309951121,200.329024704299,339.549734218549,72.4017725710624,99.4936733746209,162.667855674406,328.600928993596,305.493736587499,817.641607690472,387.639271391576,475.73363586853,394.48334663907,517.784147526732
PEX11G,91.2460695416129,161.333136762319,353.079906041326,223.411313376173,91.2460695416129,91.3000767437698,277.830939337703,128.803450562305,57.2800756101561,139.797918556273,146.743093984119,91.0617156313644,62.4322383336343,111.070416504157
OSGIN1,119.016612445582,314.331720333965,560.921269172036,390.083245577446,119.016612445582,65.5487730468091,269.193708062956,230.223490375143,81.989127834145,193.837450099034,303.664899689681,136.167051411386,74.58718738974,156.805293888222
TRAF3IP3,3965.23680464531,3299.88773827872,8175.92832074418,2601.14600573688,3965.23680464531,1396.42296865791,2877.63755303662,816.431320493349,1873.39541407334,3334.00414170339,1033.13923972634,725.089548765631,564.100135740182,2009.06782794284
NUCB1-AS1,0.0,3.57195136743142,0.0,7.09242264686265,0.0,7.02308282644383,2.87907709158241,15.2130059719258,3.36941621236213,3.5243172745279,7.63403379108136,10.212528855854,51.3822846462654,9.80033086801386
LOC101927580,36.6967888373878,39.8867902696508,86.3918919037287,44.3276415428916,36.6967888373878,71.4013420688456,168.426009857571,63.8946250820882,78.6197116217829,92.807021562568,60.224044351864,81.7002308468316,117.682006770479,166.605624756236
ZNF99,79.3444082970547,126.20894831591,159.011163359037,147.1677699224,79.3444082970547,180.259125878725,221.688936051846,196.754877236906,163.97825566829,210.284264046831,193.395522707394,277.440367250699,272.933856078012,300.543479952425
MAGI3,175.549503357234,126.804273543815,254.167450093579,164.898826539557,175.549503357234,299.65153392827,711.132041620856,131.84605175669,214.519498853722,129.22496673269,55.98291446793,64.6793494204084,73.4821920210032,88.2029778121248
MTF1,3759.93314817668,3258.21497232536,7188.05581767111,4484.18421847891,3759.93314817668,2937.98964906234,6027.34789122778,3484.79256796913,9154.70384898789,22590.8737297238,7006.34656825911,5158.17811627757,5056.45880734001,13942.6040482277
PDE7B,100.172315475032,59.5325227905236,100.164512352149,70.9242264686265,100.172315475032,187.282208705169,125.239853483835,227.180889180758,84.2354053090531,68.1368006408727,61.0722703286509,159.145241337057,133.704439617164,135.571243674192
DDIT4,1605.73246291164,1759.18604845997,1288.36604012952,8592.4700366741,1605.73246291164,668.363382316571,796.064815822537,2832.66171197258,7732.81020737108,12364.4797714687,14331.6261037901,3379.49600721634,2754.75345426107,9653.32590499366
PLAGL2,1139.58406416645,1891.34824905494,1865.56404255878,1270.43020661927,1139.58406416645,842.76993917326,1204.89376282724,1086.2086263955,3259.34861609163,8352.63194063112,1612.47758187174,1479.9656400275,1153.06266727694,2303.07775398326
CYLC2,4.95902551856592,8.33455319067331,13.7726204484205,8.86552830857831,4.95902551856592,23.4102760881461,8.63723127474724,37.5254147307502,6.73883242472425,15.2720415229542,14.4198416053759,18.7229695690656,23.2049027434747,31.0343810820439
NKPD1,64.4673317413569,72.6296778044388,82.6357226905232,80.6763076080626,64.4673317413569,73.7423696776602,89.2513898390548,74.036629063372,128.037816069761,133.92405643206,145.894868007333,100.423200415897,280.116325974801,240.10810626634
GCH1,297.541531113955,373.864243124488,1618.90893089161,379.444611607152,297.541531113955,401.486234911706,2581.09261260363,414.807962834509,2131.71732368777,11340.0782170059,1082.33634637998,1594.00554558454,1249.19726435705,12018.472421141
ADAM33,3.96722041485273,13.0971550139152,7.5123384264112,11.5251868011518,3.96722041485273,30.4333589145899,30.2303094616153,28.3976111475948,28.078468436351,55.2143039676037,22.0538753964573,64.6793494204084,81.2171596021614,145.371574542206
RFX5,550.451832560817,648.904498416707,678.614571185811,359.053896497422,550.451832560817,475.228604589366,535.508339034329,229.209289977015,1936.29118337077,2598.5966037519,1196.8468532462,1508.0500943811,1207.20744034505,1590.92037757425
SNHG8,53.5574756005119,64.8904498416707,20.0329024704299,38.1217717268867,53.5574756005119,128.756518484804,46.0652334653186,105.476841405352,76.3734341468748,27.0197657713805,37.32194297862,91.0617156313644,113.8145229799,34.3011580380485
LINC00563,34.7131786299614,28.5756109394513,37.561692132056,57.625934005759,34.7131786299614,25.7513036969607,34.548925098989,65.923025878345,41.5561332857995,68.1368006408727,116.206958819794,65.5303934917295,74.58718738974,65.3355391200924
CNTNAP2,265.803767795133,272.063629152693,470.773208055102,881.233513872684,265.803767795133,455.329869914442,548.46418594645,878.29754477918,764.857480206202,1146.57788664641,1378.36721227858,999.976783802366,940.903556479461,1711.79112494642
MAPK6,674.427470524965,438.159367738254,664.841950737391,385.650481423157,674.427470524965,1762.7937894374,2298.94305762856,390.467153279428,2834.802173334,3950.75966474577,703.179334756272,863.80973239098,947.533528691883,2840.46256324602
C2orf48,32.7295684225351,29.7662613952618,55.0904817936821,58.5124868366169,32.7295684225351,51.5026073939214,60.4606189232307,42.5964167213921,70.7577404596046,58.7386212421316,69.554530096519,51.9136883505909,64.642229071108,115.970581938164
PIGA,358.041642440459,263.133750734114,459.504700415485,610.834900461046,358.041642440459,806.484011236633,2326.29428999859,1341.78712672385,439.14724634453,1017.35291991372,858.404688508259,623.815304278412,459.678073394546,1589.28698909625
MRPS16,234.066004476311,236.939440706284,242.898942453962,282.810353043648,234.066004476311,241.125843707905,260.556476788208,264.706303911508,248.213660977343,250.226526491481,261.25360085034,234.888163684641,269.066372287433,289.109760606409
BMP8A,111.082171615877,197.052650436633,210.345475939513,188.835752972718,111.082171615877,161.530905008208,228.886628780802,230.223490375143,244.844244764981,323.062416831724,273.128764525355,342.970760742429,406.085798010807,470.415881664665
KCNH2,1136.60864885531,117.874395125237,7.5123384264112,144.508111429826,1136.60864885531,126.415490875989,0.0,30.4260119438515,531.244622815762,7.0486345490558,85.6708236554686,160.8473294797,16.5749305310533,0.0
DOLPP1,18.8442969705505,26.7896352557356,7.5123384264112,11.5251868011518,18.8442969705505,5.85256902203652,4.31861563737362,17.2414067681825,17.9702197992647,16.4468139477969,12.7233896518023,25.5313221396349,34.2548564308436,13.0671078240185
TRIM52,178.524918668373,190.504072929676,147.74265571942,122.344290658381,178.524918668373,193.134777727205,158.349240037033,130.831851358562,169.59394935556,138.623146131431,141.653738123399,142.975403981955,153.041858570059,163.338847800231
LENG9,0.0,5.95325227905236,2.50411280880373,7.09242264686265,0.0,4.68205521762922,14.3953854579121,31.4402123419799,4.49255494981617,0.0,15.2680675821627,11.9146169984963,13.8124421092111,8.16694239001155
NFE2L1,1451.01086673239,1469.85798769803,1484.93889562061,1938.00448825522,1451.01086673239,1341.40881985077,1635.31578801881,1847.87312538992,1114.15362755441,1259.3560394313,1988.2416895883,1674.00368828873,1134.83024369279,1456.98252237806
TMEM185B,1612.67509863764,1916.94723385486,2769.54876653693,2875.09083047195,1612.67509863764,3641.46844551113,3722.64667941606,3489.86356995977,3294.1659169527,6370.7908599216,3971.39402331588,7107.92008367435,4034.33809125838,5270.94461851346
AP1M2,36.6967888373878,18.4550820650623,85.1398354993269,56.7393811749012,36.6967888373878,33.9449003278118,74.8560043811427,54.7668214989327,15.7239423243566,52.8647591179185,55.1346884911431,62.977261277766,7.73496758115823,81.6694239001155
GRAMD3,7.93444082970547,19.0504072929676,1.25205640440187,0.886552830857831,7.93444082970547,9.36411043525844,0.0,3.04260119438515,17.9702197992647,10.5729518235837,3.39290390714727,21.2761017830291,69.614708230424,9.80033086801386
CYP27C1,93.2296797490392,113.111793301995,166.523501785448,123.230843489239,93.2296797490392,149.825766964135,142.514316033329,177.485069672467,134.776648494485,184.439270700293,154.377127775201,190.63387197594,218.789083009904,326.677695600462
KLC2,24.7951275928296,63.104474157955,37.561692132056,40.7814302194602,24.7951275928296,77.2539110908821,76.295542926934,73.0224286652437,30.3247459112591,45.8161245688627,31.3843611411122,72.3387460622988,179.009249735376,89.8363662901271
DLEU7-AS1,9.91805103713184,16.6691063813466,23.7890716836355,24.8234792640193,9.91805103713184,28.0923313057753,38.8675407363626,33.4686131382367,10.1082486370864,30.5440830459084,21.2056494196704,28.9354984249195,25.4148934809485,53.9018197740762
IDI1,2548.93911654288,1616.90331899062,2462.79494745847,3477.06020262441,2548.93911654288,10580.2742780376,17283.0997807692,13236.3293959735,2338.37485137931,2522.23639613713,3113.83756078441,3454.3878854926,2461.37718386142,8335.18140324579
TFEC,103.147730786171,67.2717507532917,32.5534665144485,35.4621132343132,103.147730786171,110.028297614287,148.272470216494,36.5112143326218,344.803592398391,279.595837112547,50.893558607209,137.018095482707,161.329323835586,199.273394316282
LINC01271,41.6558143559537,71.4390273486283,180.296122233869,266.852402088207,41.6558143559537,110.028297614287,164.107394220198,192.698075644393,57.2800756101561,204.410401922618,245.13730729139,233.186075541999,106.63205308311,205.806948228291
MIR22HG,2178.99581285786,2902.21048603803,3649.74441883144,7425.76651126519,2178.99581285786,8501.44176141025,15496.6324454423,13895.559654757,2750.56676802495,4209.20959821115,8429.66975730739,8251.72331553,5306.18776067454,13483.6218859091
CD48,1936.00356244813,1590.70900896279,1744.1145713318,812.082393065773,1936.00356244813,806.484011236633,1167.46576063667,801.218314521423,5416.89813074084,4142.24756999512,1555.64644142702,3216.946589594,2601.71159569101,3441.54952315087
WSB1,12237.883174717,7554.08181688954,10536.0546430417,6281.22680662773,12237.883174717,67351.3643055963,71814.2594338859,24299.227338758,43356.5246819384,23521.2934901992,12281.4639178963,77915.6378616664,56850.9067261442,98220.5493477129
KMT2E-AS1,381.844964929576,492.33396347763,647.313161075765,547.003096639282,381.844964929576,780.732707539672,1037.90729151546,850.914134029714,852.462301727618,1074.91676873101,1111.17602959073,1069.7623976507,859.6863968773,1156.43904242564
MT1H,0.0,0.0,1.25205640440187,0.0,0.0,1.1705138044073,0.0,1.01420039812838,1.12313873745404,1.17477242484263,2.54467793036045,4.25522035660581,8.83996294989512,11.4337193460162
ACKR2,88.2706542304733,104.181914883416,164.019388976644,161.352615216125,88.2706542304733,158.019363594986,194.337703681813,140.973855339845,156.116284506112,169.167229177339,121.296314680515,309.780041960903,192.269194160219,245.008271700347
FAM86B2,14.8770765556978,6.5485775069576,32.5534665144485,25.7100320948771,14.8770765556978,7.02308282644383,12.9558469121209,9.12780358315546,8.98510989963233,19.9711312223248,14.4198416053759,2.55313221396349,1.65749305310533,8.16694239001155
LDHB,279.689039247118,391.12867473374,77.6274970729157,35.4621132343132,279.689039247118,227.079678055017,76.295542926934,21.2982083606961,227.99716370317,92.807021562568,33.0808130946859,152.336888766488,460.230571078915,93.1031432461317
CCL20,3.96722041485273,5.95325227905236,6.26028202200933,31.0293490800241,3.96722041485273,10.5346242396657,14.3953854579121,31.4402123419799,1105.16851765478,738.931855226016,2748.25216478929,554.029690430077,810.514102968508,1860.42947644463
PRDM1,2136.3481933982,2708.13446174092,3867.60223319736,674.66670428281,2136.3481933982,1511.13332148983,785.988046001999,700.812475106713,5147.34483375187,7739.40073486326,1386.84947204645,3406.72941749862,2112.19864734056,2072.76997858493
IFRD1,11838.1857179206,11569.5504791104,19674.8143387709,34319.3466353375,11838.1857179206,4781.54889100384,8784.06420641794,12347.8898472131,6423.23043949966,15140.4670113718,14275.6431893221,4972.65050872955,3158.07676385003,7946.43494548124
RRAS,11.9016612445582,30.361586623167,8.76439483081306,22.1638207714458,11.9016612445582,14.0461656528877,10.0767698205384,22.3124087588244,10.1082486370864,11.7477242484263,21.2056494196704,16.1698373551021,33.7023587464751,9.80033086801386
LIPM,17.8524918668373,13.6924802418204,13.7726204484205,13.2982924628675,17.8524918668373,18.7282208705169,162.667855674406,8.11360318502707,24.7090522239889,19.9711312223248,10.1787117214418,3.40417628528465,0.552497684368445,6.53355391200924
C5orf42,66.4509419487833,69.6530516649126,20.0329024704299,5.31931698514699,66.4509419487833,50.3320935895141,17.2744625494945,14.1988055737974,46.0486882356157,25.8449933465379,18.66097148931,22.1271458543502,92.2671132895303,22.8674386920323
ZMYND10,20.8279071779769,42.863416409177,17.5287896616261,29.2562434183084,20.8279071779769,25.7513036969607,15.8349240037033,25.3550099532096,22.4627747490808,14.0972690981116,17.8127455125232,36.59489506681,29.2823772715276,11.4337193460162
DUSP6,12784.3677868629,16897.1159436343,31770.9312616973,8604.88177630611,12784.3677868629,16257.2662294131,65513.3992189578,6779.92966148825,5702.17537005417,19036.01237215,4764.48531161155,5751.35583398842,4813.35982621789,25585.3971194282
RHOV,6.94263572599229,15.4784559255361,7.5123384264112,0.0,6.94263572599229,0.0,1.43953854579121,1.01420039812838,57.2800756101561,95.1565664122532,6.78580781429454,4.25522035660581,1.10499536873689,31.0343810820439
FANCA,212.246292194621,356.599811515236,138.978260888607,284.583458705364,212.246292194621,410.850345346964,454.894180470021,631.846848033983,178.579059255193,139.797918556273,283.307476246797,582.965188854997,501.115399722179,501.450262746709
TNFSF15,475.074644678615,397.081927012793,502.074618165148,273.058271904212,475.074644678615,1395.25245485351,2902.10970831507,436.106171195205,735.655873032397,613.231205767854,298.57554382896,1262.94940184061,681.782142510661,3111.6050505944
LOC283575,458.213957915491,488.166686882294,621.019976583326,273.058271904212,458.213957915491,214.204026206537,233.205244418175,194.72647644065,179.702197992647,327.761506531094,158.618257659135,268.929926537487,136.466928039006,256.441991046363
SOD2,78200.8570124734,73965.5876158582,129253.538795618,150819.481032703,78200.8570124734,115046.290293781,137645.796671464,163791.335896938,172182.784145392,300099.140243325,246291.742845797,261567.544276488,224695.835753487,438492.937250588
PTGER4P2-CDK2AP2P2,61.4919164302174,63.6997993858603,100.164512352149,101.953575548651,61.4919164302174,62.0372316335872,66.2187731063955,80.1218314521423,84.2354053090531,69.3115730657153,74.64388595724,62.1262172064449,49.72479159316,89.8363662901271
LINC01127,325.312074017924,244.083343441147,500.822561760746,253.55410962534,325.312074017924,232.932247077054,250.47970696767,180.527670866852,162.855116930836,286.644471661602,201.877782475263,180.421343120087,65.7472244398449,84.9362008561202
HOXA3,86.287044023047,23.8130091162094,57.5945946024858,122.344290658381,86.287044023047,26.921817501368,10.0767698205384,27.3834107494664,31.4478846487132,45.8161245688627,32.2325871178991,11.9146169984963,9.94495831863201,17.9672732580254
RHOF,60.5001113265042,72.0343525765336,55.0904817936821,51.4200641897542,60.5001113265042,33.9449003278118,12.9558469121209,45.6390179157773,143.761758394117,238.478802243054,67.0098521661586,50.2116002079486,59.1172522274236,26.134215648037
P3H2-AS1,176.541308460947,177.40691791576,294.233255034439,238.482711500757,176.541308460947,262.195092187236,382.917253180461,242.393895152684,859.201134152342,492.229646009063,441.077507929145,347.225981099034,561.33764731834,607.62051381686
NUTM2G,31.7377633188219,50.0073191440398,47.5781433672709,15.0713981245831,31.7377633188219,23.4102760881461,34.548925098989,11.1562043794122,19.0933585367187,41.1170348694921,12.7233896518023,18.7229695690656,26.5198888496853,11.4337193460162
EPC1,3319.57168212803,2159.24460161229,4287.04112867199,2242.97866207031,3319.57168212803,2417.11100610108,2814.29785702181,2079.11081616319,2432.71850532545,2826.50245417137,2154.49398103852,1639.96192543588,1292.29208373779,1630.12170104631
SAMSN1,18785.7804694314,6090.77240669847,22301.628675206,16861.3482900851,18785.7804694314,28240.986558935,62321.9422629387,18492.930059473,39142.5081390108,67130.0206727825,17352.1588071279,26208.7532204065,15683.751766167,87574.1232480939
TESPA1,121.000222653008,407.797781115087,130.213866057794,76.2435434537735,121.000222653008,150.996280768542,113.723545117505,65.923025878345,414.438194120541,191.487905249349,138.260834216251,290.206028320517,844.216461714984,238.474717788337
LINC00700,68.4345521562097,60.1278480184288,93.9042303301399,148.940875584116,68.4345521562097,139.291142724469,133.877084758582,197.769077635035,86.4816827839612,106.90429066068,119.599862726941,145.528536195919,174.589268260429,225.407609964319
MRFAP1L1,559.378078494236,354.813835831521,508.334900187158,120.571184996665,559.378078494236,366.370820779486,169.865548403362,116.633045784764,454.871188668887,169.167229177339,98.3942133072708,228.930855185393,276.248842184222,142.104797586201
SLC7A14,240.01683509859,235.748790250473,381.877203342569,324.478336093966,240.01683509859,420.214455782222,421.784793916824,364.09794292809,453.748049931433,529.822363604027,469.06896516311,457.861710370786,717.141994310241,996.366971581409
LINC01531,334.238319951343,319.689647385112,431.959459518644,276.604483227643,334.238319951343,853.304563412925,880.997590024218,445.233974778361,1036.65705467008,917.497263802096,419.023632532688,927.638037740067,1366.32677344316,962.065813543361
CCNH,1326.04342366453,986.453902638976,1913.14218592605,1841.37022969172,1326.04342366453,2893.51012449486,6339.72775566447,2586.21101522738,1237.69888867435,2107.54173016768,1611.62935589495,1726.76842071064,1075.16049378099,4338.27979757414
MED18,429.451609907808,392.914650417456,832.617508927241,741.158166597147,429.451609907808,424.896510999852,608.92480486968,677.48586594976,1057.99669068171,902.225222279142,922.869862744057,963.381888735556,1098.91789420884,1210.34086219971
TMEM263,60.5001113265042,126.20894831591,38.8137485364578,12.4117396320096,60.5001113265042,42.138496958663,20.1535396410769,11.1562043794122,60.6494918225183,19.9711312223248,11.8751636750154,42.5522035660581,140.334411829585,39.2013234720554
LOC646626,15.8688816594109,5.35792705114712,6.26028202200933,12.4117396320096,15.8688816594109,38.6269555454411,15.8349240037033,28.3976111475948,26.955329698897,7.0486345490558,33.9290390714727,20.4250577117079,18.2324235841587,21.23405021403
DGUOK,604.009308161329,396.486601784887,549.652761532419,400.72187954774,604.009308161329,404.997776324927,472.168643019516,322.515726604826,388.606003159098,365.354224126059,327.415227039712,256.16426546767,222.104069116115,267.875710392379
DHCR7,307.459582151087,188.122772018055,229.126322005541,347.52870969627,307.459582151087,83.1064801129186,66.2187731063955,128.803450562305,189.810446629733,109.253835510365,156.921805705561,72.3387460622988,78.4546711803192,53.9018197740762
TRIM55,0.0,0.595325227905236,0.0,0.886552830857831,0.0,1.1705138044073,24.4721552784505,27.3834107494664,0.0,1.17477242484263,0.0,16.1698373551021,13.2599444248427,35.9345465160508
MIR192,5.9508306222791,20.241057748778,11.2685076396168,23.0503736023036,5.9508306222791,21.0692484793315,14.3953854579121,39.553815527007,14.6008035869025,8.22340697389843,45.8042027464881,45.1053357800216,29.2823772715276,21.23405021403
NUP210L,11.9016612445582,11.9065045581047,7.5123384264112,9.75208113943614,11.9016612445582,45.6500383718849,10.0767698205384,34.4828135363651,13.4776648494485,9.39817939874106,13.5716156285891,32.3396747102042,28.7298795871591,26.134215648037
SGK223,120.008417549295,120.255696036858,21.2849588748317,23.9369264331614,120.008417549295,29.2628451101826,14.3953854579121,20.2840079625677,61.7726305599723,18.7963587974821,16.9645195357364,39.1480272807735,69.0622105460556,6.53355391200924
STAP2,50.5820602893724,73.8203282602493,83.887779094925,111.705656688087,50.5820602893724,73.7423696776602,109.404929480132,122.718248173534,129.160954807215,159.769049778598,124.689218587662,139.571227696671,183.429231210324,227.040998442321
TPRA1,117.033002238156,230.390863199326,108.928907182962,216.318890729311,117.033002238156,93.6411043525844,99.3281596595933,227.180889180758,486.3190733176,411.170348694921,312.147159457549,257.015309538991,175.141765944797,117.603970416166
ERI1,742.862022681174,558.415063775111,1407.3113985477,1363.51825385934,742.862022681174,2740.1728161175,6453.45130078198,1686.6152620875,381.867170734374,874.030684082919,695.54530096519,679.984212985609,324.868638408646,2072.76997858493
DPH1,12.8934663482714,35.7195136743142,6.26028202200933,31.0293490800241,12.8934663482714,12.8756518484804,20.1535396410769,22.3124087588244,22.4627747490808,19.9711312223248,39.0183949321936,41.701159494737,92.8196109738987,27.7676041260393
LINC01058,1.98361020742637,1.78597568371571,0.0,0.886552830857831,1.98361020742637,3.51154141322191,4.31861563737362,1.01420039812838,2.24627747490808,3.5243172745279,0.848225976786817,45.1053357800216,66.2997221242134,16.3338847800231
DAB2IP,38.6803990448142,6.5485775069576,1.25205640440187,0.886552830857831,38.6803990448142,10.5346242396657,1.43953854579121,3.04260119438515,30.3247459112591,1.17477242484263,0.0,0.0,3.31498610621067,0.0
KCNE3,4436.34422890907,3758.28816376576,10622.4465349454,3024.91825888692,4436.34422890907,993.766219941802,1868.52103243699,1185.60026541208,1627.42803057091,2748.96747413176,1246.89218587662,1519.9647113796,591.725019958604,901.630439857275
GADD45G,115.049392030729,156.570534939077,192.816686277887,178.197119002424,115.049392030729,107.687270005472,70.5373887437691,136.917053747332,55.033798135248,23.4954484968526,90.7601795161895,138.72018362535,50.2772892775285,39.2013234720554
SNORD35B,57.5246960153646,49.4119939161346,21.2849588748317,102.840128379508,57.5246960153646,43.3090107630703,31.6698480074065,81.1360318502707,17.9702197992647,10.5729518235837,57.6793664215036,22.1271458543502,16.0224328466849,17.9672732580254
ATP6V1B1-AS1,2.97541531113955,1.78597568371571,2.50411280880373,6.20586981600482,2.97541531113955,7.02308282644383,2.87907709158241,5.07100199064192,4.49255494981617,0.0,2.54467793036045,7.65939664189047,16.0224328466849,13.0671078240185
DYNLT3,377.877744514723,223.842285692369,634.792597031746,614.381111784477,377.877744514723,208.3514571845,369.96140626834,198.783278033163,593.017253375734,1322.7937503728,452.104445627374,133.613919197423,172.931775207323,463.882327752656
ZBTB18,7230.25920606911,5425.19880190042,11670.4177454298,6720.95701073322,7230.25920606911,3361.71564625778,3483.68328081472,3965.52355668198,3298.65847190252,4245.62754338127,3811.07931370317,2720.78789601376,2146.45350377141,2379.84701244937
ZNF658B,144.803545142125,91.6800850974064,231.630434814345,516.860300390116,144.803545142125,40.9679831542557,128.118930575417,300.203317846002,51.6643819228859,167.992456752496,420.720084486261,48.5095120653063,46.9623031713178,153.538516932217
AP3M2,190.426579912931,203.601227943591,113.93713280057,141.848452937253,190.426579912931,108.857783809879,28.7907709158241,61.8662242858314,119.052706170128,76.3602076147711,64.4651742357981,62.1262172064449,162.986816888691,53.9018197740762
KLF9,111.082171615877,125.0182978601,62.6028202200933,83.3359661006361,111.082171615877,189.623236313983,238.96339860134,155.172660913643,55.033798135248,32.8936278955937,77.1885638876004,148.932712481204,160.776826151217,66.9689275980947
RNF26,37.688593941101,63.104474157955,25.0411280880373,41.6679830503181,37.688593941101,44.4795245674776,14.3953854579121,33.4686131382367,56.1569368727021,27.0197657713805,43.2595248161277,32.3396747102042,70.1672059147925,14.7004963020208
COL7A1,55.5410858079383,78.5829300834912,93.9042303301399,117.911526504092,55.5410858079383,57.3551764159579,100.767698205384,76.0650298596288,58.4032143476102,129.22496673269,106.876473075139,82.5512749181528,55.2497684368445,107.803639548152
SPATA20,10.909856140845,50.0073191440398,40.0658049408597,22.1638207714458,10.909856140845,33.9449003278118,35.9884636447802,27.3834107494664,26.955329698897,37.5927175949642,30.5361351643254,30.6375865675619,55.8022661212129,24.5008271700347
OSTF1,3742.08065630984,2862.32369576838,4360.9124565317,4617.16714310758,3742.08065630984,3827.58014041189,4630.99550181031,4946.25534167213,3841.13448209282,4162.21870121745,4939.21986282964,3678.21247625007,2518.28444535137,4669.85765860861
ADM,5743.54335560305,5813.35085049463,7041.56521835609,14750.4659998126,5743.54335560305,10423.425428247,15796.0564629669,22512.2062372557,8023.70314037167,9089.21425100745,22755.35827926,16306.8554505848,10049.3803809776,18052.2094588815
WFIKKN1,16.8606867631241,20.241057748778,12.5205640440187,46.987300035465,16.8606867631241,16.3871932617023,18.7140010952857,51.7242203045476,8.98510989963233,8.22340697389843,45.8042027464881,29.7865424962407,46.9623031713178,34.3011580380485
GADD45B,2585.63590538027,2810.53040094062,1438.61280865774,2321.88186401666,2585.63590538027,5634.85345441677,2408.34798710869,3703.85985396486,28508.6305727959,27226.5257181529,7372.78019023102,21073.5532940546,12832.8637148259,4464.05071038031
NPTXR,121.000222653008,164.90508812975,105.172737969757,117.024973673234,121.000222653008,170.895015443467,169.865548403362,206.89688121819,144.884897131571,104.554745810994,141.653738123399,226.377722971429,270.171367656169,272.775875826386
KIAA1024,170.590477838668,12.50182978601,0.0,29.2562434183084,170.590477838668,118.221894245138,2.87907709158241,37.5254147307502,113.437012482858,0.0,39.8666209089804,106.380508915145,13.8124421092111,3.26677695600462
LINC00664,323.328463810498,388.747373822119,897.724441956138,2450.43202449105,323.328463810498,2075.32097521415,3644.91159794333,5423.9437291906,688.484046059328,1215.88945971212,4042.64500536597,1582.94197265736,1081.79046599341,4005.06854806167
ERN2,15.8688816594109,38.1008145859351,21.2849588748317,55.8528283440434,15.8688816594109,37.4564417410338,27.3512323700329,43.6106171195205,34.8173008610753,37.5927175949642,50.893558607209,58.7220409211602,86.7421364458458,83.3028123781178
SNORA40,77.3607980896283,29.1709361673566,46.326086962869,17.7310566171566,77.3607980896283,24.5807898925534,30.2303094616153,8.11360318502707,57.2800756101561,39.9422624446495,12.7233896518023,17.0208814264233,22.0999073747378,21.23405021403
ZNF114,119.016612445582,91.0847598695011,133.970035271,147.1677699224,119.016612445582,150.996280768542,205.854012048143,185.598672857494,123.545261119945,156.24473250407,173.038099264511,206.803709331043,218.789083009904,282.5762066944
LRG1,4311.37678584121,6895.65211482635,6113.79142269431,12616.5333359378,4311.37678584121,18633.4092523599,15414.5787483322,25403.6915723198,6805.09761023404,7826.33389430162,15016.144467057,41905.4100718541,24713.7739194849,22450.9246301418
DRC7,39.6722041485273,253.013221859725,865.170975441689,57.625934005759,39.6722041485273,49.1615797851068,1622.35994110669,52.738420702676,23.5859134865349,798.84524889299,51.7417845839959,604.241290638026,708.854529044715,1721.59145581444
LINC01105,185.467554394365,176.811592687855,252.915393689177,232.276841684752,185.467554394365,251.660467947571,365.642790630966,370.18314531686,216.76577632863,338.334458354678,300.271995782533,501.264958008165,494.485427509758,653.355391200924
FAM166A,0.991805103713184,4.76260182324189,0.0,6.20586981600482,0.991805103713184,1.1705138044073,7.19769272895603,15.2130059719258,0.0,0.0,7.63403379108136,21.2761017830291,32.0448656933698,8.16694239001155
ACOT2,10.909856140845,24.4083343441147,3.7561692132056,3.54621132343132,10.909856140845,5.85256902203652,5.75815418316483,6.0852023887703,6.73883242472425,1.17477242484263,5.0893558607209,7.65939664189047,28.1773819027907,1.63338847800231
VPS9D1,450.279517085785,1266.85208498234,1598.87602842118,2102.01676196392,450.279517085785,3393.31951897678,6911.22455834358,3512.17597871859,438.024107607076,1261.70558428099,1765.15825769337,2262.07514157165,2323.25276276931,4601.25534253251
TMEM120B,423.500779285529,455.423799347506,668.598119950596,563.847600425581,423.500779285529,541.947891440582,607.485266323889,609.534439275159,1257.91538594853,1623.53549113252,716.750950384861,570.199527785179,724.324464207031,798.72696574313
ALDH1B1,35.7049837336746,59.5325227905236,108.928907182962,70.9242264686265,35.7049837336746,79.5949386996967,126.679392029626,110.547843395994,50.5412431854319,112.778152784893,70.4027560733059,106.380508915145,119.891997507953,179.672732580254
HSP90AB1,1955.8396645224,2406.30457119296,638.548766244952,554.095519286145,1955.8396645224,6927.10069448243,1042.22590715283,733.266887846822,4863.190733176,1658.7786638778,1453.8593242126,7513.01706162323,8175.86073328425,2007.43443946484
UST,111.082171615877,134.543501506583,190.312573469084,99.2939170560771,111.082171615877,506.832477308363,492.322182660593,375.254147307502,128.037816069761,205.585174347461,123.840992610875,928.489081811389,494.485427509758,576.586132734816
LINC01224,18.8442969705505,27.3849604836409,45.0740305584672,45.2141943737494,18.8442969705505,31.6038727189972,67.6583116521867,68.9656270727301,17.9702197992647,70.486345490558,54.2864625143563,64.6793494204084,56.3547638055814,104.536862592148
ANKRD16,170.590477838668,176.811592687855,215.353701557121,285.470011536222,170.590477838668,250.489954143163,257.677399696626,307.3027206329,301.001181637683,307.79037530877,381.701689554068,428.075167874545,435.920672966703,516.15075904873
CD300E,168.606867631241,283.970133710798,115.189189204972,532.818251345557,168.606867631241,285.605368275382,195.777242227604,1075.05242201609,160.608839455928,103.379973386152,738.804825781318,599.135026210099,708.854529044715,231.941163876328
HSPA4L,0.991805103713184,1.19065045581047,0.0,0.0,0.991805103713184,9.36411043525844,11.5163083663297,9.12780358315546,8.98510989963233,2.34954484968527,0.848225976786817,3.40417628528465,6.07747452805289,17.9672732580254
LOC102467655,7.93444082970547,17.8597568371571,18.780846066028,23.9369264331614,7.93444082970547,35.1154141322191,21.5930781868681,29.4118115457231,23.5859134865349,31.7188554707511,22.9021013732441,42.5522035660581,54.697270752476,47.368265862067
NRSN2-AS1,76.3689929859151,60.7231732463341,77.6274970729157,91.3149415783566,76.3689929859151,104.17572859225,139.635238941747,111.562043794122,88.7279602588693,128.050194307847,140.805512146612,142.975403981955,218.236585325536,231.941163876328
AGBL5,60.5001113265042,77.3922796276807,68.8631022421026,70.9242264686265,60.5001113265042,94.8116181569917,41.746617827945,52.738420702676,73.0040179345127,39.9422624446495,66.1616261893718,68.083525705693,75.6921827584769,44.1014889060624
C1orf74,2690.76724637387,1934.21166546411,3617.19095231699,1932.68517127007,2690.76724637387,333.596434256082,413.147562642076,137.93125414546,984.992672747195,754.20389674897,292.637961991452,108.082597057788,69.614708230424,125.770912806178
ZNF470,79.3444082970547,69.6530516649126,87.6439483081306,63.8318038217638,79.3444082970547,110.028297614287,116.602622209088,54.7668214989327,111.19073500795,101.030428536466,76.3403379108136,62.1262172064449,93.3721086582672,130.671078240185
ALG1L2,469.123814056336,428.63416409177,817.592832074418,511.540983404969,469.123814056336,103.005214787843,299.424017524571,155.172660913643,244.844244764981,567.415081198992,216.297624080638,102.976332629861,31.4923680090014,169.87240171224
LOC100996351,175.549503357234,150.02195743212,165.271445381046,240.255817162472,175.549503357234,347.64259990897,326.775249894604,276.876708689049,277.415268151148,234.954484968527,253.619567059258,313.184218246188,287.298795871591,506.350428180716
MIR6821,0.0,1.19065045581047,2.50411280880373,11.5251868011518,0.0,2.34102760881461,11.5163083663297,3.04260119438515,8.98510989963233,12.922496673269,31.3843611411122,25.5313221396349,14.917437477948,47.368265862067
UBR1,716.083284880919,565.558966509974,881.447708698914,386.537034254014,716.083284880919,1759.28224802418,3198.65464874806,597.364034497618,659.282438885523,855.234325285437,377.460559670134,1205.07840499077,971.290929119726,2474.5835441735
NKD1,36.6967888373878,48.8166686882294,72.6192714553082,100.180469886935,36.6967888373878,95.982131961399,141.074777487538,115.618845386636,66.2651855097885,82.2340697389843,117.055184796581,108.082597057788,126.521969720374,161.705459322229
LOC101928449,0.0,0.0,1.25205640440187,0.0,0.0,17.5577070661096,5.75815418316483,5.07100199064192,0.0,1.17477242484263,0.848225976786817,186.378651619335,271.828860709275,129.037689762183
HIBADH,49.5902551856592,42.2680911812718,57.5945946024858,21.2772679405879,49.5902551856592,55.0141488071433,70.5373887437691,21.2982083606961,52.78752066034,70.486345490558,12.7233896518023,28.0844543535984,45.8573078025809,81.6694239001155
MITF,0.0,4.16727659533665,2.50411280880373,14.1848452937253,0.0,3.51154141322191,1.43953854579121,12.1704047775406,10.1082486370864,3.5243172745279,13.5716156285891,17.8719254977444,8.83996294989512,8.16694239001155
CTH,69.4263572599229,68.4624012091022,113.93713280057,130.323266136101,69.4263572599229,25.7513036969607,51.8233876484834,55.7810218970611,49.4181044479778,105.729518235837,71.2509820500927,28.9354984249195,27.6248842184222,55.5352082520786
CYCS,582.189595879639,556.629088091396,510.839012995961,601.08281932161,582.189595879639,1087.40732429439,796.064815822537,725.153284661794,906.372961125412,623.804157591438,648.892872241915,1189.75961170699,1229.30734771979,950.632094197345
ARMC12,4.95902551856592,4.16727659533665,10.0164512352149,3.54621132343132,4.95902551856592,11.705138044073,17.2744625494945,4.05680159251354,3.36941621236213,8.22340697389843,9.33048574465499,22.9781899256714,29.2823772715276,14.7004963020208
IL12A-AS1,1.98361020742637,5.95325227905236,10.0164512352149,16.8445037862988,1.98361020742637,9.36411043525844,18.7140010952857,21.2982083606961,11.2313873745404,7.0486345490558,11.8751636750154,21.2761017830291,18.2324235841587,29.4009926040416
LOC440600,85.2952389193338,77.9876048555859,154.00293774143,133.869477459533,85.2952389193338,140.461656528877,211.612166231307,187.627073653751,236.982273602803,239.653574667897,263.7982787807,312.333174174867,322.106149986803,365.879019072518
ATP1B3,425.484389492956,406.011805431371,212.849588748317,285.470011536222,425.484389492956,1346.0908750684,2104.60535394674,553.753417378098,475.08768594306,239.653574667897,191.699070753821,877.426437532119,723.219468838294,1938.83212338874
IDO2,5.9508306222791,2.97662613952618,13.7726204484205,15.957950955441,5.9508306222791,7.02308282644383,48.944310556901,31.4402123419799,16.8470810618106,51.6899866930758,41.5630728625541,23.8292339969926,12.1549490561058,127.40430128418
HDGF,3054.75971943661,2750.40255292219,2343.84958904029,2657.88538691178,3054.75971943661,2075.32097521415,1880.03734080332,2150.10484403217,9886.99030580793,11271.9414163651,5188.59830000496,4019.48114884985,2578.50669294753,2443.54916309146
PLG,21.81971228169,11.3111793301995,57.5945946024858,19.5041622788723,21.81971228169,14.0461656528877,47.5047720111098,19.2698075644393,30.3247459112591,69.3115730657153,16.9645195357364,10.212528855854,7.18246989678978,21.23405021403
BBS10,623.845410235592,204.791878399401,232.882491218747,150.713981245831,623.845410235592,392.122124476447,169.865548403362,109.533642997865,471.718269730698,183.264498275451,130.62680042517,166.804637978948,127.074467404742,132.304466718187
PRMT5-AS1,9.91805103713184,13.6924802418204,10.0164512352149,28.3696905874506,9.91805103713184,30.4333589145899,8.63723127474724,38.5396151288786,60.6494918225183,17.6215863726395,115.358732843007,73.18979013362,74.0346897053716,26.134215648037
IGF1,87.2788491267602,84.5361823625435,116.441245609374,123.230843489239,87.2788491267602,132.268059898025,194.337703681813,149.087458524872,151.623729556296,186.788815549979,134.019704332317,159.996285408379,239.231497331537,267.875710392379
C6orf222,3.96722041485273,5.35792705114712,6.26028202200933,6.20586981600482,3.96722041485273,1.1705138044073,4.31861563737362,5.07100199064192,19.0933585367187,70.486345490558,44.9559767697013,26.382366210956,36.4648471683174,26.134215648037
TNNI2,658.558588865554,433.396765915012,1039.20681565355,492.036821126096,658.558588865554,210.692484793315,355.566020810428,280.933510281562,318.971401436948,401.77216929618,337.593938761153,151.485844695167,122.101988245426,316.877364732448
LINC00707,38.6803990448142,30.9569118510723,28.7972973012429,26.5965849257349,38.6803990448142,53.843635002736,28.7907709158241,44.6248175176489,12.3545261119945,11.7477242484263,16.1162935589495,27.2334102822772,18.2324235841587,29.4009926040416
KCNN2,13.8852714519846,31.5522370789775,46.326086962869,20.3907151097301,13.8852714519846,55.0141488071433,53.2629261942746,26.369210351338,20.2164972741728,34.0684003204363,23.7503273500309,72.3387460622988,74.58718738974,42.4681004280601
CD22,24.7951275928296,63.104474157955,18.780846066028,39.8948773886024,24.7951275928296,53.843635002736,24.4721552784505,136.917053747332,24.7090522239889,24.6702209216953,25.4467793036045,228.930855185393,279.011330606065,111.070416504157
GUCY2C,108.106756304737,81.5595562230174,131.465922462196,107.272892533798,108.106756304737,67.8898006556237,99.3281596595933,82.1502322483991,74.1271566719668,135.098828856903,84.8225976786817,30.6375865675619,43.6473170651071,93.1031432461317
PLGLA,66.4509419487833,11.9065045581047,140.230317293009,32.8024547417398,66.4509419487833,55.0141488071433,115.163083663297,28.3976111475948,58.4032143476102,179.740181000923,25.4467793036045,5.10626442792698,8.28746526552667,81.6694239001155
ZNF705A,0.991805103713184,0.595325227905236,20.0329024704299,9.75208113943614,0.991805103713184,114.710352831916,24.4721552784505,3.04260119438515,11.2313873745404,19.9711312223248,3.39290390714727,28.0844543535984,17.6799258997902,14.7004963020208
VLDLR,136.869104312419,18.4550820650623,38.8137485364578,87.7687302549253,136.869104312419,72.5718558732529,18.7140010952857,67.9514266746017,93.2205152086855,24.6702209216953,72.9474340036663,22.1271458543502,7.73496758115823,14.7004963020208
HHEX,528.632120279127,341.1213555897,837.625734544848,447.709179583205,528.632120279127,319.550268603194,296.544940432989,402.637558056968,245.967383502435,197.361767373562,359.647814157611,277.440367250699,143.649397935796,178.039344102252
CCL16,8.92624593341865,14.2878054697257,36.3096357276541,22.1638207714458,8.92624593341865,31.6038727189972,60.4606189232307,26.369210351338,30.3247459112591,27.0197657713805,19.5091974660968,20.4250577117079,28.1773819027907,73.502481510104
C1orf162,1844.75749290652,778.090072872144,2000.78613423418,1721.68559752591,1844.75749290652,992.595706137394,951.534978767987,893.510550751106,1049.01158078208,895.176587730086,867.735174252914,738.706253906769,400.008323482754,730.124649667033
FAM207A,187.451164601792,177.40691791576,242.898942453962,280.150694551075,187.451164601792,80.765452504104,77.7350814727252,64.9088254802166,74.1271566719668,101.030428536466,89.9119535394026,91.0617156313644,55.2497684368445,80.0360354221132
TKTL1,643.681512309856,214.91240727379,543.39247951041,197.701281281296,643.681512309856,120.562921853952,89.2513898390548,38.5396151288786,247.090522239889,213.808581321359,61.0722703286509,52.7647324219121,45.8573078025809,86.5695893341225
SUCNR1,265.803767795133,201.815252259875,136.474148079803,41.6679830503181,265.803767795133,749.128834820675,480.805874294263,95.3348374240681,96.5899314210476,29.3693106210658,8.48225976786818,270.63201468013,53.0397776993707,129.037689762183
SNORD14B,2.97541531113955,5.95325227905236,7.5123384264112,8.86552830857831,2.97541531113955,3.51154141322191,8.63723127474724,7.09940278689869,2.24627747490808,1.17477242484263,13.5716156285891,17.0208814264233,24.3098981122116,21.23405021403
PDE1C,6.94263572599229,2.38130091162094,51.3343125804765,11.5251868011518,6.94263572599229,44.4795245674776,158.349240037033,22.3124087588244,1.12313873745404,58.7386212421316,10.1787117214418,13.6167051411386,4.972479159316,73.502481510104
FBXL3,3385.0308189731,2028.27305147314,3644.73619321383,1605.54717668353,3385.0308189731,1882.18619748695,1551.82255236292,1405.68175180594,1750.97329169085,1936.02495614066,1408.05512146612,1361.67051411386,971.290929119726,1069.86945309151
BAG2,42.6476194596669,31.5522370789775,17.5287896616261,9.75208113943614,42.6476194596669,17.5577070661096,5.75815418316483,5.07100199064192,29.2016071738051,15.2720415229542,7.63403379108136,8.51044071321163,29.2823772715276,1.63338847800231
CASP8,11640.8165022816,7683.86271657288,17096.8302021075,8283.94965153557,11640.8165022816,7775.72320267773,8979.84144864555,6830.63968139467,7195.94989086805,8169.36744235567,7112.37481535746,5844.97068183375,3687.92204315937,7069.305332794
AHSA2,608.968333679895,582.823398119226,590.970622877681,530.158592852983,608.968333679895,641.441564815203,561.42003285857,480.730988712854,532.367761553216,614.405978192697,497.060422397075,627.219480563697,523.767804781286,555.352082520786
PHF12,8577.13053691161,9335.29489878201,20502.4236220806,13600.60697819,8577.13053691161,3326.60023212556,5257.19476922949,10210.9696083566,5257.41243002237,11475.1770458628,11546.0519960222,4340.32476373793,3790.6866124519,5445.7171856597
FLJ23867,143.811740038412,132.757525822868,443.22796715826,625.906298585629,143.811740038412,427.237538608666,1622.35994110669,1090.26542798801,221.258331278446,822.340697389843,793.091288295674,582.965188854997,503.325390459653,1764.0595562425
CARD17,17.8524918668373,23.8130091162094,108.928907182962,17.7310566171566,17.8524918668373,37.4564417410338,159.788778582824,25.3550099532096,61.7726305599723,348.907410178262,42.4112988393409,28.9354984249195,23.7574004278431,189.473063448268
LINC01179,133.89368900128,154.784559255361,209.093419535112,176.424013340708,133.89368900128,200.157860553649,243.282014238714,284.990311874076,245.967383502435,270.197657713805,242.59262936103,300.41855717637,338.681080517857,421.414227324596
EXOC2,274.730013728552,285.160784166608,118.945358418177,115.251868011518,274.730013728552,228.250191859424,106.525852388549,130.831851358562,244.844244764981,110.428607935207,113.662280889434,255.313221396349,271.276363024906,101.270085636143
LOC101927623,31.7377633188219,33.9335379905985,41.3178613452616,51.4200641897542,31.7377633188219,53.843635002736,48.944310556901,53.7526211008043,38.1867170734374,39.9422624446495,50.0453326304222,102.12528855854,67.9572151773187,70.2357045540994
CLN5,734.927581851469,401.249203608129,813.836662861213,396.28911539345,734.927581851469,415.532400564593,411.708024096285,278.905109485306,461.610021093611,421.743300518505,293.486187968239,193.187004189904,169.064291416744,274.409264304388
MYH7B,22.8115173854032,61.9138237021446,141.482373697411,142.735005768111,22.8115173854032,55.0141488071433,174.184164040736,228.195089578886,32.5710233861672,129.22496673269,175.582777194871,196.591180475189,209.396622375641,197.64000583828
CD14,9992.43641991032,12942.3704546598,13576.0475929294,12202.5131639272,9992.43641991032,16809.7487450933,16278.301875807,16930.0472459571,12091.7116474302,13978.6170832025,17163.0044143045,32023.0863156727,23907.6797979913,23252.9183728409
MIRLET7I,0.0,0.0,0.0,0.0,0.0,0.0,1.43953854579121,0.0,3.36941621236213,8.22340697389843,5.0893558607209,13.6167051411386,14.917437477948,13.0671078240185
ZNF708,2194.86469451728,1512.1260788793,3092.57931887261,1990.31110527583,2194.86469451728,1075.70218625031,1877.15826371173,1093.3080291824,1706.04774219269,3436.2093426647,1397.87640974468,306.375865675619,708.854529044715,1687.29029777639
COL27A1,1.98361020742637,5.35792705114712,13.7726204484205,3.54621132343132,1.98361020742637,7.02308282644383,20.1535396410769,5.07100199064192,6.73883242472425,14.0972690981116,6.78580781429454,13.6167051411386,19.3374189528956,26.134215648037
PKI55,171.582282942381,114.302443757805,110.180963587364,54.0797226823277,171.582282942381,101.834700983436,54.7024647400658,37.5254147307502,92.0973764712314,68.1368006408727,52.5900105607827,51.9136883505909,72.9296943366347,45.7348773840647
HCG18,952.132899564656,1212.08216401506,1383.52232686406,3080.77108723096,952.132899564656,804.142983627818,1122.84006571714,765.72130058693,3060.55305956226,5837.44417904304,4045.18968329633,824.661705110207,1773.51756682271,1933.93195795474
PIM3,1661.27354871958,2353.9159511373,3340.48648694418,5108.31741140282,1661.27354871958,2424.13408892753,5991.359427583,6564.91917708503,8438.14133449221,20872.1816721791,11500.2477932757,10200.6142388555,5091.81865913959,20515.359283709
TOMM40L,231.090589165172,286.946759850324,589.718566473279,593.990396674747,231.090589165172,118.221894245138,261.996015334,260.649502318995,605.371779487729,1309.87125369954,669.250295684799,308.928997889582,156.909342360638,445.915054494631
KIAA0125,118.024807341869,57.7465471068079,8.76439483081306,13.2982924628675,118.024807341869,132.268059898025,2.87907709158241,11.1562043794122,137.022925969393,4.69908969937053,23.7503273500309,7.65939664189047,63.5372337023711,3.26677695600462
SNORD3A,0.991805103713184,4.16727659533665,0.0,2.65965849257349,0.991805103713184,12.8756518484804,0.0,4.05680159251354,11.2313873745404,1.17477242484263,6.78580781429454,11.9146169984963,9.94495831863201,4.90016543400693
PGPEP1,1094.95283449935,898.345768909001,1004.1492363303,1211.0311669518,1094.95283449935,1440.90249322539,862.283588928933,1323.53151955754,1005.20917002137,829.389331938899,1074.7023125889,1242.5243441289,927.643612054619,1058.4357337455
UBE2C,168.606867631241,183.360170194813,272.948296159607,231.390288853894,168.606867631241,72.5718558732529,53.2629261942746,191.683875246265,104.451902583226,160.943822203441,200.181330521689,100.423200415897,93.3721086582672,68.602316076097
FAM179A,22.8115173854032,72.0343525765336,11.2685076396168,24.8234792640193,22.8115173854032,85.4475077217333,122.360776392253,92.2922362296829,11.2313873745404,15.2720415229542,22.0538753964573,65.5303934917295,95.0296017113725,44.1014889060624
NDUFV2,336.221930158769,292.304686901471,246.655111667168,269.512060580781,336.221930158769,478.740146002588,554.222340129615,358.01274053932,1009.70172497118,1005.60519566529,361.344266111184,554.029690430077,577.360080165025,932.664820939319
MIR3198-1,2.97541531113955,6.5485775069576,15.0246768528224,3.54621132343132,2.97541531113955,9.36411043525844,12.9558469121209,3.04260119438515,8.98510989963233,46.9908969937053,12.7233896518023,49.3605561366274,41.9898240120018,62.0687621640878
CDK2,223.156148335466,394.105300873266,274.200352564009,127.663607643528,223.156148335466,1682.0283369333,2411.22706420027,968.561380212607,344.803592398391,506.326915107175,147.591319960906,2222.07607021956,1674.06798363639,1625.2215356123
TFB1M,54.5492807042251,42.2680911812718,41.3178613452616,9.75208113943614,54.5492807042251,12.8756518484804,12.9558469121209,9.12780358315546,52.78752066034,43.4665797191774,5.93758183750772,12.7656610698174,27.6248842184222,21.23405021403
RNF19B,11116.1516024174,10792.0557314661,16836.4024699919,12666.1802944658,11116.1516024174,18300.9833319082,31559.0035393806,18025.3836759358,25403.1519637355,43357.325883667,23555.2353753699,43187.0824432637,40433.4380351359,99692.232366393
PUS10,250.926691239435,210.745130678454,284.216803799224,167.55848503213,250.926691239435,126.415490875989,177.063241132318,130.831851358562,659.282438885523,738.931855226016,173.886325241298,170.208814264233,270.171367656169,189.473063448268
LINC01262,13.8852714519846,7.73922796276807,16.2767332572243,26.5965849257349,13.8852714519846,294.969478710641,512.47572230167,248.479097541454,50.5412431854319,31.7188554707511,63.6169482590113,364.246862525458,239.231497331537,501.450262746709
ZNF451,936.264017905245,702.483768928179,697.395417251839,670.23394012852,936.264017905245,959.82131961399,716.890195804021,731.238487050565,940.067123249033,763.602076147711,699.786430849124,638.283053490872,796.149163174929,885.296555077252
SEC24B-AS1,113.065781823303,141.092079013541,159.011163359037,202.134045435586,113.065781823303,218.886081424166,264.875092425582,345.842335761779,242.597967290073,319.538099557196,322.325871178991,462.116930727391,369.62095084249,677.856218370959
PPIF,21177.0225744839,16955.457815969,16023.8178635351,17166.3224639002,21177.0225744839,92908.3627110254,116297.44003738,36433.1209019659,48237.6856349136,29101.4625082017,31265.6095043621,141024.810970487,66104.6904416313,177911.939800968
CISH,121.992027756722,155.975209711172,55.0904817936821,140.075347275537,121.992027756722,5461.61741136448,24607.4719017549,4468.56695415366,51.6643819228859,50.5152142682332,182.368585009166,5783.69550869862,4547.0559423523,21715.8998150407
CST3,857.911414711904,2194.3687900587,2251.19741511456,1797.04258814882,857.911414711904,692.944172209125,2094.52858412621,1884.38433972254,760.364925256386,1992.4140325331,1932.25877512037,1361.67051411386,1417.15656040506,2069.50320162893
LOC100131635,4.95902551856592,11.3111793301995,13.7726204484205,9.75208113943614,4.95902551856592,45.6500383718849,21.5930781868681,10.1420039812838,5.61569368727021,16.4468139477969,3.39290390714727,39.1480272807735,38.6748379057911,96.3699202021363
XRCC4,243.984055513443,162.523787218129,261.67978851999,178.197119002424,243.984055513443,249.319440338756,296.544940432989,187.627073653751,253.829354664613,226.731077994628,178.975681102018,180.421343120087,145.859388673269,274.409264304388
MYB,418.541753766963,61.9138237021446,10.0164512352149,15.957950955441,418.541753766963,91.3000767437698,0.0,6.0852023887703,195.426140317003,8.22340697389843,13.5716156285891,28.9354984249195,34.2548564308436,11.4337193460162
LRP4-AS1,8.92624593341865,5.95325227905236,15.0246768528224,16.8445037862988,8.92624593341865,3.51154141322191,21.5930781868681,22.3124087588244,5.61569368727021,24.6702209216953,19.5091974660968,17.8719254977444,17.1274282154218,47.368265862067
LOC101928565,23.8033224891164,30.9569118510723,56.342538198084,64.7183566526217,23.8033224891164,42.138496958663,102.207236751176,55.7810218970611,24.7090522239889,58.7386212421316,54.2864625143563,70.6366579196565,65.1947267554765,120.870747372171
EGR4,0.0,0.0,0.0,1.77310566171566,0.0,0.0,0.0,2.02840079625677,0.0,3.5243172745279,9.33048574465499,8.51044071321163,12.1549490561058,3.26677695600462
CD300LG,164.639647216388,180.978869283192,272.948296159607,197.701281281296,164.639647216388,314.868213385565,473.608181565307,248.479097541454,186.441030417371,277.246292262861,160.314709612708,325.098835244684,328.183624514856,730.124649667033
TADA1,67.4427470524965,46.4353677766084,25.0411280880373,15.957950955441,67.4427470524965,28.0923313057753,23.0326167326593,23.3266091569528,33.6941621236213,30.5440830459084,13.5716156285891,15.3187932837809,33.7023587464751,16.3338847800231
LPP-AS2,44.6312296670933,50.0073191440398,121.449471226981,86.8821774240675,44.6312296670933,184.941181096354,534.068800488538,162.272063700541,69.6346017221506,136.273601281745,91.6084054929763,342.119716671107,142.544402567059,535.751420784758
DNAAF1,1.98361020742637,2.38130091162094,1.25205640440187,1.77310566171566,1.98361020742637,3.51154141322191,1.43953854579121,0.0,83.1122665715991,49.3404418433906,20.3574234428836,13.6167051411386,21.5474096903693,0.0
LINC01501,90.2542644378997,48.2213434603241,98.9124559477474,57.625934005759,90.2542644378997,77.2539110908821,129.558469121209,91.2780358315546,98.8362088959557,150.370870379857,102.635343191205,99.5721563445761,175.694263629165,315.243976254446
PTGIR,3.96722041485273,11.3111793301995,1.25205640440187,46.987300035465,3.96722041485273,9.36411043525844,2.87907709158241,27.3834107494664,5.61569368727021,12.922496673269,50.893558607209,22.1271458543502,29.834874955896,14.7004963020208
LOC101927905,266.795572898846,219.079683869127,478.285546481513,316.499360616246,266.795572898846,76.0833972864748,201.535396410769,98.3774386184532,133.653509757031,347.732637753419,131.475026401957,48.5095120653063,25.9673911653169,143.738186064203
TWISTNB,325.312074017924,144.068705153067,400.658049408597,334.230417233402,325.312074017924,225.90916425061,634.836498693922,171.399867283697,1069.22807805625,1128.95630027377,485.18525872206,212.761017830291,228.181543644168,1140.10515764561
MASP2,87.2788491267602,72.6296778044388,127.70975324899,40.7814302194602,87.2788491267602,74.9128834820675,136.756161850165,40.5680159251354,34.8173008610753,82.2340697389843,32.2325871178991,22.1271458543502,37.0173448526858,29.4009926040416
RPL3,2747.30013728552,5173.97155572441,1394.79083450368,1163.15731408547,2747.30013728552,2633.65605991644,1294.14515266629,1114.60623754309,2965.08626687867,1366.26033009198,1168.00717003545,2305.47838920903,5804.54067197488,1260.97590501778
FAM96B,120.008417549295,180.383544055287,138.978260888607,182.629883156713,120.008417549295,121.73343565836,119.48169930067,185.598672857494,106.698180058134,96.3313388370959,145.046642030546,154.890020980452,162.986816888691,88.2029778121248
IL2RA,67.4427470524965,119.065045581047,67.6110458377008,178.197119002424,67.4427470524965,85.4475077217333,46.0652334653186,123.732448571663,135.899787231939,97.5061112619385,327.415227039712,337.01345224318,576.255084796288,176.40595562425
CROCCP2,131.910078793853,89.8941094136907,31.3014101100466,45.2141943737494,131.910078793853,95.982131961399,23.0326167326593,34.4828135363651,106.698180058134,22.32067607201,22.0538753964573,41.701159494737,61.8797406492658,11.4337193460162
ANKS6,10.909856140845,32.742887534788,7.5123384264112,2.65965849257349,10.909856140845,26.921817501368,2.87907709158241,4.05680159251354,17.9702197992647,10.5729518235837,2.54467793036045,12.7656610698174,32.5973633777382,6.53355391200924
KATNBL1P6,826.173651393082,356.599811515236,627.280258605335,518.633406051831,826.173651393082,2991.83328406507,2189.53812814843,897.56735234362,688.484046059328,385.325355348383,373.2194297862,812.74708811171,544.210219102918,1321.41127870387
NR1D1,59.508306222791,113.111793301995,133.970035271,15.957950955441,59.508306222791,52.6731211983287,51.8233876484834,14.1988055737974,953.544788098481,1077.26631358069,316.388289341483,674.877948557682,318.791163880593,347.911745814492
ERCC8,48.598450081946,20.8363829766833,77.6274970729157,27.4831377565928,48.598450081946,29.2628451101826,64.7792345606043,9.12780358315546,28.078468436351,61.0881660918169,19.5091974660968,11.0635729271751,18.2324235841587,29.4009926040416
INPP5E,26.778737800256,41.0774407254613,15.0246768528224,23.0503736023036,26.778737800256,28.0923313057753,33.1093865531978,33.4686131382367,29.2016071738051,25.8449933465379,23.7503273500309,59.5730849924814,107.184550767478,35.9345465160508
NBN,4237.98320816643,2922.4515437868,6429.30963660358,2453.97823581448,4237.98320816643,3598.15943474805,8630.03358201828,2756.59668211295,24943.7882201168,44119.7531873899,5317.52864847656,15622.6160172426,12273.1835605606,46594.0397234939
CMAS,82.3198236081942,35.7195136743142,11.2685076396168,19.5041622788723,82.3198236081942,44.4795245674776,10.0767698205384,19.2698075644393,73.0040179345127,16.4468139477969,21.2056494196704,22.9781899256714,33.1498610621067,4.90016543400693
HEY1,62.4837215339306,126.804273543815,83.887779094925,852.863823285234,62.4837215339306,59.6962040247725,113.723545117505,1014.20039812838,10.1082486370864,22.32067607201,397.817983113017,56.1689087071967,41.4373263276334,52.2684312960739
MND1,26.778737800256,25.5989847999252,31.3014101100466,34.5755604034554,26.778737800256,45.6500383718849,50.3838491026922,51.7242203045476,35.9404395985293,48.1656694185479,54.2864625143563,67.2324816343719,104.974560030005,122.504135850173
LOC101927686,0.0,0.0,0.0,0.0,0.0,0.0,12.9558469121209,0.0,22.4627747490808,49.3404418433906,12.7233896518023,29.7865424962407,32.5973633777382,71.8690930321017
SAMD10,8.92624593341865,22.622358660399,11.2685076396168,0.886552830857831,8.92624593341865,2.34102760881461,7.19769272895603,4.05680159251354,2.24627747490808,3.5243172745279,8.48225976786818,20.4250577117079,28.7298795871591,13.0671078240185
RNF39,52.5656704967987,75.606303943965,148.994712123822,243.802028485904,52.5656704967987,131.097546093618,187.140010952857,181.541871264981,146.008035869025,229.080622844313,400.362661043378,230.632943328035,224.866557537957,334.844637990474
BIRC3,3671.66249394621,2537.87144656002,1648.95828459726,1153.40523294604,3671.66249394621,5005.11702764564,1111.32375735081,1154.1600530701,33699.7778173085,22727.1473310056,6257.36303075635,18891.4762951872,12015.7196396449,9194.34374267501
LINC00886,11.9016612445582,26.1943100278304,38.8137485364578,31.9159019108819,11.9016612445582,12.8756518484804,40.3070792821538,41.5822163232637,17.9702197992647,59.9133936669743,39.8666209089804,39.1480272807735,46.4098054869494,71.8690930321017
NRARP,661.534004176693,66.6764255253864,10.0164512352149,163.125720877841,661.534004176693,62.0372316335872,4.31861563737362,25.3550099532096,283.030961838419,5.87386212421316,96.6977613536972,79.1470986328682,12.7074467404742,3.26677695600462
NAPA-AS1,9.91805103713184,33.3382127626932,18.780846066028,40.7814302194602,9.91805103713184,111.198811418694,73.4164658353515,55.7810218970611,32.5710233861672,31.7188554707511,44.9559767697013,108.082597057788,108.289546136215,115.970581938164
ARHGAP31-AS1,0.0,0.595325227905236,0.0,0.0,0.0,2.34102760881461,1.43953854579121,2.02840079625677,8.98510989963233,7.0486345490558,5.0893558607209,20.4250577117079,29.2823772715276,57.1685967300809
LOC102723824,20.8279071779769,14.2878054697257,20.0329024704299,16.8445037862988,20.8279071779769,31.6038727189972,40.3070792821538,22.3124087588244,26.955329698897,27.0197657713805,17.8127455125232,29.7865424962407,31.4923680090014,75.1358699881063
LINC01431,0.991805103713184,1.78597568371571,5.00822561760746,3.54621132343132,0.991805103713184,5.85256902203652,23.0326167326593,19.2698075644393,3.36941621236213,0.0,10.1787117214418,3.40417628528465,12.1549490561058,24.5008271700347
FAM110A,461.18937322663,435.182741598728,712.420094104662,390.083245577446,461.18937322663,142.802684137691,238.96339860134,198.783278033163,873.801937739245,2289.63145601829,483.488806768486,438.287696730399,220.999073747378,708.890599453003
SOX9-AS1,30.7459582151087,26.7896352557356,80.1316098817194,37.2352188960289,30.7459582151087,117.05138044073,130.998007667,43.6106171195205,71.8808791970587,56.3890763924464,25.4467793036045,66.3814375630507,69.0622105460556,114.337193460162
LRRC8E,31.7377633188219,47.0306930045137,65.106933028897,57.625934005759,31.7377633188219,38.6269555454411,66.2187731063955,55.7810218970611,74.1271566719668,103.379973386152,116.206958819794,74.0408342049412,97.2395924488463,80.0360354221132
PLAUR,39278.4575223532,38481.2274065666,47079.824918319,89585.277005353,39278.4575223532,20801.2008181222,36352.6668968653,45750.5799595714,68469.9068514107,93900.7346900965,126478.127172706,78582.0053695109,70925.232737746,137619.512825607
GRIN3A,39.6722041485273,44.6493920928927,48.8301997716728,29.2562434183084,39.6722041485273,9.36411043525844,27.3512323700329,27.3834107494664,12.3545261119945,32.8936278955937,23.7503273500309,18.7229695690656,13.8124421092111,26.134215648037
PRR19,0.0,0.595325227905236,0.0,4.43276415428916,0.0,3.51154141322191,7.19769272895603,18.2556071663109,0.0,0.0,9.33048574465499,19.5740136403867,35.9123494839489,4.90016543400693
DNAH14,61.4919164302174,36.3148389022194,151.498824932626,43.4410887120337,61.4919164302174,64.3782592424018,50.3838491026922,21.2982083606961,33.6941621236213,11.7477242484263,19.5091974660968,21.2761017830291,25.4148934809485,9.80033086801386
LOC100996447,61.4919164302174,70.8437021207231,76.3754406685138,87.7687302549253,61.4919164302174,62.0372316335872,79.1746200185164,94.3206370259397,223.504608753354,128.050194307847,120.448088703728,151.485844695167,260.778907021906,277.676041260393
CLK1,15872.8488798258,8685.7950751374,18992.4435983719,10497.6720701876,15872.8488798258,7520.55119331693,11579.6480623445,5102.4422029839,12414.0524650795,20587.8867453671,8673.958838622,3743.7428697418,4174.1200054036,7943.16816852524
TSPAN16,503.836992686297,706.05572029561,1518.74441853946,793.464783617759,503.836992686297,293.798964906233,600.287573594933,490.872992694138,261.691325826792,555.667356950565,501.301552281009,221.271458543502,262.98889775938,465.515716230658
THBD,7918.57194804606,8975.12313589934,12966.2961239857,14412.6893712558,7918.57194804606,12250.5974769269,28990.8667736891,19963.5206367591,936.697707036671,1896.08269369601,7757.87478369223,6530.06115924728,5666.96874856714,12150.7768878592
GNAT2,349.115396507041,383.389446770972,872.6833138681,545.229990977566,349.115396507041,221.227109032981,554.222340129615,166.328865293055,157.239423243566,454.636928414099,243.440855337817,106.380508915145,65.1947267554765,228.674386920323
TRIM69,41.6558143559537,44.6493920928927,78.8795534773176,32.8024547417398,41.6558143559537,136.950115115655,61.9001574690219,26.369210351338,85.3585440465072,54.0395315427611,30.5361351643254,130.209742912138,238.678999647168,71.8690930321017
GZF1,824.190041185656,716.176249169999,1577.59106954635,2424.72199239617,824.190041185656,5208.78642961251,12666.4996644168,6424.95952214331,381.867170734374,745.980489775072,1568.36983107883,1722.51320035403,1506.66118527275,5542.08710586184
MT1G,2.97541531113955,2.97662613952618,2.50411280880373,3.54621132343132,2.97541531113955,1.1705138044073,4.31861563737362,3.04260119438515,4.49255494981617,11.7477242484263,12.7233896518023,11.9146169984963,20.9949120060009,22.8674386920323
GOLGA6L22,28.7623480076823,30.361586623167,43.8219741540653,8.86552830857831,28.7623480076823,5.85256902203652,10.0767698205384,2.02840079625677,1.12313873745404,14.0972690981116,3.39290390714727,4.25522035660581,5.52497684368445,4.90016543400693
CD69,629.796240857872,236.939440706284,45.0740305584672,266.852402088207,629.796240857872,15787.8901938457,19049.413576455,10143.018181682,1120.89245997913,119.826787333949,578.49011616861,7174.3015212374,3520.51524479573,9911.40128451802
CCAT1,31.7377633188219,21.4317082045885,46.326086962869,40.7814302194602,31.7377633188219,65.5487730468091,69.0978501979779,29.4118115457231,55.033798135248,61.0881660918169,36.4737170018332,54.4668205645544,59.669749911792,109.437028026155
LOC101929319,53.5574756005119,85.1315075904488,122.701527631383,286.356564367079,53.5574756005119,101.834700983436,214.49124332289,424.949966815793,1182.66509053911,1682.27411237465,2838.16411832869,1372.73408704104,1500.03121306033,2330.8453581093
DDX12P,50.5820602893724,84.5361823625435,12.5205640440187,8.86552830857831,50.5820602893724,28.0923313057753,10.0767698205384,8.11360318502707,38.1867170734374,12.922496673269,13.5716156285891,8.51044071321163,93.3721086582672,17.9672732580254
FOLR3,480.033670197181,541.745957393765,493.310223334335,384.763928592299,480.033670197181,81.9359663085113,122.360776392253,269.77730590215,93.2205152086855,113.952925209735,290.941510037878,329.35405560129,91.1621179207934,89.8363662901271
UCA1,56.5328909116515,60.7231732463341,162.767332572243,101.067022717793,56.5328909116515,198.987346749242,392.994023000999,90.2638354334262,24.7090522239889,77.5349800396137,27.991457233965,49.3605561366274,48.6197962244231,138.838020630196
LINC00656,16.8606867631241,22.622358660399,58.8466510068877,26.5965849257349,16.8606867631241,59.6962040247725,297.98447897878,53.7526211008043,28.078468436351,36.4179451701216,30.5361351643254,47.6584679939851,35.3598517995805,230.307775398326
LINC00939,19.8361020742637,27.9802857115461,22.5370152792336,28.3696905874506,19.8361020742637,42.138496958663,56.1420032858571,49.6958195082908,35.9404395985293,34.0684003204363,38.1701689554068,38.2969832094523,46.9623031713178,66.9689275980947
LGALS9,1621.60134457106,1675.84051655324,3585.88954220694,3972.64323507394,1621.60134457106,1282.88312963041,3244.71988221338,3708.9308559555,1473.5580235397,2882.89153056382,3934.92030631405,3227.15911844985,1169.08510012363,3041.3693460403
HCAR3,16723.8176588117,21881.178751657,20531.2209193818,25857.1998647995,16723.8176588117,210801.342577125,246787.290597716,233533.840474634,49294.5591868579,26968.0757846875,72356.2204978459,631785.332006335,318140.321608407,451303.60308356
MRPS24,0.0,0.595325227905236,2.50411280880373,0.0,0.0,0.0,0.0,5.07100199064192,24.7090522239889,19.9711312223248,29.6879091875386,41.701159494737,67.4047174929503,86.5695893341225
LPAL2,197.369215638924,166.095738585561,267.940070541999,233.16339451561,197.369215638924,239.955329903497,277.830939337703,186.612873255623,381.867170734374,344.208320478891,291.789736014665,339.566584457144,465.20305023823,607.62051381686
LRCH4,4884.64013578743,8353.60359796627,6848.74853207821,13503.0861667956,4884.64013578743,4233.74843054122,6129.55512797896,12501.0341073305,4283.65114464972,5500.28449311321,13124.6005388224,7600.6746009693,5433.81472576365,5595.98892563592
HLX,1021.55925682458,1494.86164727005,686.126909612223,2305.92391306122,1021.55925682458,5357.44168277223,15139.6268860861,8193.72501647921,436.900968869622,274.896747413176,1406.35866951254,3210.98928109475,2221.59318884552,5710.32611909608
TIAF1,1.98361020742637,9.52520364648378,2.50411280880373,4.43276415428916,1.98361020742637,7.02308282644383,4.31861563737362,13.184605175669,2.24627747490808,7.0486345490558,12.7233896518023,13.6167051411386,19.889916637264,13.0671078240185
ZNF230,852.952389193338,704.269744611894,905.236780382549,634.771826894207,852.952389193338,2734.32024709546,1797.98364369322,2364.10112803726,297.631765425321,281.945381962232,403.755564950525,1742.93825806574,1080.68547062468,1208.70747372171
FBXL15,29.7541531113955,44.6493920928927,28.7972973012429,46.1007472046072,29.7541531113955,31.6038727189972,14.3953854579121,48.6816191101624,70.7577404596046,71.6611179154006,72.0992080268795,78.296054561547,60.7747452805289,45.7348773840647
NUAK2,2883.17743649422,3856.51682637012,5927.23501843843,5366.30428518245,2883.17743649422,1126.03427983983,1059.50036970233,3367.14532178623,1343.27392999503,2362.46734635853,4038.40387548204,2302.07421292375,1803.3524417786,1292.01028609983
MT1E,4.95902551856592,2.97662613952618,2.50411280880373,2.65965849257349,4.95902551856592,9.36411043525844,12.9558469121209,25.3550099532096,5.61569368727021,10.5729518235837,25.4467793036045,32.3396747102042,55.8022661212129,47.368265862067
IPO5P1,316.385828084506,394.700626101172,502.074618165148,652.502883511364,316.385828084506,498.638880677512,549.903724492241,687.627869931044,661.528716360431,711.912089454635,818.538067599279,753.174003119229,1283.4521207879,1244.64202023776
ZNF354B,29.7541531113955,64.8904498416707,23.7890716836355,4.43276415428916,29.7541531113955,28.0923313057753,28.7907709158241,12.1704047775406,28.078468436351,29.3693106210658,2.54467793036045,44.2542917087005,50.8297869618969,22.8674386920323
OR7E156P,8.92624593341865,19.0504072929676,26.2931844924392,12.4117396320096,8.92624593341865,12.8756518484804,28.7907709158241,16.2272063700541,12.3545261119945,30.5440830459084,11.8751636750154,13.6167051411386,26.5198888496853,19.6006617360277
FADD,419.533558870677,486.380711198578,1054.23149250637,430.864675796906,419.533558870677,143.973197942098,221.688936051846,303.245919040387,95.4667926835936,102.205200961309,262.101826827127,129.358698840817,149.17437477948,66.9689275980947
FKBP14,488.9599161306,528.053477151944,712.420094104662,639.204591048496,488.9599161306,780.732707539672,973.128056954856,798.175713327038,777.212006318197,897.526132579771,817.689841622492,950.616227665739,1096.70790347136,1411.247644994
DNAH7,17.8524918668373,16.0737811534414,81.3836662861213,46.1007472046072,17.8524918668373,16.3871932617023,86.3723127474724,30.4260119438515,17.9702197992647,81.0592973141416,33.9290390714727,26.382366210956,14.917437477948,81.6694239001155
FAM184B,112.07397671959,168.477039497182,216.605757961523,88.6552830857831,112.07397671959,159.189877399393,210.172627685516,51.7242203045476,107.821318795588,162.118594628283,44.9559767697013,69.7856138483354,80.1121642334245,73.502481510104
BACE1-AS,33.7213735262482,49.4119939161346,57.5945946024858,57.625934005759,33.7213735262482,52.6731211983287,73.4164658353515,82.1502322483991,49.4181044479778,78.7097524644564,78.0367898643872,88.5085834174009,98.3445878175832,117.603970416166
PRR23C,100.172315475032,97.0380121485535,157.759106954635,138.302241613822,100.172315475032,158.019363594986,174.184164040736,182.556071663109,168.470810618106,157.419504928913,164.555839496643,172.761946478196,230.94403206601,298.910091474423
MYH10,1083.0511732548,1247.20635246147,2430.24148094402,2586.07460761229,1083.0511732548,1231.38052223648,1851.24656988749,2458.4217650632,922.096903449768,1966.56903918657,2449.67662096033,1337.84128011687,1208.86493339816,2200.17427986911
ZNF284,12.8934663482714,24.4083343441147,17.5287896616261,3.54621132343132,12.8934663482714,38.6269555454411,80.6141585643076,32.4544127401083,11.2313873745404,4.69908969937053,6.78580781429454,15.3187932837809,33.1498610621067,39.2013234720554
FOSB,37316.6670272085,68419.537792693,29598.6134000601,283252.742906246,37316.6670272085,73228.5141175254,41451.5124260578,354468.110147861,60472.0359020005,37357.7631099957,462539.321593805,114662.869817243,105612.142357766,48482.2368040646
IDI2-AS1,29.7541531113955,40.482115497556,32.5534665144485,84.222518931494,29.7541531113955,289.116909688604,336.852019715142,880.325945575437,34.8173008610753,32.8936278955937,63.6169482590113,92.7638037740067,63.5372337023711,204.173559750289
ISL2,154.721596179257,182.169519739002,143.986486506215,332.457311571687,154.721596179257,80.765452504104,33.1093865531978,325.558327799211,95.4667926835936,58.7386212421316,302.816673712894,63.8283053490872,79.559666549056,29.4009926040416
PYCARD,1072.14131711395,1600.23421260927,1198.21797901259,2089.60502233191,1072.14131711395,883.737922327515,1194.8169930067,2264.70948902068,981.623256534833,902.225222279142,2222.35205918146,1428.90299574823,1018.80572997541,1050.26879135549
SC5D,577.230570361073,934.660607811221,462.008813224289,431.751228627764,577.230570361073,502.150422090734,508.157106664296,482.759389509111,608.741195700091,500.453052982961,386.791045414789,466.372151083997,922.671132895303,504.717039702714
LINC01138,353.082616921893,463.163027310274,465.764982437494,415.793277672323,353.082616921893,369.882362192708,453.45464192423,388.438752483171,317.848262699494,465.209880237682,367.281847948692,382.969832094523,458.020580341441,486.749766444689
LOC102724297,8.92624593341865,23.8130091162094,21.2849588748317,18.6176094480145,8.92624593341865,28.0923313057753,84.9327742016812,33.4686131382367,29.2016071738051,51.6899866930758,31.3843611411122,54.4668205645544,53.0397776993707,57.1685967300809
G0S2,23493.8792967579,20280.9445390477,16425.7279693481,78031.7205136137,23493.8792967579,76699.087547593,102282.092755557,134834.900329974,118705.656300255,111162.840700734,223146.200617215,178397.560318485,148874.921034552,366581.376118059
MRAP2,0.0,0.0,2.50411280880373,0.886552830857831,0.0,3.51154141322191,7.19769272895603,3.04260119438515,1.12313873745404,3.5243172745279,11.0269376982286,2.55313221396349,5.52497684368445,26.134215648037
MED11,486.976305923173,347.074607868753,986.62044666867,769.527857184597,486.976305923173,463.523466545293,725.527427078768,598.378234895747,224.627747490808,388.849672622911,452.95267160416,326.800923387327,172.379277522955,496.550097312702
MPZ,203.320046261203,174.430291776234,593.474735686484,430.864675796906,203.320046261203,243.466871316719,614.682959052845,590.264631710719,239.228551077711,575.63848817289,685.366589243749,779.556369330185,263.541395443748,828.127958347171
MIR221,0.0,2.97662613952618,2.50411280880373,3.54621132343132,0.0,101.834700983436,313.819402982483,27.3834107494664,7.86197116217829,5.87386212421316,15.2680675821627,39.9990713520947,32.5973633777382,339.744803424481
HCRTR1,0.0,1.19065045581047,2.50411280880373,4.43276415428916,0.0,5.85256902203652,5.75815418316483,14.1988055737974,2.24627747490808,3.5243172745279,16.1162935589495,10.212528855854,13.8124421092111,11.4337193460162
LINC01132,0.0,0.0,0.0,0.0,0.0,42.138496958663,50.3838491026922,13.184605175669,0.0,0.0,0.0,1.70208814264233,1.65749305310533,9.80033086801386
MCMDC2,139.844519623559,109.539841934563,197.824911895495,179.083671833282,139.844519623559,256.3425231652,290.786786249824,318.458925012313,183.071614205009,191.487905249349,203.574234428836,532.753588647048,407.190793379544,374.045961462529
SNORA48,9.91805103713184,16.0737811534414,6.26028202200933,22.1638207714458,9.91805103713184,37.4564417410338,37.4280021905714,41.5822163232637,12.3545261119945,8.22340697389843,22.0538753964573,47.6584679939851,50.2772892775285,65.3355391200924
GPR18,75.377187882202,121.446346492668,65.106933028897,68.264567976053,75.377187882202,100.664187179028,119.48169930067,48.6816191101624,44.9255494981617,54.0395315427611,45.8042027464881,58.7220409211602,118.234504454847,88.2029778121248
LOC101928674,40.6640092522405,76.7969543997755,91.4001175213362,163.125720877841,40.6640092522405,647.29413383724,1125.71914280872,770.792302577572,42.6792720232536,75.1854351899285,132.323252378744,597.432938067456,790.624186331244,1177.67309263967
TNFAIP2,40335.7217629115,59211.6424926827,49938.2696895684,43093.5600023375,40335.7217629115,26176.2002079606,34819.5583455977,37115.6777699063,153802.618706956,248423.250819347,115245.070562118,174659.774757242,126906.508108694,151478.814061456
GYG1,1305.21551648655,722.724826676957,2745.75969485329,1622.39168046983,1305.21551648655,2831.47289286127,11507.6711350549,4329.62149961007,807.536752229456,1536.60233169416,1424.17141502507,895.298363029863,721.561975785189,4047.53664848973
HIPK1-AS1,122.983832860435,183.955495422718,237.890716836355,202.134045435586,122.983832860435,210.692484793315,299.424017524571,275.86250829092,400.960529271093,395.898307171967,494.515744466715,627.219480563697,863.553880667879,839.561677693188
DUSP3,356.058032233033,617.947586565635,507.082843782756,976.094666774472,356.058032233033,408.509317738149,467.850027382142,862.070338409126,831.122665715991,1415.60077193537,1157.82845831401,357.438509954888,450.838110444651,401.813565588568
LRIF1,1131.64962333674,770.946170137281,910.245006000157,963.682927142462,1131.64962333674,3255.19889005671,3020.15186906995,1043.61220967411,861.44741162725,783.573207370036,824.475649436787,1803.36238712954,1560.80595834086,1568.05293888222
PRSS12,1.98361020742637,1.19065045581047,0.0,2.65965849257349,1.98361020742637,21.0692484793315,2.87907709158241,12.1704047775406,4.49255494981617,0.0,3.39290390714727,11.9146169984963,16.5749305310533,4.90016543400693
PTGER2,115.049392030729,64.8904498416707,55.0904817936821,49.6469585280385,115.049392030729,105.346242396657,61.9001574690219,55.7810218970611,306.616875324953,381.801038073856,151.83244984484,224.675634828787,182.876733525955,124.137524328176
LAMB3,627.812630650445,721.534176221146,2273.73443039379,1517.77844642861,627.812630650445,1659.78857464956,4654.02811854297,851.928334427843,2760.67501666203,6630.41556581182,1917.83893351499,4501.17209321763,2550.88180872911,8947.70208249666
SNORD5,45.6230347708064,19.6457325208728,36.3096357276541,5.31931698514699,45.6230347708064,22.2397622837388,23.0326167326593,6.0852023887703,31.4478846487132,23.4954484968526,5.93758183750772,15.3187932837809,11.6024513717373,16.3338847800231
SNORA21,2.97541531113955,4.16727659533665,5.00822561760746,14.1848452937253,2.97541531113955,9.36411043525844,2.87907709158241,7.09940278689869,2.24627747490808,4.69908969937053,16.9645195357364,16.1698373551021,12.1549490561058,13.0671078240185
C9orf66,236.049614683738,293.495337357281,340.559341997308,371.465636129431,236.049614683738,475.228604589366,942.89774749324,806.289316512065,251.583077189705,297.217423485186,345.227972552235,526.7962801478,577.912577849393,677.856218370959
ZDHHC19,19.8361020742637,22.622358660399,154.00293774143,123.230843489239,19.8361020742637,51.5026073939214,191.45862659023,196.754877236906,17.9702197992647,102.205200961309,94.1530834233367,85.9554512034374,35.9123494839489,186.206286492263
SGK494,386.803990448142,324.452249208354,475.781433672709,359.053896497422,386.803990448142,1075.70218625031,1191.93791591512,400.609157260712,381.867170734374,437.015342041459,337.593938761153,604.241290638026,654.157258292239,743.191757491051
LOC728485,17.8524918668373,9.52520364648378,7.5123384264112,10.638633970294,17.8524918668373,37.4564417410338,28.7907709158241,22.3124087588244,19.0933585367187,8.22340697389843,27.1432312571782,37.4459391381312,30.9398703246329,29.4009926040416
LOC101929295,47.6066449782328,54.7699209672817,53.8384253892802,60.2855924983325,47.6066449782328,66.7192868512164,79.1746200185164,51.7242203045476,76.3734341468748,124.525877033319,67.8580781429454,103.827376701182,135.914430354637,212.3405021403
GSG1,337.213735262482,323.261598752543,488.301997716728,458.347813553499,337.213735262482,788.926304170524,862.283588928933,771.8065029757,493.057905742324,646.124833663448,430.898796207703,582.114144783675,624.322383336343,1251.17557414977
GAS5-AS1,11.9016612445582,11.9065045581047,6.26028202200933,12.4117396320096,11.9016612445582,37.4564417410338,12.9558469121209,23.3266091569528,16.8470810618106,10.5729518235837,16.9645195357364,45.9563798513428,25.9673911653169,27.7676041260393
LINC00678,47.6066449782328,44.6493920928927,95.1562867345418,95.7477057326458,47.6066449782328,101.834700983436,141.074777487538,87.221234239041,1010.82486370864,360.655134426688,363.040718064758,255.313221396349,1061.34805167178,831.394735303176
CD55,31381.7052865888,27851.6954623186,67237.933029189,33137.571711804,31381.7052865888,64043.4922943413,137288.791112107,41799.2552084632,55746.9912335314,117090.74235649,40404.3961782633,82970.8396453141,48650.1835970634,183836.239810682
MRPL18,151.746180868117,97.0380121485535,57.5945946024858,65.6049094834795,151.746180868117,270.388688818087,83.49323565589,86.2070338409126,176.332781780285,108.079063085522,123.840992610875,342.970760742429,194.479184897693,132.304466718187
LINC00368,11.9016612445582,13.0971550139152,27.545240896841,27.4831377565928,11.9016612445582,26.921817501368,30.2303094616153,48.6816191101624,10.1082486370864,21.1459036471674,24.5985533268177,33.1907187815253,62.9847360180027,62.0687621640878
ADAMTSL2,165.631452320102,163.119112446035,225.370152792336,252.667556794482,165.631452320102,337.107975669304,299.424017524571,375.254147307502,317.848262699494,279.595837112547,341.835068645087,428.075167874545,499.457906669074,643.55506033291
PINLYP,0.991805103713184,1.78597568371571,1.25205640440187,1.77310566171566,0.991805103713184,0.0,0.0,0.0,13.4776648494485,4.69908969937053,0.0,37.4459391381312,46.4098054869494,13.0671078240185
ZNF266,1555.15040262227,871.556133653266,562.173325576438,606.402136306756,1555.15040262227,975.037999071285,338.291558260934,533.46940941553,1233.20633372454,473.433287211581,565.766726516807,497.009737651559,521.557814043812,289.109760606409
PILRB,119.016612445582,79.7735805393016,57.5945946024858,68.264567976053,119.016612445582,29.2628451101826,7.19769272895603,43.6106171195205,147.131174606479,75.1854351899285,72.0992080268795,34.8928069241677,44.1998147494756,27.7676041260393
ELL2,5065.14866466323,3515.39547078042,4273.26850822357,4273.18464473475,5065.14866466323,6216.5988152072,9142.50930431995,3805.2798937777,10364.3242692259,14140.7356778308,3884.02674770684,11372.5019250647,10088.0552188834,34559.2334175729
RPS6KA4,126.951053275287,300.639240092144,98.9124559477474,298.768303999089,126.951053275287,159.189877399393,145.393393124912,398.580756464455,146.008035869025,179.740181000923,334.201034854006,439.13874080172,527.082790887496,272.775875826386
LOC100996255,59.508306222791,58.9371975626184,31.3014101100466,41.6679830503181,59.508306222791,71.4013420688456,27.3512323700329,30.4260119438515,59.5263530850642,14.0972690981116,54.2864625143563,53.6157764932333,46.9623031713178,35.9345465160508
NEURL4,317.377633188219,351.241884464089,169.027614594252,269.512060580781,317.377633188219,284.434854470975,142.514316033329,243.408095550812,302.124320375137,184.439270700293,252.771341082472,350.630157384319,282.878814396644,184.572898014261
NHLH1,107.114951201024,170.263015180898,214.101645152719,413.133619179749,107.114951201024,376.905445019152,492.322182660593,496.958195082908,73.0040179345127,158.594277353755,217.994076034212,398.288625378304,250.281451018905,269.509098870381
PF4V1,37.688593941101,18.4550820650623,28.7972973012429,61.1721453291904,37.688593941101,70.2308282644383,142.514316033329,284.990311874076,19.0933585367187,12.922496673269,68.7063041197322,21.2761017830291,5.52497684368445,31.0343810820439
AKAP12,168.606867631241,99.4193130601744,127.70975324899,171.104696355561,168.606867631241,300.822047732677,240.402937147131,207.911081616319,215.642637591176,172.691546451867,212.056494196704,314.88630638883,413.268267907597,339.744803424481
SLC43A3,373.91052409987,350.646559236184,467.017038841896,207.453362420732,373.91052409987,564.187653724321,400.191715729955,205.882680820062,1135.49326356604,1704.59478844666,332.504582900432,524.243147933836,460.230571078915,718.690930321017
TICAM1,353.082616921893,686.409987774737,955.319036558624,568.28036457987,353.082616921893,327.743865234045,1187.61930027775,482.759389509111,1908.21271493442,4958.71440526075,1279.97299897131,2149.73732415726,1472.40632884191,3942.99978589758
POU5F1,387.795795551855,470.306930045137,707.411868487054,555.86862494786,387.795795551855,1020.68803744317,2559.49953441677,1263.69369606797,595.263530850642,681.368006408727,500.453326304222,1011.04035672954,1003.88829249746,2224.67510703915
PHLDA2,4.95902551856592,8.92987841857854,0.0,13.2982924628675,4.95902551856592,4.68205521762922,2.87907709158241,29.4118115457231,34.8173008610753,19.9711312223248,53.4382365375695,43.4032476373793,28.7298795871591,37.5679349940531
RNMT,1384.5599247836,733.440680779251,548.400705128017,390.969798408304,1384.5599247836,1145.93301451475,459.212796107395,254.564299930224,1171.43370316457,433.491024766931,307.906029573615,452.755445942859,501.667897406548,307.077033864434
ZNF350-AS1,28.7623480076823,25.0036595720199,35.0575793232522,30.1427962491663,28.7623480076823,38.6269555454411,20.1535396410769,21.2982083606961,14.6008035869025,22.32067607201,16.9645195357364,24.6802780683137,43.0948193807387,9.80033086801386
VPS18,2091.7169637311,2198.53606665404,3481.96886064159,1566.53885212579,2091.7169637311,928.217446894993,1543.18532108817,874.240743186667,2282.21791450661,2516.36253401292,1436.89480467687,1722.51320035403,569.625112583867,1630.12170104631
GOLGA6L7P,29.7541531113955,20.8363829766833,16.2767332572243,8.86552830857831,29.7541531113955,3.51154141322191,7.19769272895603,3.04260119438515,6.73883242472425,11.7477242484263,2.54467793036045,0.851044071321163,0.552497684368445,1.63338847800231
LSMEM1,5915.12563854543,3736.85645556117,7305.74911968489,6116.32798008818,5915.12563854543,585.256902203652,929.941900581119,651.116655598423,1794.77570245156,2849.99790266823,967.825839513759,342.119716671107,139.229416460848,589.653240558834
COX6A2,0.0,0.595325227905236,0.0,2.65965849257349,0.0,5.85256902203652,11.5163083663297,8.11360318502707,1.12313873745404,0.0,3.39290390714727,5.10626442792698,7.18246989678978,13.0671078240185
LOC102723769,54.5492807042251,52.983945283566,70.1151586465045,76.2435434537735,54.5492807042251,73.7423696776602,79.1746200185164,87.221234239041,83.1122665715991,123.351104608476,107.724699051926,114.890949628357,160.224328466849,148.63835149821
GCNT7,145.795350245838,222.651635236558,282.964747394822,527.49893436041,145.795350245838,805.313497432226,1314.29869230737,502.02919707355,95.4667926835936,343.033548054049,313.843611411122,260.419485824276,203.871645531956,1180.93986959567
RILPL2,5229.78831187962,5212.07237031034,10372.0352540651,14816.0709092961,5229.78831187962,2861.90625177586,7751.91506908565,6698.79362963798,15121.9399610812,33794.678345448,18861.1528198317,4646.70062941355,3404.49073107836,13470.5547780851
LOC101927419,146.787155349551,178.597568371571,212.849588748317,256.213768117913,146.787155349551,213.033512402129,272.072785154538,288.032913068461,268.430158251516,283.120154387074,364.737170018332,342.119716671107,501.667897406548,548.818528608776
LOC101927851,158.688816594109,180.978869283192,495.814336143139,289.902775690511,158.688816594109,159.189877399393,394.433561546791,249.493297939582,454.871188668887,1167.72379029358,396.969757136231,171.059858335554,174.589268260429,463.882327752656
MARCKS,9493.55845274259,10100.2878166402,24913.4183347883,17158.3434884225,9493.55845274259,7512.35759668608,28949.1201558612,16040.5934967985,28359.2531207146,113058.92339443,27201.7588495765,13666.9167413466,8491.889408743,57918.3220414839
KIAA1614,234.066004476311,223.246960464464,436.967685136251,347.52870969627,234.066004476311,318.379754798787,423.224332462615,378.296748501887,498.673599429595,633.202336990179,570.007856400741,632.325744991624,669.627193454555,1342.6453289179
LOC100128531,70.418162363636,126.20894831591,182.800235042672,129.436713305243,70.418162363636,148.655253159728,204.414473502351,164.300464496798,152.74686829375,212.633808896516,177.279229148445,257.015309538991,294.481265768381,303.81025690843
PMEPA1,87.2788491267602,111.325817618279,17.5287896616261,23.9369264331614,87.2788491267602,80.765452504104,30.2303094616153,16.2272063700541,66.2651855097885,21.1459036471674,13.5716156285891,60.4241290638026,201.109157110114,39.2013234720554
SLC25A39,68.4345521562097,161.928461990224,27.545240896841,47.8738528663229,68.4345521562097,50.3320935895141,21.5930781868681,38.5396151288786,79.742850359237,28.1945381962232,58.5275923982904,70.6366579196565,188.954208054008,24.5008271700347
MIR3945,92.2378746453261,68.4624012091022,116.441245609374,104.613234041224,92.2378746453261,568.86970894195,892.513898390548,814.402919697092,452.624911193979,498.103508133276,839.743717018949,934.446390310637,1143.67020664268,2833.92900933401
ZNF658,98.1887052676052,59.5325227905236,194.068742682289,319.159019108819,98.1887052676052,42.138496958663,83.49323565589,181.541871264981,30.3247459112591,115.127697634578,269.735860618208,39.1480272807735,29.834874955896,112.703804982159
LAMA2,10.909856140845,8.92987841857854,0.0,1.77310566171566,10.909856140845,11.705138044073,28.7907709158241,8.11360318502707,7.86197116217829,4.69908969937053,2.54467793036045,17.0208814264233,32.5973633777382,75.1358699881063
GLA,1732.68351618693,2741.47267450361,1933.17508839648,1837.82401836828,1732.68351618693,10309.8855892195,4174.6617827945,2873.22972789771,3486.22264105735,2740.74406715786,2252.88819434579,15562.1918881788,6116.70186364305,3756.79349940531
LINC00211,468.132008952623,684.624012091022,942.798472514605,580.692104211879,468.132008952623,1339.06779224196,3261.99434476287,1224.13988054096,616.603166862269,1259.3560394313,664.160939824078,2000.80461167605,1627.10568046507,3180.2073666705
KATNBL1,7108.26717831239,3278.45603007414,5824.56639327748,4873.3809112255,7108.26717831239,23576.4890483719,20825.8041419614,7631.85799591609,5053.00117980573,3702.88268310398,3589.69233376181,6941.1154456954,4907.83693024489,12697.96202799
MTVR2,20.8279071779769,11.3111793301995,23.7890716836355,35.4621132343132,20.8279071779769,90.1295629393625,148.272470216494,115.618845386636,3.36941621236213,21.1459036471674,47.5006547000618,135.316007340065,213.26410616622,207.440336706293
ZNF257,22.8115173854032,16.0737811534414,15.0246768528224,9.75208113943614,22.8115173854032,7.02308282644383,10.0767698205384,7.09940278689869,8.98510989963233,16.4468139477969,4.24112988393409,5.95730849924814,11.6024513717373,1.63338847800231
ZFP36L2,21739.3760682893,22439.5938154321,26538.587547702,9904.56822634369,21739.3760682893,9360.59889384522,3976.00546347531,13221.1163900016,18547.513110316,25584.1938682229,16092.5432315995,16734.9306184593,12225.6687597049,5264.41106460145
ENO1,2515.21774301663,1924.09113658972,2253.70152792336,2698.66681713124,2515.21774301663,6114.76411422376,10553.2570791953,4376.27471792398,2459.67383502435,1788.00363061049,2641.37569171415,4401.59993687305,3012.76987286113,6407.78299920306
LOC101927131,148.770765556978,257.775823682967,607.247356134905,425.545358811759,148.770765556978,300.822047732677,729.846042716142,455.375978759644,389.729141896553,849.360463161223,393.576853229083,489.350341009669,446.418128969703,1195.64036589769
PATE4,12.8934663482714,5.95325227905236,13.7726204484205,6.20586981600482,12.8934663482714,10.5346242396657,21.5930781868681,9.12780358315546,16.8470810618106,16.4468139477969,7.63403379108136,11.0635729271751,14.3649397935796,21.23405021403
C10orf55,33.7213735262482,33.9335379905985,45.0740305584672,28.3696905874506,33.7213735262482,114.710352831916,310.940325890901,58.8236230914463,283.030961838419,754.20389674897,185.761488916313,144.677492124598,208.291627006904,637.021506420901
HCP5,3681.58054498334,5038.23740376201,4729.01703942585,3523.16094982902,3681.58054498334,6682.4633093613,8225.52325065095,4105.4832116237,9663.48569705458,12740.4069474183,7737.51736024935,19145.9384725122,9794.12645079942,15870.0024522704
LOC643733,12.8934663482714,21.4317082045885,15.0246768528224,17.7310566171566,12.8934663482714,49.1615797851068,40.3070792821538,22.3124087588244,31.4478846487132,29.3693106210658,12.7233896518023,55.3178646358756,59.1172522274236,68.602316076097
NF1,1486.71585046606,1580.5884800884,2124.73971826997,1583.38335591209,1486.71585046606,1501.76921105457,2193.8567437858,1527.38579958135,1260.16166342343,2313.12690451514,1545.46772970558,1587.19719301397,1380.69171323674,2263.8764305112
NFKBIA,13775.1810854724,15814.8146793026,21032.0434811425,19587.4982449729,13775.1810854724,8293.09030422575,13024.9447623188,15397.5904443851,216438.942956031,311023.349021937,287904.861040982,221379.54114056,176141.23425582,352297.393877928
CCDC170,467.140203848909,187.527446790149,217.857814365925,196.814728450439,467.140203848909,409.679831542557,205.854012048143,191.683875246265,404.329945483455,172.691546451867,179.823907078805,350.630157384319,149.17437477948,227.040998442321
RBP1,89.2624593341865,84.5361823625435,127.70975324899,175.537460509851,89.2624593341865,121.73343565836,146.832931670703,195.740676838778,154.993145768658,151.5456428047,216.297624080638,217.867282258218,225.971552906694,230.307775398326
ABCF1,1013.62481599487,966.212844890198,738.713278597101,666.687728805089,1013.62481599487,1115.49965560016,845.009126379438,593.307232905105,2974.0713767783,2788.90973657641,1020.41585007454,2433.1349999072,2321.5952697162,2557.88635655162
LOC101927730,22.8115173854032,23.8130091162094,81.3836662861213,18.6176094480145,22.8115173854032,40.9679831542557,107.96539093434,5.07100199064192,116.80642869522,469.908969937053,43.2595248161277,36.59489506681,41.9898240120018,241.741494744342
PRRG1,7.93444082970547,8.92987841857854,15.0246768528224,9.75208113943614,7.93444082970547,14.0461656528877,28.7907709158241,33.4686131382367,17.9702197992647,10.5729518235837,8.48225976786818,17.0208814264233,20.4424143216325,40.8347119500578
SASH1,90.2542644378997,83.9408571346383,105.172737969757,127.663607643528,90.2542644378997,163.871932617023,172.744625494945,179.513470468724,111.19073500795,135.098828856903,134.867930309104,159.145241337057,183.981728894692,254.80860256836
CLOCK,159.680621697823,134.543501506583,123.953584035785,54.0797226823277,159.680621697823,132.268059898025,162.667855674406,44.6248175176489,411.068777908179,491.05487358422,114.51050686622,213.612061901612,330.39361525233,525.951089916744
LOC101928886,1.98361020742637,3.57195136743142,2.50411280880373,1.77310566171566,1.98361020742637,1.1705138044073,12.9558469121209,3.04260119438515,20.2164972741728,72.8358903402432,21.2056494196704,36.59489506681,39.2273355901596,315.243976254446
DYX1C1,121.000222653008,107.753866250848,175.287896616261,151.600534076689,121.000222653008,149.825766964135,240.402937147131,154.158460515514,393.098558108915,284.294926811917,375.76410771656,349.779113312998,291.718777346539,537.38480926276
CCL2,11.9016612445582,9.52520364648378,1.25205640440187,8.86552830857831,11.9016612445582,124.074463267174,8.63723127474724,44.6248175176489,30.3247459112591,10.5729518235837,22.0538753964573,125.103478484211,39.2273355901596,21.23405021403
DCTN4,4090.20424771317,2420.59237666269,4785.35957762393,3153.4684193613,4090.20424771317,2688.67020872358,3607.48359575276,2128.80663567148,3061.67619829972,3957.80829929483,2251.19174239221,2071.44126959571,1184.00253760158,2440.28238613545
MIR6728,0.0,0.0,0.0,0.886552830857831,0.0,3.51154141322191,18.7140010952857,9.12780358315546,0.0,0.0,0.0,3.40417628528465,3.86748379057911,14.7004963020208
KCNE5,28.7623480076823,58.3418723347131,38.8137485364578,30.1427962491663,28.7623480076823,19.8987346749242,21.5930781868681,23.3266091569528,25.832190961443,18.7963587974821,33.0808130946859,22.9781899256714,16.0224328466849,13.0671078240185
LINC00899,38.6803990448142,47.0306930045137,27.545240896841,43.4410887120337,38.6803990448142,39.7974693498484,41.746617827945,41.5822163232637,32.5710233861672,29.3693106210658,39.0183949321936,39.9990713520947,31.4923680090014,29.4009926040416
CYB5D1,1097.92824981049,1622.85657126967,1363.48942439363,2057.68912042103,1097.92824981049,13261.9214039348,5047.02214154397,3175.46144653997,4372.37910490858,2485.81845096701,3819.56157347104,20586.7560852589,27392.2826933031,15138.2444141254
GXYLT2,0.991805103713184,0.0,0.0,0.886552830857831,0.991805103713184,0.0,1.43953854579121,7.09940278689869,13.4776648494485,0.0,46.652428723275,4.25522035660581,5.52497684368445,8.16694239001155
PFKFB3,8692.17992894234,10704.542922964,29780.1615786984,51949.3362297763,8692.17992894234,21806.6721761081,102764.338168397,59456.4841398784,17707.4053347004,69432.5746254741,59574.3032536453,21268.4423863872,25849.1566608621,139654.714869198
LINC01010,22.8115173854032,39.8867902696508,71.3672150509064,40.7814302194602,22.8115173854032,37.4564417410338,59.0210803774395,52.738420702676,31.4478846487132,56.3890763924464,33.9290390714727,39.9990713520947,46.4098054869494,63.7021506420901
SBK1,72.4017725710624,160.142486306509,65.106933028897,31.9159019108819,72.4017725710624,50.3320935895141,57.5815418316483,36.5112143326218,64.0189080348804,62.2629385166595,25.4467793036045,68.083525705693,181.771738157218,70.2357045540994
PACERR,44.6312296670933,55.9605714230922,48.8301997716728,117.024973673234,44.6312296670933,84.276993917326,93.5700054764284,120.689847377278,151.623729556296,123.351104608476,346.924424505808,199.995356760473,167.406798363639,186.206286492263
CNOT11,3886.88420145197,3224.87675956266,4656.39776797054,4844.12466780719,3886.88420145197,5291.89290972542,7250.95565515031,4580.12899794778,1447.72583257826,2049.97788135039,1897.48151007211,2170.16238186897,1971.86423551098,4016.50226740768
ABCA3,3.96722041485273,28.5756109394513,3.7561692132056,6.20586981600482,3.96722041485273,3.51154141322191,12.9558469121209,6.0852023887703,4.49255494981617,2.34954484968527,11.0269376982286,9.36148478453279,40.3323309588965,0.0
ZNF473,266.795572898846,290.518711217755,423.195064687831,612.608006122761,266.795572898846,104.17572859225,171.305086949154,328.600928993596,179.702197992647,260.799478315064,509.783812048877,139.571227696671,82.3221549708983,156.805293888222
UPP1,342.172760781048,367.910990845436,1120.59048193967,549.662755131855,342.172760781048,2522.45724849774,8562.3752703661,1463.49117449926,1102.92224017987,2699.62703228837,706.572238663419,2316.54196213621,2098.93870291572,6894.53276564775
CIDECP,157.697011490396,285.756109394513,217.857814365925,741.158166597147,157.697011490396,90.1295629393625,139.635238941747,250.507498337711,227.99716370317,451.112611139571,737.956599804531,209.356841545006,195.584180266429,240.10810626634
LOC101928227,26.778737800256,22.0270334324937,30.0493537056448,10.638633970294,26.778737800256,14.0461656528877,8.63723127474724,8.11360318502707,15.7239423243566,16.4468139477969,3.39290390714727,5.10626442792698,16.0224328466849,6.53355391200924
PLBD2,34.7131786299614,69.0577264370074,7.5123384264112,39.8948773886024,34.7131786299614,15.216679457295,17.2744625494945,45.6390179157773,24.7090522239889,10.5729518235837,25.4467793036045,52.7647324219121,72.9296943366347,9.80033086801386
HDGFRP3,40.6640092522405,24.4083343441147,40.0658049408597,24.8234792640193,40.6640092522405,14.0461656528877,1.43953854579121,4.05680159251354,40.4329945483455,10.5729518235837,12.7233896518023,8.51044071321163,29.2823772715276,6.53355391200924
KLF10,1266.53511744174,892.987841857854,1625.16921291362,763.321987368593,1266.53511744174,2387.8481609909,1586.37147746191,859.027737214741,6983.67666948923,8215.18356692453,2542.98147840688,2582.06771238841,3158.6292615344,2592.18751458967
SDR39U1,20.8279071779769,43.4587416370822,22.5370152792336,25.7100320948771,20.8279071779769,14.0461656528877,12.9558469121209,14.1988055737974,28.078468436351,8.22340697389843,27.1432312571782,18.7229695690656,43.6473170651071,14.7004963020208
EZH2,121.000222653008,86.3221580462592,42.5699177496634,28.3696905874506,121.000222653008,367.541334583894,165.546932765989,26.369210351338,239.228551077711,81.0592973141416,41.5630728625541,224.675634828787,332.603605989804,395.280011676559
LOC101928052,12.8934663482714,16.0737811534414,25.0411280880373,14.1848452937253,12.8934663482714,30.4333589145899,79.1746200185164,21.2982083606961,13.4776648494485,24.6702209216953,22.0538753964573,51.9136883505909,30.9398703246329,63.7021506420901
C11orf72,1387.53534009474,1295.42769592179,1987.01351378576,1625.93789179326,1387.53534009474,2366.77891251157,2405.46891001711,1895.54054410195,1656.62963774471,1894.90792127117,1563.2804752181,3245.88208801892,3090.67204635708,2935.19909497015
MIR23A,94.2214848527524,248.250620036483,125.205640440187,595.763502336463,94.2214848527524,215.374540010944,319.577557165648,615.619641663929,347.049869873299,568.589853623834,1089.97038017106,761.684443832441,554.15517742155,1078.03639548153
LOC101927780,164.639647216388,105.967890567132,236.638660431953,120.571184996665,164.639647216388,572.381250355172,1884.35595644069,707.911877893612,188.687307892279,246.702209216953,146.743093984119,889.341054530615,781.231725696981,2538.28569481559
LOC729966,0.0,1.19065045581047,1.25205640440187,5.31931698514699,0.0,2.34102760881461,1.43953854579121,8.11360318502707,1.12313873745404,3.5243172745279,6.78580781429454,11.0635729271751,51.9347823306338,1.63338847800231
CASC1,47.6066449782328,16.6691063813466,53.8384253892802,39.8948773886024,47.6066449782328,14.0461656528877,15.8349240037033,19.2698075644393,20.2164972741728,14.0972690981116,12.7233896518023,9.36148478453279,11.6024513717373,13.0671078240185
PMAIP1,12816.1055501818,10795.6276828336,4636.36486550011,2508.0579584968,12816.1055501818,8876.00617882059,5704.89125697055,987.831187777046,11517.7877525912,3854.42832590868,2150.25285115458,3683.31874067799,1538.15355328175,3501.98489683695
ACOT9,2140.31541381305,1712.15535545546,2731.98707440487,1759.80736925279,2140.31541381305,1755.77070661096,2368.04090782653,917.851360306188,2132.84046242523,3119.02078795719,994.12084479415,1239.97121191493,550.840191315339,1621.95475865629
MIR4285,0.0,1.78597568371571,12.5205640440187,11.5251868011518,0.0,4.68205521762922,20.1535396410769,6.0852023887703,2.24627747490808,15.2720415229542,11.0269376982286,5.10626442792698,6.62997221242134,35.9345465160508
HOXA4,36.6967888373878,8.33455319067331,36.3096357276541,47.8738528663229,36.6967888373878,19.8987346749242,21.5930781868681,18.2556071663109,22.4627747490808,31.7188554707511,29.6879091875386,11.0635729271751,3.86748379057911,3.26677695600462
PPP2R3A,56.5328909116515,52.3886200556608,71.3672150509064,36.3486660651711,56.5328909116515,30.4333589145899,48.944310556901,27.3834107494664,30.3247459112591,81.0592973141416,45.8042027464881,15.3187932837809,27.0723865340538,37.5679349940531
WNT2B,10.909856140845,8.92987841857854,27.545240896841,2.65965849257349,10.909856140845,5.85256902203652,20.1535396410769,1.01420039812838,11.2313873745404,19.9711312223248,0.0,1.70208814264233,7.18246989678978,1.63338847800231
HAGH,237.041419787451,238.130091162094,136.474148079803,257.986873779629,237.041419787451,269.21817501368,195.777242227604,266.734704707765,283.030961838419,151.5456428047,301.968447736107,309.780041960903,195.031682582061,191.10645192627
GOLGA6L9,51.5738653930855,25.5989847999252,40.0658049408597,28.3696905874506,51.5738653930855,42.138496958663,43.1861563737362,23.3266091569528,59.5263530850642,54.0395315427611,17.8127455125232,34.8928069241677,38.6748379057911,52.2684312960739
RALGAPA1,269.770988209986,285.160784166608,446.984136371466,131.209818966959,269.770988209986,246.978412729941,447.696487741065,146.044857330487,256.075632139522,548.618722401509,198.484878568115,177.017166834802,277.906335237328,504.717039702714
UBXN2B,10327.6665449654,8798.31154321148,17888.1298496895,14536.8067675759,10327.6665449654,5577.49827800081,12486.5573461929,9318.47325800359,5396.68163346667,11627.8974610924,9863.17165807711,5393.06627996221,3582.394985445,10602.324610713
LOC100506281,0.0,2.38130091162094,2.50411280880373,3.54621132343132,0.0,5.85256902203652,12.9558469121209,6.0852023887703,2.24627747490808,4.69908969937053,2.54467793036045,11.0635729271751,6.62997221242134,9.80033086801386
KLHDC8B,1203.05959080409,910.847598695011,1357.22914237162,425.545358811759,1203.05959080409,264.536119796051,387.235868817835,332.65773058611,636.819664136442,532.171908453712,381.701689554068,426.373079731903,112.157029926794,235.207940832333
C5orf56,730.960361436616,774.518121504712,768.762632302746,1163.15731408547,730.960361436616,1727.67837530518,452.015103378439,1800.20570667788,651.420467723344,632.027564565336,1637.07613519856,3000.78139547842,4070.8029384267,775.859527051098
UBXN8,21.81971228169,14.8831306976309,8.76439483081306,7.09242264686265,21.81971228169,14.0461656528877,5.75815418316483,13.184605175669,22.4627747490808,7.0486345490558,5.93758183750772,17.0208814264233,13.8124421092111,3.26677695600462
PLAU,1003.70676495774,584.609373802942,1486.19095202501,663.141517481658,1003.70676495774,3328.94125973437,8280.22571539102,897.56735234362,15112.9548511816,25176.5478368025,4733.10095047044,2484.19764418647,3354.7659394852,15415.9204553858
SLC25A51P1,10.909856140845,13.6924802418204,25.0411280880373,13.2982924628675,10.909856140845,2.34102760881461,4.31861563737362,7.09940278689869,8.98510989963233,15.2720415229542,6.78580781429454,1.70208814264233,4.41998147494756,3.26677695600462
MT1F,3.96722041485273,8.92987841857854,3.7561692132056,0.886552830857831,3.96722041485273,3.51154141322191,7.19769272895603,10.1420039812838,5.61569368727021,7.0486345490558,6.78580781429454,13.6167051411386,22.0999073747378,19.6006617360277
SLC13A1,71.4099674673492,79.1782553113964,101.416568756551,147.1677699224,71.4099674673492,139.291142724469,158.349240037033,220.081486393859,122.422122382491,124.525877033319,180.672133055592,193.187004189904,182.324235841587,245.008271700347
SLC25A27,7.93444082970547,16.0737811534414,11.2685076396168,23.9369264331614,7.93444082970547,12.8756518484804,10.0767698205384,18.2556071663109,19.0933585367187,36.4179451701216,15.2680675821627,22.9781899256714,6.62997221242134,17.9672732580254
LGALS3,127.942858379001,147.045331292593,219.109870770327,127.663607643528,127.942858379001,95.982131961399,169.865548403362,136.917053747332,258.32190961443,669.620282160301,184.065036962739,170.208814264233,127.626965089111,341.378191902483
PIP5K1P1,6.94263572599229,11.9065045581047,11.2685076396168,7.97897547772048,6.94263572599229,11.705138044073,12.9558469121209,12.1704047775406,7.86197116217829,5.87386212421316,6.78580781429454,5.10626442792698,9.39246063426356,21.23405021403
RPL19P12,62.4837215339306,36.3148389022194,25.0411280880373,24.8234792640193,62.4837215339306,33.9449003278118,31.6698480074065,25.3550099532096,44.9255494981617,50.5152142682332,16.9645195357364,22.9781899256714,51.9347823306338,45.7348773840647
MPDU1,95.2132899564656,120.851021264763,66.3589894332989,90.4283887474988,95.2132899564656,138.120628920062,66.2187731063955,93.3064366278113,69.6346017221506,51.6899866930758,61.9204963054377,119.997214056284,161.329323835586,57.1685967300809
ZBTB22,215.221707505761,258.966474138778,195.320799086691,398.062221055166,215.221707505761,299.65153392827,263.435553879791,504.057597869807,360.527534722747,353.606499877632,551.346884911431,690.196741841463,422.66072854186,328.311084078464
PRND,201.336436053776,178.002243143666,241.64688604956,271.285166242496,201.336436053776,318.379754798787,336.852019715142,270.791506300279,259.445048351884,343.033548054049,472.461869070257,326.800923387327,372.383439264332,565.1524133888
FAM124A,46.6148398745196,70.2483768928179,95.1562867345418,83.3359661006361,46.6148398745196,83.1064801129186,109.404929480132,66.9372262764733,85.3585440465072,91.6322491377253,75.4921119340268,133.613919197423,132.046946564058,163.338847800231
SLC16A14,366.967888373878,36.3148389022194,15.0246768528224,37.2352188960289,366.967888373878,53.843635002736,2.87907709158241,8.11360318502707,399.837390533639,11.7477242484263,20.3574234428836,21.2761017830291,12.7074467404742,1.63338847800231
TRAF5,141.828129830985,252.41789663182,120.197414822579,91.3149415783566,141.828129830985,197.816832944835,142.514316033329,149.087458524872,198.795556529365,186.788815549979,152.680675821627,239.143384041247,453.600598866493,292.376537562414
LAMB1,10.909856140845,40.482115497556,40.0658049408597,34.5755604034554,10.909856140845,15.216679457295,5.75815418316483,26.369210351338,11.2313873745404,49.3404418433906,19.5091974660968,8.51044071321163,8.28746526552667,4.90016543400693
MIR21,48.598450081946,52.983945283566,105.172737969757,40.7814302194602,48.598450081946,90.1295629393625,685.220347796614,217.038885199474,43.8024107607076,112.778152784893,33.0808130946859,74.8918782762623,73.4821920210032,475.316047098672
OR2B11,1.98361020742637,5.95325227905236,8.76439483081306,10.638633970294,1.98361020742637,21.0692484793315,43.1861563737362,46.6532183139057,133.653509757031,222.031988295258,205.27068638241,231.483987399356,386.748379057911,437.748112104619
HPCA,0.0,0.0,1.25205640440187,0.0,0.0,7.02308282644383,4.31861563737362,0.0,15.7239423243566,3.5243172745279,0.0,40.8501154234158,125.969472036005,29.4009926040416
TNFSF8,898.575423964144,1351.98359257279,2221.14806140891,761.548881706877,898.575423964144,2043.71710249515,5935.21742429714,1542.59880555327,694.099739746598,1792.70272030986,599.69576558828,1474.85937559958,1292.29208373779,4075.30425261576
EXOSC4,94.2214848527524,164.309762901845,314.266157504868,343.982498372839,94.2214848527524,1071.02013103268,1675.62286730096,1756.59508955836,240.351689815165,442.889204165672,553.891562841792,710.621799553171,397.79833274528,922.864490071305
HAS3,28.7623480076823,36.3148389022194,70.1151586465045,23.9369264331614,28.7623480076823,21.0692484793315,34.548925098989,14.1988055737974,14.6008035869025,70.486345490558,11.0269376982286,11.9146169984963,24.3098981122116,8.16694239001155
C2CD4B,4.95902551856592,3.57195136743142,17.5287896616261,24.8234792640193,4.95902551856592,0.0,1.43953854579121,2.02840079625677,12.3545261119945,71.6611179154006,27.1432312571782,1.70208814264233,0.0,1.63338847800231
TDGF1,18.8442969705505,23.8130091162094,28.7972973012429,104.613234041224,18.8442969705505,36.2859279366265,38.8675407363626,208.925282014447,55.033798135248,44.64135214402,245.985533268177,45.9563798513428,41.9898240120018,81.6694239001155
PELO,525.656704967987,565.558966509974,1396.04289090808,651.616330680506,525.656704967987,133.438573702433,336.852019715142,171.399867283697,93.2205152086855,152.720415229542,194.243748684181,119.997214056284,72.3771966522663,155.17190541022
KCNH4,1.98361020742637,5.35792705114712,7.5123384264112,6.20586981600482,1.98361020742637,0.0,7.19769272895603,5.07100199064192,13.4776648494485,88.1079318631974,13.5716156285891,8.51044071321163,4.972479159316,8.16694239001155
RSBN1,1180.24807341869,932.2793068996,1164.41245609374,1948.64312222551,1180.24807341869,2913.40885916978,6187.13666981061,3615.62441932769,724.424485657857,661.396875186402,1617.56693773246,925.935949597425,814.381586759088,1407.98086803799
PIK3R2,222.164343231753,255.394522771346,260.427732115588,330.684205909971,222.164343231753,409.679831542557,388.675407363626,671.40066356099,223.504608753354,270.197657713805,436.836378045211,704.664491053923,889.521271833196,486.749766444689
RPL26,1640.44564154161,1983.02833415234,733.705052979493,622.360087262197,1640.44564154161,1428.02684137691,624.759728873384,597.364034497618,1675.72299628143,577.988033022575,586.972375936478,984.657990518585,2356.95512151579,625.587787074885
AEN,32.7295684225351,83.9408571346383,51.3343125804765,47.8738528663229,32.7295684225351,97.1526457658063,197.216780773395,70.9940278689869,41.5561332857995,41.1170348694921,34.7772650482595,122.550346270247,202.214152478851,147.004963020208
EHD4-AS1,9.91805103713184,11.9065045581047,18.780846066028,14.1848452937253,9.91805103713184,18.7282208705169,37.4280021905714,31.4402123419799,8.98510989963233,18.7963587974821,16.9645195357364,18.7229695690656,16.5749305310533,65.3355391200924
LINC01565,91.2460695416129,81.5595562230174,95.1562867345418,183.516435987571,91.2460695416129,181.429639683132,241.842475692923,222.109887190116,88.7279602588693,116.302470059421,171.341647310937,153.187932837809,156.35684467627,298.910091474423
PGS1,1099.91186001792,1541.29701504666,2512.87720363454,3529.36681964503,1099.91186001792,4148.30092281949,11838.7650005869,5478.71055068953,834.492081928353,1827.94589305514,3338.61744463291,3524.17349934094,2793.42829216686,8001.97015373332
DSE,1006.68218026888,895.369142769475,752.485899045521,824.494132697783,1006.68218026888,1863.45797661643,2602.6856907905,918.865560704316,1443.23327762844,2055.85174347461,1106.9348997068,1931.87004189904,1643.68061099612,4939.36675747899
KRT8,115.049392030729,89.2987841857854,78.8795534773176,86.8821774240675,115.049392030729,286.77588207979,309.500787345109,204.868480421934,76.3734341468748,62.2629385166595,74.64388595724,289.354984249195,191.71669647585,209.073725184296
LOC101928694,39.6722041485273,67.8670759811969,135.222091675402,73.5838849612,39.6722041485273,106.516756201065,359.884636447802,86.2070338409126,66.2651855097885,124.525877033319,73.7956599804531,97.8700682019337,64.0897313867396,168.239013234238
FAM229B,27.7705429039691,30.361586623167,35.0575793232522,33.6890075725976,27.7705429039691,59.6962040247725,79.1746200185164,73.0224286652437,32.5710233861672,45.8161245688627,34.7772650482595,49.3605561366274,59.669749911792,112.703804982159
C10orf111,34.7131786299614,42.863416409177,56.342538198084,54.9662755131855,34.7131786299614,49.1615797851068,67.6583116521867,90.2638354334262,58.4032143476102,77.5349800396137,110.269376982286,120.848258127605,128.731960457848,143.738186064203
DAPP1,3045.83347350319,2384.27753776047,2868.46122248467,2784.66244172445,3045.83347350319,6398.02845489033,11324.8497397394,4565.93019237398,3622.12242828928,5749.33624717984,2756.73442455716,4298.62360424319,3175.75668974982,10158.0429446964
RNU6-35P,14.8770765556978,17.8597568371571,13.7726204484205,10.638633970294,14.8770765556978,17.5577070661096,43.1861563737362,17.2414067681825,17.9702197992647,43.4665797191774,22.9021013732441,35.7438509954888,38.1223402214227,49.0016543400693
MIR17HG,43.6394245633801,50.6026443719451,63.8548766244952,34.5755604034554,43.6394245633801,118.221894245138,90.690928384846,65.923025878345,99.9593476334097,71.6611179154006,33.9290390714727,96.1679800592914,100.554578555057,107.803639548152
ARHGAP31,47.6066449782328,120.255696036858,46.326086962869,93.0880472400723,47.6066449782328,84.276993917326,73.4164658353515,77.0792302577572,67.3883242472425,72.8358903402432,92.4566314697631,142.975403981955,357.466001786384,91.4697547681294
PLEKHA4,7.93444082970547,1.78597568371571,0.0,3.54621132343132,7.93444082970547,3.51154141322191,1.43953854579121,0.0,38.1867170734374,19.9711312223248,5.0893558607209,24.6802780683137,41.9898240120018,26.134215648037
PIN4P1,96.2050950601788,101.800613971795,132.717978866598,153.373639738405,96.2050950601788,186.111694900761,187.140010952857,216.024684801346,120.175844907582,303.091285609399,173.038099264511,465.521107012676,483.987971506758,480.216212532679
MTA3,33.7213735262482,44.0540668649875,17.5287896616261,23.9369264331614,33.7213735262482,22.2397622837388,20.1535396410769,16.2272063700541,10.1082486370864,14.0972690981116,33.9290390714727,19.5740136403867,61.8797406492658,6.53355391200924
LINC00824,235.057809580024,230.390863199326,292.981198630037,365.259766313426,235.057809580024,449.477300892405,421.784793916824,669.372262764733,324.587095124218,306.615602883927,381.701689554068,424.67099158926,508.850367303338,635.388117942899
STEAP4,20069.1762736363,7209.98383516031,22555.7961252996,21413.7970765401,20069.1762736363,34710.4163558942,45051.7983290816,27163.3292630725,15995.7418988205,16541.9705142091,20832.4299898842,46206.5868083112,39810.2206471683,54537.2078920191
FBXO6,682.36191135467,689.386613914263,681.118683994615,733.179191119426,682.36191135467,1159.97918016764,1013.43513623701,2296.14970136266,719.931930708041,660.222102761559,774.430316806364,1576.13362008679,1759.7051247135,1724.85823277044
ANXA2R,19.8361020742637,67.8670759811969,23.7890716836355,23.0503736023036,19.8361020742637,105.346242396657,57.5815418316483,165.314664894927,13.4776648494485,15.2720415229542,21.2056494196704,65.5303934917295,87.2946341302143,14.7004963020208
CNGB1,63.4755266376437,67.2717507532917,140.230317293009,148.054322753258,63.4755266376437,99.4936733746209,146.832931670703,200.81167882942,87.6048215214153,155.069960079227,128.930348471596,222.122502614824,174.03677057606,272.775875826386
OTUD6A,171.582282942381,163.71443767394,200.329024704299,225.184419037889,171.582282942381,258.683550774014,233.205244418175,232.2518911714,265.060742039154,281.945381962232,276.521668432503,243.398604397853,385.643383689174,503.083651224712
CD151,75.377187882202,122.636996948479,83.887779094925,163.125720877841,75.377187882202,64.3782592424018,73.4164658353515,168.357266089312,60.6494918225183,57.563848817289,191.699070753821,45.1053357800216,128.179462773479,62.0687621640878
SCARF1,2308.92228144429,2993.89057113543,4283.28495945878,4917.70855276839,2308.92228144429,4948.93236503408,13979.3588181784,5387.43251485798,4586.89860376231,11094.5507802138,5562.66595576795,7401.53028828015,4492.35867159982,15554.758476016
TMIGD2,113.065781823303,145.259355608878,159.011163359037,141.848452937253,113.065781823303,149.825766964135,172.744625494945,196.754877236906,215.642637591176,220.857215870415,140.805512146612,166.804637978948,274.591349131117,406.713731022575
ZBED6,1182.23168362611,1067.41813363409,1423.58813180492,808.536181742342,1182.23168362611,496.297853068697,964.490825680108,545.639814193071,697.46915595896,1716.34251269509,622.597866961524,439.13874080172,421.555733173123,780.759692485104
DDIT3,5272.43593133928,4289.31826705723,3460.68390176676,3676.53458956743,5272.43593133928,17622.085325352,9293.66085162803,6488.8541472254,8317.96548958463,3738.12585584926,5577.93402335011,14043.9292649418,7258.16207954826,8617.75760994019
MED29,1337.94508490908,1631.78644968825,1514.98824932626,2155.20993181539,1337.94508490908,3903.66353769836,3086.37064217635,2998.99057726563,2333.8822964295,2071.12378499756,3086.69432952723,6181.1330900056,4551.47592382725,4766.22757881074
USP29,9.91805103713184,11.9065045581047,17.5287896616261,35.4621132343132,9.91805103713184,16.3871932617023,11.5163083663297,29.4118115457231,20.2164972741728,39.9422624446495,62.7687222822245,38.2969832094523,43.6473170651071,78.4026469441109
STARD4,363.000667959025,114.897768985711,56.342538198084,161.352615216125,363.000667959025,915.341795046512,213.051704777099,243.408095550812,353.788702298023,57.563848817289,140.805512146612,447.649181514932,240.888990384642,119.237358894169
FANCF,82.3198236081942,113.111793301995,136.474148079803,112.592209518945,82.3198236081942,139.291142724469,178.50277967811,193.712276042521,133.653509757031,155.069960079227,130.62680042517,195.740136403867,224.314059853589,253.175214090358
RSPH4A,30.7459582151087,25.5989847999252,25.0411280880373,26.5965849257349,30.7459582151087,38.6269555454411,51.8233876484834,21.2982083606961,39.3098558108915,29.3693106210658,19.5091974660968,28.0844543535984,24.3098981122116,19.6006617360277
ARHGAP32,19.8361020742637,40.482115497556,11.2685076396168,27.4831377565928,19.8361020742637,18.7282208705169,2.87907709158241,28.3976111475948,10.1082486370864,10.5729518235837,33.9290390714727,11.9146169984963,55.2497684368445,19.6006617360277
RFX8,12.8934663482714,13.0971550139152,8.76439483081306,11.5251868011518,12.8934663482714,25.7513036969607,83.49323565589,136.917053747332,3.36941621236213,4.69908969937053,9.33048574465499,14.4677492124598,2.76248842184222,24.5008271700347
BRD2,21376.3754003302,21110.2325815197,17813.0064654253,15950.8585327941,21376.3754003302,30232.0305402319,15621.8722989262,16807.3289977836,35827.0025860465,39519.3443717062,31729.5891136645,44270.4615460556,30897.3280029365,25275.0533086078
IL1A,163.647842112675,86.9174832741645,159.011163359037,117.024973673234,163.647842112675,6235.32703607771,13800.8560385003,2846.86051754637,41303.4270698724,11255.4946024173,22774.867476726,58968.8437018434,78707.7151197599,243801.197615103
LAMTOR2,133.89368900128,145.259355608878,96.4083431389437,149.827428414973,133.89368900128,117.05138044073,93.5700054764284,144.01645653423,129.160954807215,118.652014909106,152.680675821627,143.826448053277,104.422062345636,138.838020630196
CFAP58-AS1,343.164565884762,254.203872315536,560.921269172036,711.015370347981,343.164565884762,239.955329903497,401.631254275747,433.06357000082,2589.95792856902,2444.70141609752,4081.66340029817,908.064024099681,668.522198085818,1228.30813545774
LYPLAL1-AS1,0.0,0.0,0.0,4.43276415428916,0.0,0.0,0.0,9.12780358315546,3.36941621236213,1.17477242484263,5.93758183750772,7.65939664189047,4.972479159316,3.26677695600462
RASD1,5.9508306222791,13.6924802418204,2.50411280880373,11.5251868011518,5.9508306222791,11.705138044073,4.31861563737362,25.3550099532096,19.0933585367187,2.34954484968527,16.9645195357364,26.382366210956,18.2324235841587,16.3338847800231
VCPIP1,4238.97501327015,3046.874516419,5812.04582923346,3374.22007424491,4238.97501327015,3577.09018626872,2352.20598382283,3040.5727935889,1892.48877261006,1987.71494283373,2453.91775084426,2388.8807081985,1326.54694016864,1140.10515764561
NFE2L3,500.861577375158,461.972376854463,336.803172784102,222.524760545316,500.861577375158,3193.16165842313,1335.89177049424,575.051625738794,506.535570591773,290.16878893613,161.162935589495,901.255671529112,1210.52242645126,594.553405992841
TXNRD2,110.090366512163,107.158541022943,78.8795534773176,109.045998195513,110.090366512163,314.868213385565,228.886628780802,281.947710679691,133.653509757031,110.428607935207,130.62680042517,266.376794323524,210.501617744377,202.540171272286
DUSP2,466.148398745196,952.520364648378,359.340188063336,1733.21078432706,466.148398745196,985.572623310951,718.329734349812,1547.66980754391,5760.57858440178,8965.86314639897,8969.9897045206,6203.26023585996,4974.13665236911,6794.89606848961
CPA4,150.754375764404,153.593908799551,207.84136313071,235.823053008183,150.754375764404,175.577070661096,215.930781868681,243.408095550812,252.706215927159,314.839009857825,346.924424505808,257.015309538991,401.665816535859,486.749766444689
CXCL10,6.94263572599229,0.0,1.25205640440187,5.31931698514699,6.94263572599229,0.0,0.0,2.02840079625677,7.86197116217829,1.17477242484263,4.24112988393409,12.7656610698174,37.0173448526858,1.63338847800231
CYP51A1,621.861800028166,575.084170156458,651.06933028897,601.969372152467,621.861800028166,737.423696776602,718.329734349812,592.293032506976,701.961710908776,780.048890095508,558.980918702513,602.539202495383,603.327471330342,803.627131177137
RFTN2,19.8361020742637,22.0270334324937,22.5370152792336,7.97897547772048,19.8361020742637,14.0461656528877,8.63723127474724,9.12780358315546,10.1082486370864,8.22340697389843,7.63403379108136,6.8083525705693,6.62997221242134,1.63338847800231
UMAD1,343.164565884762,374.459568352393,421.943008283429,375.89840028372,343.164565884762,351.154141322191,463.531411744768,346.856536159907,322.34081764931,449.937838714728,347.772650482595,340.417628528465,290.613781977802,465.515716230658
LOC101927438,3.96722041485273,7.73922796276807,3.7561692132056,15.957950955441,3.96722041485273,8.19359663085113,8.63723127474724,31.4402123419799,7.86197116217829,3.5243172745279,10.1787117214418,31.488630638883,42.5423216963702,22.8674386920323
PDZD7,11.9016612445582,32.1475623068827,33.8055229188504,68.264567976053,11.9016612445582,28.0923313057753,41.746617827945,119.675646979149,17.9702197992647,36.4179451701216,70.4027560733059,75.7429223475835,45.3048101182125,37.5679349940531
LOC101929767,74.3853827784888,67.8670759811969,93.9042303301399,85.1090717623518,74.3853827784888,57.3551764159579,95.0095440222196,98.3774386184532,226.874024965716,151.5456428047,134.867930309104,154.890020980452,186.744217316534,156.805293888222
RGPD3,1123.71518250704,387.556723366309,2103.45475939513,484.944398479234,1123.71518250704,724.548044928122,1600.76686291982,363.083742529961,909.742377337774,2422.38074002551,340.986842668301,207.654753402364,275.143846815486,1563.15277344821
LOC151475,165.631452320102,161.928461990224,226.622209196738,227.844077530463,165.631452320102,204.839915771278,315.258941528274,265.720504309637,278.538406888602,370.053313825429,309.602481527188,364.246862525458,440.34065444165,519.417536004735
MYO1C,84.3034338156206,169.072364725087,154.00293774143,265.965849257349,84.3034338156206,126.415490875989,178.50277967811,244.422295948941,210.026943903906,313.664237432983,442.773959882719,377.863567666596,502.772892775285,707.257210975
PVRL4,10.909856140845,23.8130091162094,18.780846066028,26.5965849257349,10.909856140845,31.6038727189972,27.3512323700329,34.4828135363651,26.955329698897,24.6702209216953,39.0183949321936,45.1053357800216,34.2548564308436,27.7676041260393
TTYH2,104.139535889884,152.40325834374,52.5863689848784,106.38633970294,104.139535889884,93.6411043525844,34.548925098989,84.1786330446559,81.989127834145,58.7386212421316,97.545987330484,92.7638037740067,141.439407198322,49.0016543400693
PLEKHF1,17.8524918668373,88.7034589578802,10.0164512352149,7.97897547772048,17.8524918668373,12.8756518484804,8.63723127474724,4.05680159251354,16.8470810618106,10.5729518235837,2.54467793036045,31.488630638883,87.8471318145827,11.4337193460162
CBX5,682.36191135467,891.797191402044,911.497062404558,745.590930751436,682.36191135467,901.295629393625,987.523442412768,695.741473116071,1161.32545452748,1728.09023694351,923.718088720844,1994.84730317681,2168.00091346178,2951.53297975017
CAB39L,136.869104312419,92.8707355532168,66.3589894332989,102.840128379508,136.869104312419,113.539839027509,92.1304669306372,64.9088254802166,143.761758394117,71.6611179154006,95.8495353769104,107.231552986467,106.63205308311,84.9362008561202
TSC22D2,3379.07998835082,3585.64384767324,3771.19389005842,5761.70684774504,3379.07998835082,9110.10893970205,10826.7694028957,8255.59124076504,4083.7324493829,4412.44522770893,6030.88669495427,7383.65836278241,4594.57074320799,8299.24685672974
UGT2B28,31.7377633188219,5.95325227905236,0.0,3.54621132343132,31.7377633188219,25.7513036969607,0.0,4.05680159251354,38.1867170734374,0.0,7.63403379108136,24.6802780683137,6.07747452805289,0.0
HELB,148.770765556978,180.978869283192,161.515276167841,195.041622788723,148.770765556978,341.790030886933,509.596645210087,355.984339743063,599.756085800458,1460.24212407939,475.854772977405,634.027833134266,1416.60406272069,4488.55153755035
ETV3,501.853382478871,687.005313002642,553.408930745625,1363.51825385934,501.853382478871,538.43635002736,712.571580166647,909.73775712116,342.557314923483,630.852792140494,1056.04134109959,589.773541425566,632.057350917501,437.748112104619
TEX30,105.131340993597,26.7896352557356,32.5534665144485,48.7604056971807,105.131340993597,80.765452504104,25.9116938242417,18.2556071663109,94.3436539461395,24.6702209216953,18.66097148931,29.7865424962407,24.86239579658,9.80033086801386
RNF144B,3894.81864228167,2305.09928244907,7236.88601744278,4178.32349183296,3894.81864228167,2499.0469724096,4887.23336296115,3776.8822826301,12491.5490379639,34504.240890053,4141.03921867324,3233.1164269491,2806.6882365917,13797.2324736855
ASB4,9.91805103713184,14.2878054697257,18.780846066028,17.7310566171566,9.91805103713184,64.3782592424018,63.3396960148131,40.5680159251354,14.6008035869025,19.9711312223248,7.63403379108136,39.1480272807735,41.9898240120018,86.5695893341225
PDE3A,25.7869326965428,16.0737811534414,35.0575793232522,50.5335113588964,25.7869326965428,29.2628451101826,15.8349240037033,49.6958195082908,22.4627747490808,12.922496673269,61.0722703286509,0.851044071321163,4.41998147494756,19.6006617360277
CLEC4D,1184.21529383354,815.000237002268,1841.77497087514,1022.19541397908,1184.21529383354,2632.48554611203,5583.97001912409,2448.27976108192,1564.53226127348,3285.83847228484,1235.86524817839,4190.54100718541,2493.42204955479,6660.95821329342
SP2-AS1,84.3034338156206,117.874395125237,189.060517064682,143.621558598969,84.3034338156206,149.825766964135,297.98447897878,196.754877236906,167.347671880652,337.159685929836,151.83244984484,193.187004189904,195.584180266429,465.515716230658
RGAG4,196.37741053521,219.079683869127,287.972973012429,152.487086907547,196.37741053521,80.765452504104,79.1746200185164,116.633045784764,61.7726305599723,103.379973386152,100.938891237631,85.9554512034374,88.9521271833196,115.970581938164
LOC388813,23.8033224891164,1.78597568371571,2.50411280880373,5.31931698514699,23.8033224891164,22.2397622837388,24.4721552784505,39.553815527007,37.0635783359834,30.5440830459084,72.9474340036663,133.613919197423,100.554578555057,122.504135850173
SPSB2,47.6066449782328,69.0577264370074,55.0904817936821,84.222518931494,47.6066449782328,154.507822181764,74.8560043811427,100.40583941471,56.1569368727021,43.4665797191774,94.1530834233367,285.950807963911,212.159110797483,70.2357045540994
MIR24-2,61.4919164302174,115.493094213616,116.441245609374,306.74727947681,61.4919164302174,104.17572859225,279.270477883494,343.813934965522,204.411250216636,489.880101159378,507.239134118517,359.991642168852,198.89916637264,731.758038145035
FGD5P1,95.2132899564656,105.967890567132,157.759106954635,159.57950955441,95.2132899564656,145.143711746506,221.688936051846,182.556071663109,165.101394405744,213.808581321359,152.680675821627,245.951736611816,246.413967228326,328.311084078464
LINC00884,7.93444082970547,10.7158541022942,76.3754406685138,62.945250990906,7.93444082970547,86.6180215261406,328.214788440395,80.1218314521423,22.4627747490808,96.3313388370959,64.4651742357981,67.2324816343719,30.9398703246329,325.04430712246
TNFSF14,8290.4988619385,8226.20399919455,22699.7826118058,3628.6607367011,8290.4988619385,2472.12515490823,8946.73206209235,1924.95235564767,5202.37863188712,12705.1637746731,2616.77713838733,2422.07142698003,1929.32191381461,6237.91059749082
SLC7A5P1,8.92624593341865,12.50182978601,20.0329024704299,21.2772679405879,8.92624593341865,17.5577070661096,31.6698480074065,13.184605175669,19.0933585367187,66.96202821603,34.7772650482595,22.1271458543502,21.5474096903693,65.3355391200924
LINC00311,101.164120578745,102.395939199701,138.978260888607,131.209818966959,101.164120578745,139.291142724469,192.898165136022,171.399867283697,94.3436539461395,160.943822203441,153.528901798414,221.271458543502,229.839036697273,256.441991046363
TARP,260.844742276567,258.966474138778,27.545240896841,36.3486660651711,260.844742276567,3028.1192120017,983.204826775394,564.90962175751,404.329945483455,45.8161245688627,44.9559767697013,1320.82039869044,1172.95258391421,1342.6453289179
TNF,81.328018504481,207.768504538927,204.085193917504,63.8318038217638,81.328018504481,85.4475077217333,237.523860055549,182.556071663109,4472.33845254199,6959.35184476776,1914.44602960785,927.638037740067,2254.74304990762,1932.29856947673
ZNF18,731.95216654033,747.133161021071,1433.60458304014,734.065743950284,731.95216654033,341.790030886933,403.070792821538,622.719044450828,360.527534722747,535.69622572824,624.294318915098,331.907187815254,230.94403206601,359.345465160508
KRT42P,109.09856140845,127.994923999626,147.74265571942,201.247492604728,109.09856140845,154.507822181764,220.249397506055,231.237690773272,198.795556529365,164.468139477969,263.7982787807,197.44222454651,473.490515503757,392.013234720555
C11orf71,89.2624593341865,63.6997993858603,101.416568756551,96.6342585635036,89.2624593341865,386.269555454411,629.078344510757,386.410351686914,80.865989096691,140.972690981116,167.94874340379,304.673777532976,231.496529750378,439.381500582622
FARP1,11.9016612445582,22.622358660399,46.326086962869,44.3276415428916,11.9016612445582,33.9449003278118,50.3838491026922,53.7526211008043,15.7239423243566,58.7386212421316,68.7063041197322,37.4459391381312,54.1447730681076,75.1358699881063
MAP3K8,3143.03037366708,1770.49722779017,2365.13454791512,4889.33886218094,3143.03037366708,1399.93451007114,1684.26009857571,2912.78354342472,10915.7853893158,18580.2006713111,4856.09371710453,3833.10249723052,3024.37232423287,6463.31820745514
MYOZ3,54.5492807042251,42.863416409177,108.928907182962,50.5335113588964,54.5492807042251,106.516756201065,100.767698205384,66.9372262764733,114.560151220312,118.652014909106,70.4027560733059,113.188861485715,151.384365516954,138.838020630196
TNFAIP6,1585.89636083738,1120.40207891765,2872.21739169788,2904.34707389025,1585.89636083738,2625.46246328558,5409.78585508335,3385.40092895255,28096.4386561503,39042.38676722,21218.3728093222,16437.9162375683,12368.7656599564,33925.478688108
MT1M,4.95902551856592,3.57195136743142,8.76439483081306,6.20586981600482,4.95902551856592,18.7282208705169,8.63723127474724,22.3124087588244,25.832190961443,24.6702209216953,23.7503273500309,39.1480272807735,55.2497684368445,37.5679349940531
DLGAP1-AS2,429.451609907808,394.105300873266,682.370740399017,529.272040022125,429.451609907808,1494.74612822813,1764.87425714002,1136.91864630192,486.3190733176,689.591413382625,581.03479409897,1659.53593907627,1585.66835413744,2033.56865511288
TSEN54,184.475749290652,163.71443767394,13.7726204484205,89.541835916641,184.475749290652,55.0141488071433,12.9558469121209,34.4828135363651,152.74686829375,16.4468139477969,62.7687222822245,36.59489506681,141.99190488269,8.16694239001155
TMCC3,17398.2451293367,15536.2024726429,35604.7279719759,14964.1252320493,17398.2451293367,5775.31511094564,11221.2029644425,8611.57558050811,9064.85274999157,21607.5892101305,10395.8575714992,5532.63750765888,3669.68961957521,7858.23196766912
ORM2,247.951275928296,138.115452874015,170.279670998654,604.629030645041,247.951275928296,227.079678055017,164.107394220198,666.329661570348,484.072795842692,657.872557911874,795.635966226035,245.100692540495,122.654485929795,181.306121058256
CYP26A1,0.0,3.57195136743142,0.0,6.20586981600482,0.0,5.85256902203652,2.87907709158241,8.11360318502707,7.86197116217829,1.17477242484263,4.24112988393409,22.1271458543502,16.5749305310533,3.26677695600462
TUBB,2091.7169637311,2365.82245569541,1285.86192732072,1607.32028234525,2091.7169637311,2021.47734021142,1563.33886072925,1645.03304576424,3485.09950231989,4199.81141881241,2303.781752953,2664.61898730656,2735.96853299254,1755.89261385248
EIF1,25788.9163067502,21192.3874629706,28717.1656913612,41275.240146248,25788.9163067502,49045.6989184705,74946.6953095276,63280.0196408224,36628.9236445887,40486.1820773516,58290.0891247901,64978.0658894421,37884.7662171443,85164.8752430405
SLC22A13,13.8852714519846,10.7158541022942,81.3836662861213,33.6890075725976,13.8852714519846,2.34102760881461,25.9116938242417,13.184605175669,19.0933585367187,101.030428536466,9.33048574465499,8.51044071321163,4.41998147494756,13.0671078240185
TRIM16,57.5246960153646,76.2016291718702,75.123384264112,89.541835916641,57.5246960153646,110.028297614287,73.4164658353515,98.3774386184532,106.698180058134,103.379973386152,106.876473075139,129.358698840817,149.726872463849,153.538516932217
FOXQ1,18.8442969705505,1.78597568371571,2.50411280880373,66.4914623143373,18.8442969705505,372.223389801523,96.4490825680108,602.43503648826,2.24627747490808,0.0,75.4921119340268,11.9146169984963,7.73496758115823,32.6677695600462
SLC35B2,181.500333979513,279.802857115461,269.192126946401,412.247066348891,181.500333979513,181.429639683132,169.865548403362,248.479097541454,5280.9983435089,5235.96069752361,5737.40050698603,6562.40083395749,6557.0425180847,6099.07257686063
PDZK1,11.9016612445582,4.16727659533665,16.2767332572243,2.65965849257349,11.9016612445582,19.8987346749242,10.0767698205384,7.09940278689869,26.955329698897,15.2720415229542,19.5091974660968,36.59489506681,29.834874955896,42.4681004280601
ENPP1,134.885494104993,193.480699069202,206.589306726308,286.356564367079,134.885494104993,179.088612074318,243.282014238714,310.345321827285,211.15008264136,271.372430138648,279.91457233965,293.610204605801,316.581173143119,490.016543400693
MIR4260,1.98361020742637,0.595325227905236,0.0,2.65965849257349,1.98361020742637,2.34102760881461,8.63723127474724,4.05680159251354,1.12313873745404,11.7477242484263,8.48225976786818,14.4677492124598,13.8124421092111,34.3011580380485
LOC101929337,12.8934663482714,27.9802857115461,33.8055229188504,19.5041622788723,12.8934663482714,28.0923313057753,38.8675407363626,38.5396151288786,25.832190961443,62.2629385166595,71.2509820500927,51.9136883505909,83.4271503396352,84.9362008561202
EHD1,9848.62467987191,11196.2815612138,10417.1092846235,20358.7992078192,9848.62467987191,14466.3801086699,19465.4402161887,19837.7597873912,55337.0455943606,95054.3612112919,45442.858480377,53931.5138436934,48221.9978916779,87438.5520044197
KCTD12,1754.50322846862,1484.74111839566,2018.31492389581,1641.00928991785,1754.50322846862,1017.17649602995,1233.68453374306,1177.48666222705,890.649018801055,1076.09154115585,1261.312027482,931.893258096673,683.992133248135,839.561677693188
TMEM184A,27.7705429039691,29.1709361673566,43.8219741540653,51.4200641897542,27.7705429039691,52.6731211983287,77.7350814727252,47.667418712034,32.5710233861672,68.1368006408727,55.1346884911431,62.977261277766,103.869564661268,91.4697547681294
PTCH2,33.7213735262482,29.1709361673566,32.5534665144485,50.5335113588964,33.7213735262482,128.756518484804,37.4280021905714,83.1644326465275,123.545261119945,71.6611179154006,138.260834216251,272.334102822772,453.048101182125,173.139178668245
ZC3HC1,30.7459582151087,39.8867902696508,23.7890716836355,18.6176094480145,30.7459582151087,52.6731211983287,83.49323565589,42.5964167213921,31.4478846487132,25.8449933465379,23.7503273500309,42.5522035660581,38.1223402214227,32.6677695600462
MLLT1,3142.03856856337,3868.42333092822,3794.98296174206,5667.73224767411,3142.03856856337,2755.3894955748,3728.40483359922,5381.34731246921,2802.23114994783,3337.52845897792,5891.77763476123,3980.33312156908,2960.28259284613,3296.17794860866
LOC441454,43.6394245633801,29.1709361673566,30.0493537056448,23.0503736023036,43.6394245633801,124.074463267174,89.2513898390548,58.8236230914463,55.033798135248,24.6702209216953,25.4467793036045,40.8501154234158,49.72479159316,39.2013234720554
DDIAS,203.320046261203,174.430291776234,136.474148079803,122.344290658381,203.320046261203,121.73343565836,142.514316033329,56.7952222951895,105.57504132068,123.351104608476,95.8495353769104,74.8918782762623,67.9572151773187,96.3699202021363
KCNJ1,7.93444082970547,10.7158541022942,21.2849588748317,38.1217717268867,7.93444082970547,30.4333589145899,46.0652334653186,106.49104180348,15.7239423243566,32.8936278955937,55.98291446793,39.1480272807735,41.4373263276334,32.6677695600462
NPM3,23.8033224891164,22.0270334324937,37.561692132056,9.75208113943614,23.8033224891164,8.19359663085113,7.19769272895603,5.07100199064192,7.86197116217829,15.2720415229542,1.69645195357363,4.25522035660581,16.5749305310533,6.53355391200924
RGS18,11559.4884837772,6360.45473493954,11289.7925984916,7085.33022421579,11559.4884837772,5248.58389896236,4810.93782003421,4658.22242860367,6298.56203964227,5688.24808108803,5186.90184805139,5495.19156852075,2033.19147847588,4601.25534253251
LOC101929450,176.541308460947,180.383544055287,328.038777953289,257.986873779629,176.541308460947,304.333589145899,377.159098997296,388.438752483171,309.986291537316,417.044210819135,366.433621971905,392.331316879056,533.160265415549,749.725311403061
IFIH1,2338.67643455569,1591.3043341907,2035.84371355743,928.220813908149,2338.67643455569,2439.35076838482,1998.07950155819,972.61818180512,5969.48238956823,6851.27278168223,1361.40269274284,4942.01292216199,4166.93753550681,7206.5099649462
LOC100128573,86.287044023047,112.51646807409,189.060517064682,175.537460509851,86.287044023047,122.903949462767,293.665863341406,203.854280023805,124.668399857399,239.653574667897,177.279229148445,184.676563476692,228.734041328536,429.581169714608
LOC100996342,8.92624593341865,8.92987841857854,5.00822561760746,18.6176094480145,8.92624593341865,11.705138044073,2.87907709158241,23.3266091569528,4.49255494981617,2.34954484968527,25.4467793036045,16.1698373551021,9.39246063426356,1.63338847800231
LOC102724699,3101.37455931113,3907.71479596997,4964.4036434534,4616.28059027673,3101.37455931113,5596.22649887132,7599.32398323178,6010.1515593088,3674.90994894962,4899.97578401862,4241.12988393409,10947.8309334754,8022.26637702982,8501.78702800203
CCBE1,315.394022980792,314.92704556187,483.29377209912,406.041196532887,315.394022980792,379.246472627967,521.112953576417,510.142800258577,589.647837163372,670.795054585143,776.126768759938,829.767969538134,1370.74675491811,1556.6192195362
NBPF20,7637.89110369523,4985.25345847845,8269.83255107433,7877.90845500269,7637.89110369523,8220.5184483525,9097.88360940043,6780.94386188638,8097.83029704364,8500.65326616129,7009.73947216626,6885.79758105953,3753.11676991485,8189.80982870358
CFAP44,59.508306222791,81.5595562230174,67.6110458377008,34.5755604034554,59.508306222791,66.7192868512164,82.0536971100988,28.3976111475948,55.033798135248,72.8358903402432,27.1432312571782,65.5303934917295,97.2395924488463,81.6694239001155
SNORA67,76.3689929859151,74.4156534881545,37.561692132056,143.621558598969,76.3689929859151,276.241257840124,217.370320414472,249.493297939582,95.4667926835936,48.1656694185479,166.252291450216,206.803709331043,170.721784469849,236.841329310335
FUT4,332.254709743917,279.207531887556,302.997649865252,291.675881352226,332.254709743917,265.706633600458,279.270477883494,237.322893162042,965.899314210476,1303.99739157532,481.792354814912,351.48120145564,435.920672966703,632.121340986894
RGS17,10.909856140845,22.0270334324937,52.5863689848784,42.5545358811759,10.909856140845,57.3551764159579,115.163083663297,44.6248175176489,37.0635783359834,32.8936278955937,36.4737170018332,38.2969832094523,41.9898240120018,107.803639548152
PRKDC,25899.9984783661,14482.4768192507,54532.0646373189,14428.6473222112,25899.9984783661,24297.5255518868,52946.2277142006,9672.4291969504,20134.5081463386,44730.6348483081,10022.638141713,12838.8508599511,5107.84109198627,35451.0635265621
GOLGA6L2,6.94263572599229,8.92987841857854,26.2931844924392,7.97897547772048,6.94263572599229,0.0,4.31861563737362,2.02840079625677,0.0,1.17477242484263,2.54467793036045,0.851044071321163,1.65749305310533,1.63338847800231
CXCL6,261.83654738028,250.631920948104,262.931844924392,249.121345471051,261.83654738028,167.383474030245,224.568013143428,264.706303911508,169.59394935556,217.332898595887,184.065036962739,152.336888766488,72.9296943366347,155.17190541022
TUNAR,10.909856140845,29.1709361673566,28.7972973012429,25.7100320948771,10.909856140845,71.4013420688456,61.9001574690219,106.49104180348,35.9404395985293,17.6215863726395,27.991457233965,60.4241290638026,46.9623031713178,73.502481510104
ABCC6P2,25.7869326965428,17.2644316092518,66.3589894332989,21.2772679405879,25.7869326965428,11.705138044073,20.1535396410769,8.11360318502707,14.6008035869025,25.8449933465379,11.0269376982286,5.95730849924814,6.07747452805289,11.4337193460162
IGF2BP2-AS1,0.991805103713184,11.3111793301995,10.0164512352149,29.2562434183084,0.991805103713184,15.216679457295,30.2303094616153,58.8236230914463,10.1082486370864,21.1459036471674,16.1162935589495,31.488630638883,17.6799258997902,34.3011580380485
MIR4734,0.0,1.19065045581047,0.0,0.886552830857831,0.0,0.0,0.0,3.04260119438515,5.61569368727021,1.17477242484263,7.63403379108136,29.7865424962407,2.76248842184222,3.26677695600462
TRAF1,211.254487090908,594.134577449426,396.901880195391,164.012273708699,211.254487090908,198.987346749242,541.266493217494,156.186861311771,3094.24722168589,11415.2636521959,1487.78836328408,1602.51598629775,3737.09433706816,14532.2572887866
NCR1,501.853382478871,374.459568352393,1140.6233844101,386.537034254014,501.853382478871,278.582285448939,590.210803774395,92.2922362296829,545.845426402664,1227.63718396055,184.913262939526,247.653824754458,304.426224087013,421.414227324596
HERC2,240.01683509859,295.876638268902,782.535252751166,79.7897547772048,240.01683509859,261.024578382829,620.44111323601,59.8378234895747,226.874024965716,621.454612741753,56.8311404447168,145.528536195919,349.731034205226,646.821837288915
DNAH3,0.991805103713184,0.595325227905236,1.25205640440187,2.65965849257349,0.991805103713184,9.36411043525844,8.63723127474724,14.1988055737974,1.12313873745404,3.5243172745279,5.0893558607209,5.10626442792698,4.41998147494756,13.0671078240185
CFLAR-AS1,49.5902551856592,102.395939199701,287.972973012429,117.911526504092,49.5902551856592,39.7974693498484,217.370320414472,76.0650298596288,183.071614205009,1616.48685658346,148.439545937693,134.464963268744,183.981728894692,1295.27706305583
MAPT,8.92624593341865,10.120528874389,7.5123384264112,1.77310566171566,8.92624593341865,29.2628451101826,20.1535396410769,12.1704047775406,8.98510989963233,19.9711312223248,6.78580781429454,11.9146169984963,18.7849212685271,19.6006617360277
SNORA31,13.8852714519846,8.33455319067331,7.5123384264112,29.2562434183084,13.8852714519846,46.8205521762922,41.746617827945,125.76084936792,15.7239423243566,1.17477242484263,28.8396832107518,78.296054561547,40.8848286432649,52.2684312960739
ERVK13-1,691.288157288089,848.338449764961,1083.02878980761,1265.99744246498,691.288157288089,1047.60985494454,1079.6539093434,1233.26768412411,1409.53911550482,2521.06162371229,2932.31720175203,1542.94290130527,1596.71830782481,1724.85823277044
LOC100129518,62.4837215339306,66.6764255253864,23.7890716836355,31.9159019108819,62.4837215339306,90.1295629393625,38.8675407363626,42.5964167213921,303.247459112591,81.0592973141416,78.885015841174,221.271458543502,192.269194160219,78.4026469441109
OSGEPL1-AS1,60.5001113265042,58.3418723347131,78.8795534773176,58.5124868366169,60.5001113265042,91.3000767437698,110.844468025923,141.988055737974,113.437012482858,111.60338036005,183.216810985953,205.952665259721,195.584180266429,318.510753210451
LINC01268,32.7295684225351,26.7896352557356,47.5781433672709,23.0503736023036,32.7295684225351,49.1615797851068,71.9769272895603,43.6106171195205,144.884897131571,479.307149335794,73.7956599804531,59.5730849924814,96.1345970801094,223.774221486317
FAM83C,0.0,0.0,0.0,3.54621132343132,0.0,1.1705138044073,0.0,12.1704047775406,2.24627747490808,0.0,1.69645195357363,4.25522035660581,2.76248842184222,4.90016543400693
PAICS,146.787155349551,246.464644352768,262.931844924392,318.272466277961,146.787155349551,230.591219468239,302.303094616153,326.57252819734,257.198770876976,456.986473263784,415.630728625541,542.115073431581,462.440561816388,695.823491628984
C1QTNF3,17.8524918668373,14.2878054697257,18.780846066028,19.5041622788723,17.8524918668373,18.7282208705169,27.3512323700329,14.1988055737974,31.4478846487132,27.0197657713805,19.5091974660968,44.2542917087005,71.2722012835294,24.5008271700347
MTMR7,123.975637964148,54.7699209672817,106.424794374159,66.4914623143373,123.975637964148,69.060314460031,41.746617827945,44.6248175176489,88.7279602588693,86.9331594383548,45.8042027464881,32.3396747102042,30.9398703246329,40.8347119500578
RNVU1-19,0.0,0.595325227905236,2.50411280880373,0.886552830857831,0.0,2.34102760881461,5.75815418316483,3.04260119438515,3.36941621236213,0.0,4.24112988393409,5.10626442792698,2.20999073747378,13.0671078240185
ABHD17C,33.7213735262482,260.157124594588,175.287896616261,135.642583121248,33.7213735262482,21.0692484793315,59.0210803774395,37.5254147307502,21.3396360116268,129.22496673269,39.8666209089804,28.9354984249195,59.669749911792,34.3011580380485
LINC00648,1.98361020742637,3.57195136743142,7.5123384264112,3.54621132343132,1.98361020742637,8.19359663085113,7.19769272895603,6.0852023887703,4.49255494981617,5.87386212421316,5.93758183750772,12.7656610698174,11.6024513717373,17.9672732580254
NAIP,9717.70640618177,4531.02030958675,8978.49647596578,18382.6729478371,9717.70640618177,11774.1983585331,18139.625215515,19890.4982080939,7161.13259000697,7831.03298400099,16251.1614892586,9406.59012031281,3077.96459961661,9932.63533473205
