,baseMean,log2FoldChange,lfcSE,stat,pvalue,padj
NFKBIA,120420.404741468,3.8645406976828,0.138329579558989,27.9371968743302,9.4321479544209e-172,1.40661622444279e-167
KCNJ2,23889.3597738935,4.36268104773773,0.165933301414392,26.291775132242,2.3814877049558004e-152,1.7757563072003e-148
IL1RN,231523.983057724,5.31507833890552,0.219969006404677,24.1628510569684,5.47109158095774e-129,2.71967962489409e-125
SLC35B2,2671.20660577994,4.34061584723599,0.209051184517043,20.7634118757271,9.2742577327851e-96,3.4576751392256e-92
NFKBIE,4940.68103090202,4.21614886120172,0.215346674923862,19.5784256371379,2.3620882700345902e-85,7.04516447420515e-82
TNFAIP3,205719.242112942,4.20483939152333,0.217549014573922,19.3282392005253,3.1084672407505097e-83,7.72609532688539e-80
NFKBIZ,60696.3788881226,3.39368808455653,0.179624799676128,18.8932045612605,1.2972637697388e-79,2.7637277997306804e-76
CCL20,566.062382411689,6.75573625933412,0.38897575544561,17.3680137251607,1.4412938097545202e-67,2.68675182310865e-64
PRDM7,530.382954794414,3.37125906401672,0.195161902419624,17.2741658193517,7.363031981390881e-67,1.22005439931647e-63
CD83,7401.72560978144,2.99722408884882,0.174371877187104,17.1886896969787,3.22744228412387e-66,4.81308467831393e-63
LOC101929319,874.949602954654,3.84927689778012,0.229217616146609,16.793111116373,2.74092424766005e-63,3.71594575503221e-60
GPR84,4472.9944522972,6.15807486384335,0.389719527659426,15.8012992082472,3.04770112803148e-56,3.78753057686113e-53
RFX5,1004.66681553511,1.83122707641278,0.121361317648565,15.0890507114928,1.9117296623182e-51,2.19304803493472e-48
TNFAIP6,12327.0548094162,3.59972912857624,0.239722577087196,15.0162290607567,5.74863547351348e-51,6.12352862975046e-48
PPP1R15A,144358.502997098,3.66841307927818,0.245983182316641,14.9132678288389,2.70198454387009e-50,2.68631303351564e-47
CCL4L2,1657.62052069326,6.05794466810202,0.422310228491715,14.3447737217685,1.1487433714982e-46,1.07070061869704e-43
EPM2AIP1,2438.76466875426,3.46772450814107,0.242618320895259,14.2929210594864,2.42232005384457e-46,2.12494464488142e-43
LOC100130476,1308.97057161869,4.09187533751002,0.293250825042941,13.9534998304296,2.99538225155495e-44,2.48167419541328e-41
NR1D1,299.252282547718,3.78127512374444,0.278570292333512,13.5738635016307,5.7224415479698396e-42,4.49151425288812e-39
ZFP36,228125.826255964,3.07637994930185,0.239464900309468,12.8468929906895,8.95346440868162e-38,6.676150736333451e-35
LOC100506801,414.237563562101,2.14980598150641,0.171702184733459,12.5205511207889,5.76335681674546e-36,4.0928066765773895e-33
CHP2,898.541713455081,3.56800927498492,0.288144372154367,12.3827137358541,3.2419239824055704e-35,2.19758237952792e-32
TNF,1400.33464019783,5.31046995472137,0.429016988739225,12.3782276555703,3.4283000678027e-35,2.22287995265834e-32
CCL3L1,100.155993311176,6.57339286021587,0.535505091250872,12.2751267310293,1.2319874913216099e-34,7.65526227419965e-32
KCNJ2-AS1,778.629589057591,2.91843544823798,0.238531820078515,12.2349942547596,2.02119148567948e-34,1.20568114503752e-31
CFAP58-AS1,1086.30977859951,2.55164705903257,0.209079738070013,12.2041814409492,2.9526290114082097e-34,1.69355986335118e-31
APLP1,653.994785581507,3.56456834805994,0.297090352654525,11.9982635457875,3.62828818226578e-33,2.0040245060048e-30
IL1A,34313.2027487413,7.29328145255975,0.613685491680978,11.8843960814233,1.42662451836501e-32,7.59830408656338e-30
CTDSPL,769.21222858693,4.31503002291876,0.38139733347671,11.3137393583331,1.12203489273873e-29,5.76996770876299e-27
ICAM1,130172.537358869,3.08315652760177,0.273191121042393,11.2857127853849,1.54385012888931e-29,7.67447899070874e-27
OR2B11,125.512056261326,4.87563498551006,0.446292151643275,10.9247607594211,8.77713942856277e-28,4.2223703321986e-25
NLRP3,10859.6528235257,3.42660249139633,0.315889907297292,10.8474579663334,2.0504886157366998e-27,9.55591772702546e-25
PNPLA1,811.950347207231,2.68964634577956,0.248670422707258,10.81610879371,2.88779256272412e-27,1.3050197117546901e-24
PLAU,5966.11266987186,3.40596106386325,0.317588039330575,10.7244626436263,7.813992718949409e-27,3.39684105885866e-24
LINC00528,2585.59777442071,1.9884606325345,0.185445592668654,10.7226092781153,7.97220123784973e-27,3.39684105885866e-24
IER3,28785.2244451232,2.83616451053295,0.265838421684781,10.6687531943593,1.42525958679928e-26,5.90413783831601e-24
CAMK1G,244.713544603637,5.27515771063798,0.516984207608077,10.2037115118941,1.9083724037031802e-24,7.69177233957446e-22
DUSP2,3492.6903351267,3.43176876690022,0.338252365857156,10.1455868851172,3.46688238579457e-24,1.36056886893038e-21
PPP1R15B,48111.8621047935,1.83836163582304,0.182370785130012,10.0803516007922,6.74842033874262e-24,2.58049211568381e-21
C10orf55,205.162948647099,3.11607783465459,0.310659246888003,10.0305330224984,1.11910820502145e-23,4.17231516537124e-21
XBP1,4096.05584032485,3.36994683856356,0.337719938387225,9.97852497147985,1.8925925366222801e-23,6.883959146011731e-21
BIRC3,8767.14204618856,3.18397256900713,0.319274351318507,9.97252850364672,2.01044306700352e-23,7.13850891862463e-21
KLF10,2623.03734685887,2.26772282255739,0.230236716073008,9.8495273092685,6.88670933059979e-23,2.3884068894705703e-20
CXCL3,323.392348988498,4.1564604213282,0.432138453701048,9.61835352936129,6.68932910895164e-22,2.26722647731354e-19
CXCL2,3829.7241238245,3.33665513191379,0.347635840472742,9.59813328618922,8.14053393246686e-22,2.6977729452195203e-19
TNFAIP2,92967.3135035493,1.93377241717509,0.202715818819772,9.5393266713652,1.43762661682536e-21,4.66072298624273e-19
GPR132,5429.76988732179,1.79134925799148,0.188540269033053,9.50114936813542,2.07586252298394e-21,6.586667618140331e-19
PLK2,1273.20501967353,2.58460803688728,0.273221783161263,9.45974368142447,3.0869898142475202e-21,9.59089147914028e-19
IL23A,304.13752688019,3.87991548069815,0.41181122779981,9.42158741379498,4.44319056606124e-21,1.35227144717697e-18
GCH1,2555.74962688266,2.32060649245493,0.247412633441298,9.37949877569825,6.6287085919746705e-21,1.9770786246423697e-18
NFKBID,12355.1320052542,2.64427570081325,0.28245112835825,9.36188754558404,7.83247284737278e-21,2.29030720731118e-18
CLEC4E,8749.19621563778,1.17904726060873,0.126357832424819,9.33101841003994,1.0485846014737101e-20,3.00721964649565e-18
RALGDS,3348.2190292991,2.36278013943266,0.253344404497354,9.32635612821414,1.0957325418800701e-20,3.08314328246368e-18
IER5,6708.61298468022,3.02101504263399,0.324793896387015,9.30132947767662,1.38700368928041e-20,3.8304418552294e-18
TIFA,1795.8990643938,3.90676474570351,0.420685192941836,9.28667043967877,1.5919020976767402e-20,4.3163701786642096e-18
HCG26,1009.03853123542,1.72760139870132,0.188095200244395,9.18471814515531,4.1260643379930404e-20,1.0987856691516101e-17
MIR3945,675.164064272391,2.33807447568738,0.255680361784222,9.14452114887324,5.98946195121327e-20,1.56703238734112e-17
PSD,235.307307663061,2.99875555570843,0.329357330615352,9.10486962626802,8.63701084397248e-20,2.2207541847614102e-17
CCRL2,1398.39465652411,2.24151552518615,0.246508686374295,9.09304884203014,9.62999672150002e-20,2.43410408657169e-17
PELO,363.853789569785,-2.40198707453044,0.268943331505203,-8.93120145826694,4.21406905788888e-19,1.04740686433828e-16
C15orf48,139.736912079477,4.01646038961007,0.457830247530161,8.77281571341674,1.7425309472901598e-18,4.26005967490788e-16
TGIF2,1857.10825935851,1.43586759058937,0.164329397942263,8.73774022523869,2.3781959433778e-18,5.72032840380533e-16
SH2D3A,349.702690332502,3.5245191175205,0.406781623895242,8.66440102129138,4.5389302119954496e-18,1.0744296230395e-15
TMEM205,318.849880922605,1.65080648181803,0.190973265423565,8.6441758125498,5.41950535482966e-18,1.26282942744648e-15
TAGAP,61979.7381349002,1.86922313099837,0.217327587288599,8.60094732711565,7.9060766127079e-18,1.8138972388509703e-15
TICAM1,1473.31005256008,2.02060887845332,0.236931028927576,8.52825772799465,1.48568254851004e-17,3.3569672493833805e-15
GADD45B,8926.26874145047,3.45361712126333,0.409298284543476,8.43789786491636,3.23095761192563e-17,7.19153296517117e-15
HCP5,8187.03740249456,1.31547987240669,0.156041182033489,8.43033778175538,3.44668870768929e-17,7.55889245555446e-15
NFKB2,21255.627204336,1.81626705625889,0.217245560358946,8.36043348024209,6.248822426795931e-17,1.3505607079827201e-14
BTN2A2,1062.86063662276,1.99483555998607,0.239478622821466,8.32991077234166,8.090330750353521e-17,1.7235871782860302e-14
NFKBIB,1772.71045965122,1.40577311753097,0.169015840589818,8.31740452625751,8.991046799345951e-17,1.88849973124854e-14
C1orf74,1148.97144874461,-2.12848092662801,0.257998458372098,-8.24997536829545,1.5842717714861e-16,3.28142290669059e-14
LOC101928865,102.035383828729,2.43184028050221,0.299882776460574,8.10930293898331,5.09109736559443e-16,1.04004842483712e-13
PIM3,7551.717330155,2.00683122711493,0.250843834911552,8.00032110744336,1.24095163515909e-15,2.50085293717939e-13
TULP2,779.228945023918,5.1125552030614,0.639910513398776,7.98948461700829,1.3550403298915501e-15,2.6943621919563497e-13
EHD1,35776.096325105,2.24391905499927,0.281102172530557,7.98257457350441,1.4331217024053602e-15,2.81212420368041e-13
TRAF3IP3,2616.908844585,-1.29829057012074,0.162747334000566,-7.97733848049533,1.4952237629138402e-15,2.89587947744598e-13
EREG,1086.64425365559,2.52409653649513,0.31773879254262,7.94393569729628,1.95865157182362e-15,3.74479113982124e-13
MRPL24,98.5439553454036,3.83977935614264,0.489235775115712,7.84852529485292,4.209577276469711e-15,7.946509610631999e-13
FFAR2,49406.8215835467,1.59591186002408,0.204648966745077,7.79828936059102,6.2751988845236204e-15,1.16977551206126e-12
CNOT11,3655.41851927544,-1.37848187541386,0.177779275671125,-7.75389521759511,8.911586892941911e-15,1.64072216462275e-12
LINC00309,318.64802540663,2.09768107346068,0.276171869092566,7.59556387967086,3.0645500872593703e-14,5.57337017698767e-12
SSSCA1-AS1,102.931055061414,1.93220097954634,0.260798327397113,7.40879360243831,1.27453482660094e-13,2.2900166107349198e-11
ARL5B,11250.5583270816,2.22429794371798,0.304089420973204,7.31461797190894,2.5811465802855197e-13,4.5285457590350597e-11
GBP1,13018.7963839323,1.46762805019694,0.200821832329178,7.30811004548189,2.7092587844135996e-13,4.6440432473517293e-11
LOC731424,23763.158620493,2.09762166897102,0.286973337582915,7.30946535534843,2.6820739256478997e-13,4.6440432473517293e-11
RNF19B,29002.9127368249,1.07801931233055,0.14845271646662,7.26170148980028,3.82251055683942e-13,6.4778522652439e-11
LINC01602,149.751550448229,2.23945669595722,0.309290205210024,7.24063244885662,4.46597203844857e-13,7.4832630347622e-11
KMT2E-AS1,803.166944367119,0.993694138887301,0.138212470554066,7.18961273829911,6.49753502117225e-13,1.07664155300824e-10
CD274,994.839046016608,1.84401647615188,0.26120455592399,7.05966429118675,1.66905337368146e-12,2.7352299957924903e-10
DUSP1,85939.5252733491,1.18196380222561,0.167656010239566,7.04993397216531,1.79002710681226e-12,2.90159502650992e-10
LOC101929524,90.312535226531,2.28248812377389,0.325592647974073,7.01025695136593,2.3788084158637097e-12,3.81453439847049e-10
TRIP10,71.2478465309867,4.06946490654413,0.581058051908382,7.00354274960771,2.49569712698053e-12,3.95939694198518e-10
GBP1P1,390.249687571697,1.47643646116645,0.211023684897628,6.99654383290059,2.6235372025658698e-12,4.11840108440682e-10
KCNE1,515.980213933336,1.64883274389642,0.237981080590718,6.92841943487137,4.25568412764892e-12,6.61093931204462e-10
ASTL,196.166045301187,3.35806977058259,0.487875666170977,6.88304419225891,5.8586842216667096e-12,9.00727399976451e-10
LOC101928700,168.609684910039,2.37446292925734,0.346146488856335,6.85970537243508,6.90027121342584e-12,1.05003821026346e-09
NCR3LG1,498.075482602656,4.653215697826,0.679691063197136,6.84607456207849,7.590392805268879e-12,1.1433891707573202e-09
BCL2A1,55278.3402679963,1.73499542658418,0.254086760018545,6.82835826021612,8.58918731147123e-12,1.2809055037597e-09
SLC38A2,10497.2564670448,-1.1536961256193,0.169070380667556,-6.82376251277163,8.868645055105269e-12,1.3094861753147e-09
HDGF,3954.01336820456,1.7251506654984,0.252963845406317,6.8197519006221,9.119787044452329e-12,1.3333665117050702e-09
LOC100129518,98.1483881786158,1.82118928409839,0.267799297813186,6.80057527771726,1.0420220471223399e-11,1.5087062901684901e-09
GTF3C6,103.477197340381,2.34541200885885,0.345654828127139,6.78541660062146,1.1575200294554499e-11,1.6598169422374102e-09
BYSL,50.812182018028,2.61193118782969,0.386766776378376,6.75324600599723,1.4457349432107598e-11,2.05335668648591e-09
LOC152225,23.4585521982798,4.74384094836725,0.702785083441755,6.75005924305508,1.47784799691046e-11,2.07916482810619e-09
TMEM170B,6412.75448861501,-1.60832937963187,0.238521614975997,-6.74290830956231,1.55247189079616e-11,2.1637395614432804e-09
NBN,13152.6717777641,2.13122286525394,0.317088721299738,6.72121940041928,1.8021000274270297e-11,2.48839978787215e-09
TSIX,3244.43326782543,2.00469336356428,0.298575782724523,6.71418607789061,1.89118848591261e-11,2.58745815508392e-09
OSM,59086.9221896857,1.22618092249223,0.183455003325433,6.68382382745428,2.3278663506903698e-11,3.1559518988950404e-09
JUNB,136756.825065914,1.58632220148638,0.237561827502754,6.67751304223315,2.4303098902319397e-11,3.2651541795521603e-09
BTG2,112132.688700058,1.48301076043569,0.222224387689101,6.67348339152799,2.4980186539273597e-11,3.3261564451802404e-09
PRR7,688.071479386978,1.22673341482317,0.184459709430619,6.6504138958572,2.9226994395040596e-11,3.857187322241061e-09
SNX30,1123.49994119519,1.38571029351233,0.20882487221027,6.63575310184807,3.2284986080577195e-11,4.22338594227761e-09
SOD2,183589.552060456,1.0124938938677,0.15343767067392,6.59873086850628,4.1469232189884495e-11,5.377657909980421e-09
ACAT2,177.872359251668,2.13121256886547,0.326118962712107,6.53507711155968,6.357677624390479e-11,8.173452276942691e-09
LINC01268,100.364001662235,2.37178238659978,0.363704527878873,6.52117915724622,6.9756802857258e-11,8.891309410344351e-09
G0S2,115886.484809854,1.99000702100806,0.306063171789684,6.50194863162278,7.928617699693929e-11,1.00202945555539e-08
ERVK13-1,1404.85070199253,1.20164198531939,0.185246591134682,6.48671577684117,8.772760727850049e-11,1.0993964767599e-08
ZC3H12A,12967.1582459843,2.15123607110328,0.339398083596511,6.3383860283099,2.3218449736648601e-10,2.885472841022e-08
PTGS2,175576.471767124,1.82835044380169,0.289132503512999,6.32357283109644,2.5558365423805003e-10,3.15001573194383e-08
LINC01465,70.0055228297033,2.63954146103229,0.418512824971779,6.30695477781424,2.84578933647309e-10,3.47862757170682e-08
LINC00678,324.533865128425,2.79055604585502,0.44320790260085,6.29626870251945,3.04895668393277e-10,3.69667406727557e-08
PTGER2,142.478167993868,2.02163118104757,0.322145897209566,6.27551428889511,3.48480472748141e-10,4.19103975007502e-08
NIPAL4,67.8866229276286,2.50042967906064,0.398581475386393,6.27332134950997,3.53426405221619e-10,4.216518384856e-08
CNTNAP2,784.303109405018,1.13551761412915,0.182121229177405,6.23495470164563,4.51908840159621e-10,5.3486639153178e-08
LINC01093,466.631376102185,2.34239497541728,0.376063194723001,6.2287270019674,4.70240368856437e-10,5.52180678799689e-08
MTF1,6986.40118085029,1.17703503775312,0.189089503725624,6.22475079029791,4.82322048798864e-10,5.61942868260739e-08
PACERR,127.508767947155,1.55036043807232,0.249977778232591,6.20199302927556,5.57525479297976e-10,6.44525385486102e-08
SLC2A6,159.67306630482,1.61792753525717,0.260982073499702,6.19938187156374,5.66853439702885e-10,6.50268103560702e-08
HCST,720.716557052548,1.28955454719148,0.20909431927502,6.16733420430871,6.94508701205852e-10,7.90626584815487e-08
REL,11690.2913834314,1.61574016210987,0.262257175962139,6.16089972059763,7.23327875769431e-10,8.17196106920419e-08
PLEK,223262.454634321,1.38565192676017,0.225747924610594,6.13804946003543,8.35408552710614e-10,9.36725394479201e-08
ABCF1,1503.47807776937,1.33596510946201,0.21778822709776,6.13423933545464,8.5567617205426e-10,9.52290951779491e-08
CXorf65,413.16381106781,1.01443182151852,0.166206929815984,6.10342675026636,1.0381815875741302e-09,1.14684459374022e-07
TRAF1,2738.79751829515,3.66732526431524,0.60515941985531,6.06009779240001,1.3603881381934602e-09,1.49172561065287e-07
GBP3,1311.53376114039,1.84826808692295,0.305183524636248,6.05625119876939,1.3933036941182101e-09,1.51666700659743e-07
LOC101927686,16.5525322901768,7.30994078298419,1.20766203750086,6.05296892341787,1.42200308450128e-09,1.53669072457737e-07
BATF3,61.5281770095616,3.69962171758295,0.61228797860147,6.04229030599829,1.5194175673076601e-09,1.63014922167331e-07
SNORD89,731.587885218858,-1.14830461036523,0.190661490685024,-6.02274012565152,1.71488672897476e-09,1.82672184208576e-07
LSMEM1,2702.79300779519,-1.96141059887907,0.325733019141803,-6.02152831802781,1.7277778592320101e-09,1.8274007953707e-07
DNAAF1,14.4499292886418,5.48056390846784,0.914644362066795,5.99201628060503,2.0725517130509604e-09,2.17661716174148e-07
LACC1,276.244522481061,2.36125262954843,0.394611339287071,5.98374246876536,2.1806801252733303e-09,2.27415962994414e-07
BCL3,26537.6921471468,1.35561495210332,0.227914400200894,5.94791268523804,2.7158338958608702e-09,2.81258547840092e-07
CXCL1,66641.5645888369,2.08476626181504,0.350706807726258,5.94447046902576,2.7735196254539704e-09,2.85251711547552e-07
NR4A1,888.00125602825,1.70106179831028,0.287941959737925,5.90765513945424,3.4701148724039e-09,3.54450843096982e-07
ETS2,40818.3785611761,1.76854293523617,0.299432664524378,5.90631265311465,3.4984973232427105e-09,3.54918983547745e-07
ATP8B1,241.734701688875,1.06978606006217,0.181458604754741,5.89548267224963,3.73587713537727e-09,3.73913662549538e-07
ZNF501,270.294746818415,1.01279867228927,0.171773111112803,5.89614210121725,3.7209856108539404e-09,3.73913662549538e-07
FUT4,463.707340232058,1.41945998873609,0.244290456543406,5.81054212604444,6.227086053297681e-09,6.19096895418856e-07
AZIN1-AS1,16.0772138619963,5.88701393023577,1.01406714948791,5.80534921499884,6.42319870368313e-09,6.34365313033288e-07
LINC00927,102.723435750586,1.34183279697163,0.231218986363306,5.80329850102903,6.502288233419491e-09,6.37951476480164e-07
LINC01277,62.7582011424404,2.44632248421765,0.422535429641747,5.78962688712707,7.0542949283449504e-09,6.87586276251034e-07
BCL2L15,843.010032633657,0.68421424483023,0.118343346628196,5.78160297409753,7.3992167355928904e-09,7.16522851804524e-07
HMGCS1,1338.5782784413,1.11498169671198,0.192960164820271,5.77829987733744,7.54592271088328e-09,7.26015131531628e-07
TMEM52B,468.186433944265,1.33281093459538,0.230796833991276,5.77482330041736,7.703388316336e-09,7.3641429462512e-07
SERPINB9,3544.87641915516,1.4735826697856,0.255312083043394,5.77169185343706,7.84795362389694e-09,7.45455620338695e-07
VILL,342.329267700989,3.98839100018678,0.700476495068988,5.69382560052064,1.24223974995616e-08,1.16512713151548e-06
LINC00536,277.007334460487,1.06151112311879,0.18694386690898,5.67823454532279,1.36092025711144e-08,1.26846273714393e-06
THBD,10595.3356710505,-2.17391033676635,0.38590536668866,-5.63327314004474,1.76821070047797e-08,1.63784634634957e-06
THUMPD3-AS1,282.988314141086,1.24540690150719,0.221160078241333,5.63124643204452,1.78911870971331e-08,1.64698316777497e-06
LYPD3,142.269553546411,3.15546196185149,0.561330065410052,5.6214020169157,1.89413918545293e-08,1.72748073705002e-06
FAM207A,127.870378701399,-1.38856314832654,0.247036046452101,-5.62089285458093,1.89973071062968e-08,1.72748073705002e-06
HMGA1,1098.13966834257,1.27022927332597,0.226462916517873,5.60899458885896,2.03505385894573e-08,1.83931867869441e-06
CARD17,78.859677771834,1.51448430473964,0.270899631644247,5.59057351074032,2.26320844991549e-08,2.03320648274637e-06
FAS-AS1,74.0412132157777,2.25082132830785,0.402718359185033,5.58907056748731,2.28288174974376e-08,2.03859973257058e-06
AP1AR,115.019757242272,1.62934080144259,0.291780289399618,5.58413594281919,2.34864944025635e-08,2.08484577991327e-06
C2orf61,103.328329085561,-1.84799342372925,0.333850394441467,-5.53539386053728,3.10529739951006e-08,2.72407647758197e-06
LOC101927472,101.701574604373,1.44342007436568,0.260867091661433,5.53316275032125,3.14507391487158e-08,2.74283551418011e-06
DUSP5,1194.39001201563,1.5271250476128,0.277417386646221,5.50479213316315,3.69604103377008e-08,3.20459650794263e-06
C6orf222,18.5596972125413,3.11852958434379,0.566782497036299,5.50216282374731,3.75160233190137e-08,3.23396795234943e-06
SIRT6,390.901619025926,1.05237246653622,0.191555998904325,5.49381106598411,3.93351307415663e-08,3.37129198131596e-06
MIR27A,671.135914322145,1.30151827717291,0.237114745131183,5.48898077364548,4.04259619324428e-08,3.4449849731344e-06
PTX3,1315.71106386636,1.70054592560447,0.310432253247758,5.47799369367477,4.30175460676012e-08,3.64500377560305e-06
SLC43A3,558.496953087128,1.40080398666785,0.255861764071293,5.47484690317985,4.37890022279682e-08,3.68940898432593e-06
CCM2L,45.1290731663704,3.68899138701763,0.675508943419802,5.46105484309638,4.73313790946309e-08,3.96546548560804e-06
HEY1,211.161788601108,-1.68459763626103,0.308649423218872,-5.45796463409047,4.81623554832206e-08,4.01254305766072e-06
LOC101927730,90.9816309265675,1.97148875962622,0.361960269927586,5.44669932979283,5.13130933619686e-08,4.2512897850391e-06
PDYN,35.2477168019909,5.78387184070982,1.06211020039051,5.44564192923035,5.16188844510644e-08,4.25299681667803e-06
HIPK1-AS1,376.974039561348,1.27182865390941,0.234219681898312,5.43006737777737,5.63327797419879e-08,4.61588321039706e-06
RHOB,4348.71856547702,-1.87108566039269,0.344842930287368,-5.42590697403441,5.76609861480312e-08,4.69889774003054e-06
LOC101927243,34.7638189373042,2.40416739701279,0.444681844692355,5.4064887642896,6.42722572046046e-08,5.20919658528407e-06
IRAK2,2150.0877983021,1.76372600094225,0.326961611110882,5.39429076994643,6.87947372556993e-08,5.54559954969862e-06
LINC01531,678.96249528436,1.18512639062745,0.219810151481016,5.39159080070878,6.98366549562577e-08,5.59932277076705e-06
LOC286059,454.806583797796,-1.74044000520951,0.324505416371088,-5.3633619576298,8.16870841113658e-08,6.51443575054972e-06
LOC284454,12548.9899129955,1.3228466377533,0.247386021152921,5.34729744060835,8.92772363813172e-08,7.0818692880563e-06
NSUN6,135.388768942451,1.08121810374939,0.203522095962775,5.31253424172256,1.08111103864998e-07,8.53048090972866e-06
MIR24-2,277.22178041304,1.37740149523508,0.259377184280444,5.31041887533871,1.09373561962656e-07,8.58467331341627e-06
MBD4,1944.59146831636,-0.984598712588825,0.185709811246366,-5.3018131135928,1.14658185973195e-07,8.9523430754883e-06
HSP90AB1,2991.81161649212,1.38129280060144,0.260743080350315,5.29752428615032,1.17383297004574e-07,9.11326856888508e-06
MEI1,99.5221067525594,1.57417004998192,0.297743189378712,5.28700607146272,1.24334514515544e-07,9.55773512871296e-06
SFR1,167.53968411649,1.27417493926319,0.241061948877986,5.28567426420383,1.25242580595998e-07,9.5781672021955e-06
MAPK6,1387.87555274707,1.65072386188044,0.312862602944722,5.27619423460495,1.31894291194876e-07,1.00354059417815e-05
CLOCK,218.434979295695,1.33508249669599,0.254593250415857,5.2439822914207,1.57147289189895e-07,1.18961295618726e-05
TKTL1,228.491865925401,-1.49604366955016,0.285922012473275,-5.23234869749665,1.67369637739938e-07,1.26059768061399e-05
IL17C,15.8736334496074,3.74703691284814,0.716385807185998,5.23047340589661,1.6907649947274e-07,1.26705418926481e-05
ZNF230,1133.01800456082,-1.27498999953721,0.244636559711918,-5.21177211222489,1.87045231041782e-07,1.39470276526305e-05
SLC11A2,425.556631432246,1.37484319937532,0.263968598372779,5.20835890272732,1.90518143790042e-07,1.41353088474671e-05
GPR35,103.687403186419,2.09601249652442,0.40392155391259,5.18915734063056,2.11247847592687e-07,1.55957383720284e-05
MIR23A,479.122899411633,1.48961567348024,0.288947444335701,5.15531700550219,2.5320220713894e-07,1.8581995715433e-05
LOC646736,188.258779568449,1.09251679406158,0.211950370461263,5.15458780130443,2.541894404847e-07,1.8581995715433e-05
MAN1B1-AS1,407.170289783048,0.731551099856665,0.141954319238297,5.153426142875,2.55769836365571e-07,1.86063198522915e-05
LOC440600,201.207418899624,1.09913001774825,0.214494959983392,5.1242696697086,2.98693231501484e-07,2.15188993303461e-05
LOC101927851,351.163324402726,1.09910086270884,0.214971516329471,5.11277438739525,3.17461372118916e-07,2.26604422607886e-05
DYX1C1,246.647871388306,1.23121411534219,0.240814603900679,5.11270535673159,3.17577444679462e-07,2.26604422607886e-05
VNN3,8039.26221671436,-1.17767821757323,0.231324113893253,-5.09103092519221,3.56121932479582e-07,2.52897446622286e-05
SMIM15,72.3071283560931,-1.22203526540623,0.240110675683166,-5.08946660505321,3.59072084830746e-07,2.53783981093882e-05
SEC24B-AS1,282.2877427881,0.860736739178755,0.169185098548693,5.08754462752538,3.62729047575154e-07,2.55159353136239e-05
OASL,1179.07920909212,-0.774172222027693,0.152461729661767,-5.07781345354782,3.81803285363362e-07,2.67316074864968e-05
WSB1,37461.3111942707,1.27870735308864,0.251954009095711,5.07516176336328,3.87166483612157e-07,2.69804381780752e-05
BRD2,26271.9185104542,1.01041778381272,0.199189426896336,5.07264767792404,3.92318459248875e-07,2.72123031757139e-05
TSPAN16,548.523910472331,-1.01107808709689,0.199993431723052,-5.05555646695944,4.29137627907214e-07,2.94918407602778e-05
MARCKS,26597.0215250698,1.39136895095991,0.27516813516398,5.05643195252517,4.27173192948754e-07,2.94918407602778e-05
FOXL2NB,258.382416301502,0.943785881242815,0.186763699731232,5.05336895018143,4.3408419823185e-07,2.96949433405119e-05
SLA,25140.6954668081,-0.835396563987738,0.165695526634068,-5.04175689566247,4.61277066315871e-07,3.14110725569342e-05
CASP1P2,68.5481249763542,2.00789409473076,0.399618194582398,5.0245312199286,5.04663704190143e-07,3.39011253179622e-05
FAM86EP,302.760844349394,-0.963992063533197,0.191831229975075,-5.02520920946213,5.02884020041335e-07,3.39011253179622e-05
PLEKHF2,1967.4063817344,1.5437931524295,0.307605974626906,5.01873591467773,5.20125920678704e-07,3.46278475673282e-05
KCNJ5,661.546665852044,0.83161415284257,0.165769813804037,5.0166802613753,5.25719503075967e-07,3.46905086255393e-05
LOC101928886,38.1649711506585,3.3585916171868,0.669457642850967,5.01688441838356,5.25161393078741e-07,3.46905086255393e-05
TPRA1,212.089460439348,1.62290610575644,0.324598919949585,4.99972737435017,5.74114332247348e-07,3.7717035404426e-05
SLC7A5,6874.95123247746,1.79666246843686,0.359650999167038,4.99557202009166,5.86616260500815e-07,3.83459149730815e-05
BTG3,64.7590821831204,2.04602370548721,0.409627042722182,4.99484529119545,5.88829513098348e-07,3.83459149730815e-05
FOSL1,2491.69841924894,1.65651549310551,0.33221688992098,4.98624706738877,6.15634096798184e-07,3.99171795023971e-05
SPATC1,43.7250503131051,2.34598103887517,0.472454926927539,4.96551290962615,6.8519734596506e-07,4.42352728154846e-05
SERPINB9P1,167.1320532724,1.27729112937667,0.257911605764309,4.95243758260305,7.32895682659322e-07,4.71106608426658e-05
PTCH2,118.645586452846,1.58485704042468,0.321198745049897,4.93419437295274,8.04822608600695e-07,5.12919639404366e-05
TPRG1-AS1,100.214389179358,1.45262452681161,0.294682608539987,4.9294545545415,8.24595138424402e-07,5.23284565928643e-05
DDIT4,4954.64774359282,1.87129796518935,0.379931094377056,4.92536144812674,8.42045578128738e-07,5.3209430960313e-05
EPB41L4A,394.555271936243,1.04034116729527,0.211436890002468,4.92033895921912,8.63944604353183e-07,5.43628940283503e-05
MRPS24,19.8724284987866,5.2196732001336,1.06277944132444,4.91134189952793,9.04552056316723e-07,5.66789277976945e-05
SDC4,37.6411207291359,2.56707703722014,0.523114883489886,4.907291148159,9.23429033119686e-07,5.76196534347861e-05
SMPD2,157.969483340707,1.32730883755718,0.271028238786445,4.89730827865145,9.71583513201387e-07,6.03717705515512e-05
KIAA1614,495.875590014106,0.736089426953465,0.150705141026016,4.88430203470229,1.03795866418391e-06,6.34388424548144e-05
RRAD,26.2165397845144,2.8144232861743,0.576111019889449,4.88520994914203,1.03318700392973e-06,6.34388424548144e-05
OTX1,536.15216880136,-1.37647919593792,0.281804157151674,-4.8845240959205,1.03678963741805e-06,6.34388424548144e-05
MS4A10,346.152242381854,0.717782916835416,0.147033925398625,4.88175035039992,1.05148321558506e-06,6.40031395674284e-05
REPIN1,908.150916455355,1.72445584679035,0.353884486276148,4.87293428693763,1.09952803954228e-06,6.66555351776177e-05
TUBB,2272.67576055467,1.02534807184376,0.210629973116904,4.86800646969017,1.12729640620435e-06,6.80622320069856e-05
MIS18A,20.695685933324,2.6492364580674,0.547076797406652,4.84253119603275,1.28195500992102e-06,7.70878833183553e-05
IL18,192.162564786547,1.95107699298381,0.404761772925246,4.82030943506157,1.43335719252958e-06,8.58460072778858e-05
STX1B,181.369296579042,1.2015436163037,0.249477239199479,4.81624544250691,1.4628457301668e-06,8.72616734959098e-05
ZBTB18,4835.03344251269,-1.07720607727688,0.224050674247936,-4.8078680454442,1.52548398506471e-06,9.06356281644223e-05
NFIL3,15856.5915499023,0.861350769799519,0.179308910044624,4.80372542326625,1.55740366810029e-06,9.21649242157922e-05
C1orf61,20.9575570080184,4.81364316352948,1.00383942287444,4.79523223918209,1.62486475060139e-06,9.57771068210219e-05
PRMT5-AS1,36.8938168558685,1.98290565521747,0.413652201650723,4.79365430016927,1.63770388557766e-06,9.61538505733057e-05
ZMYND15,278.967936361714,-1.04234033032549,0.217519690607913,-4.79193551357309,1.65179999701327e-06,9.66011504135643e-05
IFIH1,3224.31346208029,1.18936535577416,0.248274328552748,4.79052893912657,1.66342229124059e-06,9.69008462080895e-05
SLC6A4,442.367783479573,0.839412414779828,0.176032106433954,4.76851883320939,1.85585326209842e-06,0.0001072726344871
AZIN1,6846.11224278712,1.49177621290506,0.314753330077998,4.73950891174174,2.14236813291553e-06,0.0001228812921775
CTSH,248.023631391256,1.24488998997742,0.263176029040081,4.73025599830686,2.24236892929091e-06,0.0001281243212356
THAP9-AS1,4031.07914979066,1.537020528239,0.325479037964098,4.72233338851316,2.33154073555822e-06,0.0001322063383626
GNAT2,335.4913349052,-1.09139728189668,0.231927124932168,-4.70577679180857,2.52901109680946e-06,0.0001428603882072
TMEM120B,713.235104323973,1.13079846560572,0.240856344554961,4.69490835998169,2.66726270571508e-06,0.0001501014669069
P3H2-AS1,375.671726587001,1.34272997616654,0.286103413485455,4.69316307627626,2.69012875708551e-06,0.0001508191359188
HCAR3,167334.844333616,1.18015405382018,0.25162639148026,4.69010443172359,2.73065645404832e-06,0.0001525179014952
HELB,794.106052246883,1.85900528789895,0.396818471305476,4.68477508565337,2.80267522698709e-06,0.000155376563792
RILPL2,10533.7062409191,1.13600152953587,0.242466519074527,4.68518925364164,2.79701362566441e-06,0.000155376563792
THUMPD3,384.959800504063,0.829831693040849,0.178096650396309,4.65944581885325,3.1706183604257e-06,0.0001744776074133
RGAG4,134.702667048256,-1.28799935997115,0.278860395800504,-4.61879628433357,3.85972559331685e-06,0.0002116179697541
EGR3,27643.803099003,1.21185975645564,0.262627515787034,4.61436705451057,3.94295064198353e-06,0.0002153890949593
C3,102.808306195478,1.97575528549413,0.428256203436423,4.61348900410602,3.95965221067488e-06,0.0002155120197729
LOC101929586,512.139151321405,0.845305387595286,0.183532620575407,4.60575011104349,4.10981683129715e-06,0.0002228716305641
MIR8085,78.403745289361,1.82824355202763,0.397385084830432,4.60068488178855,4.21104069414491e-06,0.0002275335140282
HCG27,1009.64441685241,-1.54798070450848,0.337220242531003,-4.5904145400351,4.42366554602272e-06,0.0002381592934578
FADD,306.051990854854,-1.96399027402673,0.428354309636997,-4.58496676662618,4.54058651246729e-06,0.0002435747002173
NDUFV2,522.328337458611,1.2560453123032,0.274472166459163,4.57622107373164,4.7345022832263e-06,0.0002530667833324
BTBD19,2201.88296167418,1.50436072981141,0.32906868432335,4.57157062181337,4.84082085109824e-06,0.0002572789801534
SUCNR1,201.713246390781,-2.03694708187713,0.445854958019438,-4.56863167099361,4.90918624582289e-06,0.000259612391787
IFRD1,11933.5777637107,-0.842447428713392,0.184498014280472,-4.56615986897677,4.96739988327284e-06,0.0002617626659337
CFL2,32.5734431546282,2.85856093147668,0.626162495188131,4.56520624190023,4.99003508938805e-06,0.0002620295538311
ADORA2A-AS1,399.307350521153,1.21124757845282,0.26544043057307,4.56316159462903,5.03890004723049e-06,0.0002636670751029
CSF1,898.320595752916,1.24552259318948,0.273301966445154,4.55731295822722,5.18121946483278e-06,0.0002701661744022
CAHM,72.6408598782675,1.8094783393556,0.397486538910906,4.55230092650052,5.30623626122392e-06,0.0002757209106746
LINC00239,19.3906690166625,2.27965121265324,0.501766419171941,4.54325185096148,5.53930045359804e-06,0.0002868319016128
PRADC1,23.5521503677922,2.26181636375999,0.498618255981531,4.53616837455661,5.72854518475642e-06,0.0002956048247068
DNAJC3-AS1,524.690000318352,1.35858984050749,0.299832494722533,4.53116278062102,5.86599156911969e-06,0.0003016535595526
DLEU7,107.806059993464,1.59558287364935,0.352218461163064,4.53009438625268,5.8957341400633e-06,0.0003021411794871
CD48,2226.3629310893,1.21897281240742,0.269174278433684,4.52856349982836,5.93860351515829e-06,0.0003025818383875
TMEM41B,1415.58156106694,1.05592556647978,0.233181646346729,4.52833909968058,5.94491240176731e-06,0.0003025818383875
KCNE3,2783.05977107013,-1.45338996347114,0.323255559674804,-4.49610198486068,6.92105497152613e-06,0.0003498769247131
CCBE1,645.661135079952,0.762514634865741,0.169685039224031,4.49370574066352,6.99943318707935e-06,0.0003526437402666
CDH17,49.8348806038859,1.68981948278256,0.376570462989529,4.48739253038426,7.21001612307597e-06,0.0003608153370584
NDUFV2-AS1,96.080068796625,1.22038657533039,0.272139183673955,4.48442065142853,7.31123058685821e-06,0.0003646567951231
RELA,5954.34817135535,0.86990043369849,0.194687578964992,4.46818661120087,7.8885475405188e-06,0.0003921396982391
TNNI2,412.6965931056,-1.05237756301559,0.235607306962117,-4.46665927549012,7.94505157388195e-06,0.0003936363924295
GLI1,750.209638980003,-1.16483738977548,0.261069025277342,-4.46179851684067,8.12746260403007e-06,0.0004013405622976
MRPL14,26.6144149457408,2.21767947028267,0.497327137449004,4.45919657965593,8.22674433592728e-06,0.0004035705206634
CETP,55.4869043972946,-1.50839718426502,0.338524717606022,-4.45579630028818,8.35823668060468e-06,0.0004086766675995
PLAUR,66613.0865497557,0.70418288825614,0.158185617366773,4.45162398439426,8.52233029810607e-06,0.0004153382736459
ENO3,74.0559652163927,1.73245341982051,0.389261335544971,4.45061777685947,8.56236192441232e-06,0.0004159299784324
ITPKC,531.337758317374,1.18641539453635,0.26676306256597,4.44745004471131,8.68956586306288e-06,0.000420738622454
RGS2,121696.901912051,-1.23538570897871,0.277850281879715,-4.44622802115248,8.73911871523318e-06,0.0004217685352759
SPHK1,179.980471680087,2.19768895874894,0.495149122575078,4.43843856032625,9.06138419555078e-06,0.0004359110403491
VSIG1,749.006002241529,0.558722078603332,0.126006049232822,4.43408933146517,9.24622844685325e-06,0.0004433730058775
PLAGL2,2042.92479677458,1.39818947063749,0.31550366945748,4.43161080516664,9.35317276031511e-06,0.0004470636710723
LINC01136,2026.8766837795,1.00190263223609,0.227004556274199,4.41357939541044,1.01675405776043e-05,0.0004844362064978
TAF9B,227.456929290209,-0.785022025765407,0.178022796332945,-4.40967135634263,1.03527611608387e-05,0.0004916902139859
DNAJA1,14934.8373182943,1.07057809439144,0.24315490353699,4.40286450661103,1.068308900654e-05,0.000505767956681
ZC3H12C,111.838094787682,1.90104511058185,0.431844754969102,4.4021493573955,1.07183727343413e-05,0.0005058325714785
MFSD2A,357.307593480282,3.50875831093034,0.797586378963459,4.39922045244843,1.08640422651838e-05,0.0005110897864374
LDLR,1227.29115769173,1.41342893280748,0.322197267147596,4.38684333147991,1.15007565908096e-05,0.0005393420850274
TCTEX1D4,1272.17333994659,1.45952030128432,0.333049505578783,4.38229235244748,1.17437075803541e-05,0.0005490091258489
SCN1B,303.941767057613,1.67612346384683,0.382731745372733,4.37936879841126,1.19023555040312e-05,0.0005546869613488
LOC283575,304.90924329085,-1.03351563502777,0.236314178209777,-4.3734812818142,1.2228073393144e-05,0.0005628310447899
ARRDC4,1057.16451719438,-1.26415579021929,0.288999424730892,-4.37425019581418,1.21850565064648e-05,0.0005628310447899
ZNF200,2613.30333462656,-0.876951571488275,0.200504392317812,-4.37372748472388,1.22142838252926e-05,0.0005628310447899
UBXN2B,9694.76048295437,-0.744663731672303,0.170669253048705,-4.36319793032547,1.28174878790338e-05,0.0005881452207385
ZYG11A,429.597557273509,0.707051618899048,0.162664371686362,4.34669012992184,1.38207252807723e-05,0.0006283795003419
KCNJ12,9.03053980590908,4.07003481093715,0.936228020013989,4.34726874642818,1.37843281852455e-05,0.0006283795003419
GRAMD1A,7243.12364259624,1.14791960741684,0.265321289345841,4.32652656802278,1.51479056493126e-05,0.0006845476271157
COPZ1,756.44747178868,1.67561932779274,0.387771022028293,4.3211566429801,1.55213433909773e-05,0.0006971981746676
URGCP,74.4465751103165,1.65911543024631,0.384294809520394,4.31729856647534,1.57950441390049e-05,0.0007042655622508
LOC151475,286.834019298563,0.651677439528688,0.151323066858715,4.30653074284527,1.65834890937625e-05,0.0007360403954026
DOT1L,2114.8540927052,1.19666238704907,0.277941204374858,4.30545154231661,1.66645467504464e-05,0.0007374432809774
MED11,494.768931573503,-1.05902522045142,0.246092151894192,-4.30336852394525,1.6822069121945e-05,0.0007422115882117
BRE-AS1,11248.6621036609,1.26232679203117,0.294030219617309,4.29318725699058,1.7612634001649e-05,0.0007748000320548
RASGEF1B,175.700981649748,1.91331517999849,0.446389187240398,4.28620413461783,1.81751986898399e-05,0.0007971962884164
NICN1,348.467670970301,0.695294272320836,0.162653141498253,4.27470546167289,1.91390139399793e-05,0.0008370091345657
RELB,3002.84533450778,0.983596608714854,0.230682811914317,4.26384870442881,2.0093552533158e-05,0.0008761846459853
CACFD1,46.7129926880003,1.64007521186593,0.384956158772758,4.26042076348252,2.04042411375324e-05,0.0008871383326064
DRAM1,1214.49921693535,1.54077396018318,0.3618257704862,4.25833117998416,2.05958670794857e-05,0.000891127562803
MAFF,12599.8862934924,1.33008469356196,0.312411930461787,4.25747087057756,2.067525895057e-05,0.000891127562803
KCTD12,1268.92279554454,-0.731061567878551,0.172091065175415,-4.24810879712652,2.15582699933318e-05,0.0009265085890794
HCAR2,117809.200137172,0.898597790649912,0.211623948355012,4.24620085597525,2.17425736045434e-05,0.0009317442533464
F3,663.466368854069,1.83221325068306,0.433123474834867,4.23023307933518,2.33449300458945e-05,0.0009975442457719
ZBTB22,361.18479063883,0.752781264659746,0.178313173452009,4.22168059760514,2.42487557045662e-05,0.0010332048394919
CASS4,43649.1333850092,-1.58619370040557,0.377107319610748,-4.20621297418158,2.59685526647219e-05,0.0010970793934532
DHCR7,165.607642619001,-0.929473880928598,0.222981137332317,-4.16839689692392,3.06749458912388e-05,0.0012922470849605
CASP10,1614.14875696288,1.07233731794881,0.257709709436148,4.16102800431933,3.16818228759268e-05,0.001327165799294
CD40,28.294090777162,3.39582085359634,0.818799285341762,4.14731780350657,3.36392973951677e-05,0.0014052180449695
XKR8,3177.4189020755,-0.991602019905396,0.239712470225682,-4.13663093526938,3.52442282718063e-05,0.0014681485369202
TMEM185B,3692.1763797616,0.993844207497067,0.240314247113042,4.13560252642688,3.54024507138918e-05,0.0014706316086247
UPP1,2220.71202747668,1.10035277811471,0.26720496824111,4.11801017532659,3.82157826339707e-05,0.0015787035080897
FBXW2,2826.84113433215,-0.665370698184901,0.16178207008118,-4.11275920657355,3.90958113340325e-05,0.0016105962276917
TMEM54,135.112583318229,3.47462331981362,0.845632899349458,4.10890271947394,3.97543479637705e-05,0.0016287268988563
HPN,74.6043006746448,2.69137081098961,0.655000107103355,4.1089623983297,3.97440774368986e-05,0.0016287268988563
TXNIP,74595.7080282127,-1.11587475509345,0.271682499685516,-4.10727505961965,4.00354357723835e-05,0.0016357491881467
TMEM165,1358.25450323708,0.798205229359799,0.194386194678001,4.10628558618588,4.02072330528576e-05,0.0016382799631619
FOLR3,275.887784899013,-1.6288682013525,0.399548063329696,-4.0767766155042,4.56643241285742e-05,0.0018555642117968
RPLP0P2,380.498609937744,0.783888152086868,0.192366833098055,4.07496520820353,4.60212269558216e-05,0.0018649852108482
PPM1N,80.429809082494,1.41760575530125,0.348888131936206,4.06321002504167,4.84024416820862e-05,0.0019561669723711
TMEM132A,135.716287073179,1.40609336624509,0.34619891219542,4.06151873016686,4.87545058022256e-05,0.0019597734367347
UPB1,95.6267020848429,1.55173532341008,0.382239530723746,4.05958881456339,4.91592071624649e-05,0.0019707291839081
TLR1,12410.1624980611,-1.14951191582078,0.283235182577604,-4.05850680469693,4.93874946395011e-05,0.0019745729425171
TNFSF14,6828.07700910427,-0.681592534200863,0.169189191580446,-4.02858201421679,5.61142851731082e-05,0.0022375196117287
LINC01353,592.652618913394,1.03604034466994,0.257262164510217,4.02717728291833,5.64504693862726e-05,0.0022449222665532
LOC100128593,71.4494861554695,1.11965420559835,0.279154130692548,4.01088174056612,6.04924064941914e-05,0.0023802724486751
LINC01485,23.2506244042104,-2.39765024416946,0.59933157122211,-4.00054053431619,6.31979603101112e-05,0.0024736776433193
SDE2,2138.95065683742,-0.793697826064686,0.198436105364849,-3.99976518691181,6.34053633682035e-05,0.0024752989107592
LOC101929897,16.8030251812445,3.49589002497443,0.875469587124609,3.99315987258487,6.51985769257573e-05,0.0025386589495922
CLN3,1311.64347634903,-0.609620334707078,0.152998956921938,-3.98447379623715,6.76298189658698e-05,0.0026264674224948
MMP25-AS1,1206.64724324994,-0.701428253155882,0.176084349315121,-3.98347869009417,6.79137639764605e-05,0.0026306440576128
RTN2,459.607005789833,1.06031355787729,0.266456472955255,3.97931244123067,6.91148611137202e-05,0.0026702329631837
CFLAR-AS1,321.601110046923,1.53245469626394,0.385392031853,3.97635282934045,6.99802738282175e-05,0.0026966817147292
SWT1,4852.70480382175,0.861203096156512,0.216883580140517,3.97080818934539,7.16292317620134e-05,0.0027531101372858
TFEC,129.236326856466,1.59886126535287,0.403285101901565,3.96459293391682,7.35213001290746e-05,0.0028185685059765
PAPL,121.69194584216,1.05815297074503,0.267426839933914,3.95679420587148,7.59623177681953e-05,0.0028972533117061
CSRNP1,38022.3724103002,1.27327105674795,0.322827375334748,3.94412355961964,8.0092357127375e-05,0.0030315160452805
PHLDA2,20.5033497580767,2.53894558729684,0.644632498937879,3.93859383676763,8.19605394669736e-05,0.0030865594067448
LRRC32,33.6928302395445,3.09063192790629,0.784985162723348,3.93718515288107,8.24429953212054e-05,0.0030969077814235
LINC00641,2822.27796917941,1.22747068657814,0.311974432581964,3.93452334032421,8.33619680629649e-05,0.0031235603761884
UCA1,106.208741288011,-1.37775456369799,0.350805731411043,-3.92740038241752,8.58689684576311e-05,0.0032094334000216
HCG18,1982.04599135433,1.34599784749764,0.342934148582356,3.92494551231428,8.6749371378496e-05,0.0032342334384187
ZBTB8B,22.7346001197623,2.13209550317618,0.54392560106597,3.91982929098715,8.8611712373269e-05,0.0032709566005508
TOMM40L,433.567931203124,0.955683766220311,0.243778929903821,3.92028862624576,8.84429800982227e-05,0.0032709566005508
TNFRSF12A,145.137370317581,-1.78836034918845,0.456165163001846,-3.92042289555815,8.83937149514967e-05,0.0032709566005508
MT1M,20.3111855643079,2.06571641201633,0.527311619642431,3.91744906629802,8.9490946289318e-05,0.0032871391182576
DUSP6,16931.7889641909,-1.04417220487042,0.266954992478265,-3.91141665932857,9.17563192800276e-05,0.0033620687700812
COL6A4P2,129.098321385473,0.935195061667796,0.239912743711611,3.89806330084722,9.69650726067957e-05,0.0035442159994733
ANKRD16,300.351870165837,0.577529104408619,0.148355342435812,3.89287702705073,9.9062373846167e-05,0.0036120224478432
IGSF3,21.4552746775524,4.20706616258024,1.08138298668595,3.89044974294758,0.0001000585994142,0.0036394485196717
MVD,136.448542422323,1.93909446436438,0.498605714816053,3.88903377306808,0.0001006441131469,0.0036470824677711
SNORA4,48.922771240579,1.20281403677016,0.309470394120953,3.88668531665763,0.000101622352908,0.0036694773581534
CLIC4,834.391719114508,2.93245653305259,0.754907123721904,3.88452624290357,0.0001025296183964,0.003684395660595
SNN,11593.2680818443,1.10186590286413,0.283699086428805,3.88392474834651,0.0001027837310724,0.0036846485131807
LINC01366,699.067165989647,1.35275081100214,0.348732027997046,3.87905526994955,0.0001048629292,0.0037501699356353
LAMB3,2874.5073458855,1.3367852616903,0.345526890338223,3.86883133866013,0.0001093582532088,0.0038683127897128
PIGU,67.8548422852151,1.53579430962581,0.396935416593621,3.86912894496926,0.0001092248692588,0.0038683127897128
GADD45G,105.022361378617,-1.56812385968367,0.405419767424815,-3.8679018283796,0.0001097758399492,0.0038701822722538
DUSP3,654.736637647987,1.04120323212939,0.269446563557432,3.86422902701989,0.0001114406241462,0.0039196085563519
LGALS3,207.406461469274,1.03677902551372,0.268617466160454,3.85968582137701,0.0001135328974329,0.0039744509375996
KIRREL2,333.495235584381,3.77854995685703,0.980667024630645,3.85304069776402,0.0001166599908361,0.0040553623387873
TLL2,41.5990250489959,1.48892314525982,0.387653444858802,3.8408613802004,0.000122603336956,0.0042520548000577
TCEANC2,843.469639410589,0.614616034903226,0.160478870764085,3.82988758567946,0.0001282018112876,0.0044359016513533
TSSC2,52.0476169496845,-1.16148287369322,0.303704737296993,-3.82438181251486,0.0001311006156662,0.0045257025033128
EXOSC4,627.332611112104,0.842391650192534,0.220376962003131,3.82250323507303,0.0001321037449252,0.0045497994181764
HRH1,217.928634872621,0.94321407366003,0.247051180706147,3.8178893578409,0.0001345982607795,0.0046250319424076
OLR1,11810.348173078,2.58203048014012,0.676701713629386,3.81561096733714,0.0001358463892845,0.0046571889733334
BMP2,42.4206127066306,1.47890897906662,0.387660527120783,3.81495890244672,0.0001362055998254,0.0046573354662724
TMX2,311.901119064124,-0.777701285245188,0.20403651647113,-3.81157892075279,0.0001380819542705,0.0046906974579439
VN1R2,240.493512555747,0.907730125875839,0.238134827970889,3.8118327067505,0.0001379402269774,0.0046906974579439
C5orf28,216.480031608318,0.672667549811154,0.178085893488496,3.77720849548708,0.0001585959609149,0.0053509990161207
ZNF747,314.038280058972,0.673378672451505,0.178357983712748,3.77543330797013,0.0001597297576597,0.0053649771981518
HNF1A-AS1,439.784289512406,0.690967153220455,0.183572221570655,3.76400714284818,0.0001672121039105,0.0055785997888536
LOC101927905,196.752016591965,-1.00716148634972,0.268095301263531,-3.75672934811978,0.000172148503066,0.0057304701478211
CBX5,1244.69175205503,0.638145017298957,0.170263526269191,3.74798426463947,0.0001782614346517,0.0059207411469087
ENC1,1001.01040917832,-1.41036630291236,0.376548064076032,-3.74551468316029,0.0001800243169238,0.0059660058628556
ARHGAP31-AS1,9.60024458582094,4.50867349758488,1.20570161089285,3.73946045758877,0.0001844156535543,0.0060979836839371
DMWD,100.348930255795,1.67105398363084,0.448524381688596,3.7256703355561,0.0001947968559984,0.0064128157031006
GRIP1,51.5450334735213,1.9377538063291,0.520776617689145,3.72089249115588,0.0001985199438881,0.006520986614987
CCNL1,28512.2386906828,0.699473586513908,0.188298891938664,3.71469836764495,0.0002034462232914,0.0066681176438363
PDE6A,608.506264765756,0.531605925663135,0.143192022657261,3.71253870011717,0.0002051906734176,0.0067105449839418
LOC101929767,118.437173782287,1.07620374444444,0.290139789559567,3.70925940932857,0.0002078663731475,0.0067831755421219
IRG1,51.8622331502944,8.73654837978835,2.35610126995902,3.708052998902,0.0002088589494807,0.0068006845275233
RNASEL,1929.38668443332,-0.714884304678888,0.192835841889369,-3.70721696586375,0.0002095494065848,0.0068083013080599
ABCC6P1,55.2924193805099,-1.21300852568645,0.327408467264849,-3.70487830024634,0.0002114922504643,0.0068564868069034
OSGEPL1-AS1,127.79796702677,0.948191027090756,0.256284508854158,3.6997594249067,0.0002158039410497,0.006965983058172
ADAM33,37.5532237114408,1.96984563613791,0.534199175112511,3.68747412558814,0.0002264911153629,0.0072794439728615
CDK2,916.013268288045,0.634936967270951,0.172302176244815,3.68502001024527,0.0002286846729826,0.0073184002750852
PLK3,7544.65759462708,1.03240020424038,0.280258985046525,3.68373632720106,0.0002298399924133,0.0073239397582477
IL1RL2,186.377773788535,-1.051389798864,0.285407600273814,-3.68381850327502,0.0002297658698417,0.0073239397582477
MYO1C,275.810528463902,0.958372955050333,0.26026087258426,3.68235511367564,0.0002310892063647,0.0073480454893779
LOC102724050,137.575411289348,1.685408074068,0.458776225111579,3.67370404527413,0.0002390596091306,0.0075531693876383
TMEM92,188.129260393574,-1.56619729067991,0.426518197069419,-3.67205268483539,0.0002406100619965,0.0075860842590994
KCNH4,12.2942232165563,2.82252075535411,0.768819876515598,3.67123801240179,0.0002413784237066,0.0075942540775034
SLC6A12,108.391734248806,1.3512125334744,0.369503303310225,3.65683478704914,0.0002553488420609,0.0080000363059963
CLCF1,122.608864713402,2.29521385022842,0.6278106832203,3.65590123196904,0.0002562800204136,0.0080123772419898
PAICS,343.636086298515,0.653594935217435,0.179033336810059,3.65068845201075,0.0002615383299735,0.0081596676043845
KDM6B,99794.6844752629,0.663008435174748,0.181856635954541,3.64577532018399,0.0002665868237908,0.0082998106538483
PISD,5702.95775717691,-0.66081927622758,0.181881348539678,-3.63324376871673,0.0002798803713759,0.008641523764656
ISLR2,34.7018246083043,1.40296810476096,0.38696799855419,3.62554038060719,0.0002883578311852,0.0088301444280607
SPACA6P-AS,87.5107839545333,1.61443045965822,0.446829024505556,3.61308324016035,0.0003025775145247,0.0091739863541438
PTGES,169.817640207682,1.19310754662466,0.330217156454563,3.61309981417888,0.0003025581666021,0.0091739863541438
CASC1,23.98819973865,-1.56075022114182,0.432134594518875,-3.61172246086781,0.0003041699987833,0.0092009882187739
SLC35A2,1387.43882236547,1.19544542181745,0.332175179744541,3.59884029486129,0.0003196393983928,0.0096493569802265
SLC30A4,122.643616133812,1.94337460240093,0.540169682634606,3.59771135788736,0.0003210295969146,0.0096717462197732
LOC442132,30.439338246981,-1.51185185072849,0.422194213303561,-3.58093930018282,0.0003423611920648,0.0102729023284964
GPR4,269.04774096392,1.84883275838585,0.516812423646146,3.57737676920034,0.0003470597483849,0.010392975959167
TDGF1,71.0190854570085,1.04803087107809,0.2933800738314,3.57226330129145,0.0003539093154147,0.0105564099061775
NR1I3,71.6789930764729,1.07949908710026,0.302657675733464,3.56673289215014,0.0003614595781092,0.0107165938138049
PPAPDC2,63.8369066629403,1.19094439882373,0.333883238206719,3.56694874897068,0.0003611620815827,0.0107165938138049
LRRC8E,67.0640277271089,1.0489271451123,0.294331045039883,3.5637665913569,0.0003655710496834,0.0108169862379539
NFKB1,4820.25920112439,0.875711360858013,0.24648903814767,3.55273957592135,0.0003812416867867,0.0112583312377255
RAB3D,5452.14967696256,-0.908033773045441,0.255702798216719,-3.55112959020434,0.0003835814994021,0.0113050413055034
TNIP1,14950.1293923731,1.03090643599092,0.290872055558683,3.54419208132881,0.0003938182189933,0.0115383322197414
GPX8,181.258892592821,0.585343092528913,0.165268161739006,3.54177771671046,0.000397440239023,0.011593330532736
SERPINB1,25468.454135026,0.672454604717061,0.18988446803732,3.54138814863412,0.000398027575455,0.011593330532736
MIR497HG,40.3930731944636,2.19460660389033,0.619845572843993,3.54056994199535,0.0003992637945305,0.0116066685532818
PI4K2B,145.164301751964,1.40823630884516,0.397842751009744,3.53968070367247,0.0004006114018391,0.0116231864506356
C17orf105,11.5164792635479,4.17046877092842,1.17954767502254,3.53565087638252,0.0004067718875027,0.0117583174042524
GDPD2,31.5588725187745,1.63795548688592,0.463274737728744,3.53560285828704,0.0004068458244883,0.0117583174042524
ZNF18,584.92874668995,-0.911579475406516,0.258037253950955,-3.53274366956245,0.0004112710242988,0.0118247953221719
ZKSCAN3,812.083246593473,0.575377447696745,0.162877372979874,3.53258059833665,0.0004115247617653,0.0118247953221719
LZTS1,137.349933892301,1.57537602514115,0.445950349003516,3.53262651024122,0.0004114533084407,0.0118247953221719
OTX2-AS1,164.720098045961,0.790445491320094,0.224010420766227,3.52861035935908,0.0004177477208302,0.0119805226168107
SIGLEC9,1958.17192516942,-0.934876341193191,0.265052113071496,-3.5271416264507,0.0004200720012783,0.0120240571114479
GRASP,142.021743513318,1.33747909690508,0.379279613724632,3.52636695595279,0.0004213027821132,0.012036184654511
TMCC3,13188.4641584116,-0.709858092415586,0.201425150862539,-3.52417803524458,0.0004247987200978,0.0121128552826366
SLAMF7,431.335137228316,0.898485884065328,0.255830959544112,3.51202952788208,0.0004446985879212,0.0125453119664925
NUP50,6188.73085160688,-0.927918257640979,0.264225510822093,-3.51184204263214,0.000445012407314,0.0125453119664925
CPA4,256.684540525584,0.605465472577036,0.172562441254623,3.50867470450099,0.0004503453504195,0.0126716985109575
SLED1,184.904853123663,1.21941756855309,0.347720533581144,3.50688973122875,0.0004533769816201,0.0127329772634675
FAM225B,14.8583436426484,-2.19550353194448,0.62773148396493,-3.49752017865514,0.0004696051854249,0.0131146481839745
NANOG,293.168351711071,0.629999050727979,0.180176863427751,3.49655909611614,0.0004713000896939,0.0131373798833742
RNF144B,7403.3553555861,1.36264841399299,0.390093011136694,3.49313721366699,0.0004773811459545,0.0132820616224266
CCDC85B,173.593945617109,1.19047346224103,0.341011506482727,3.49100672443536,0.0004812041417868,0.0133634960269412
HLA-F-AS1,222.874203720438,0.850780590644568,0.244041250646239,3.48621631954287,0.000489904675481,0.0135798297870806
CA4,1070.84885452503,-0.834812577204159,0.240217819298985,-3.47523168614364,0.0005104123124057,0.0140698314508449
LINC00330,227.740703955819,0.699035560336251,0.201599979444936,3.46743864885752,0.0005254436718009,0.0144308314504014
ICAM4,4035.6653661338,2.13208124940981,0.615078587462905,3.4663558330071,0.0005275645731057,0.0144624457329525
THEMIS2,21116.1449817691,-0.508163354267559,0.146835366463547,-3.46076947609018,0.0005386338392718,0.0147233403903844
FBXO28,820.323494754709,-0.559229821268759,0.161601031433919,-3.46055848967422,0.0005390561156809,0.0147233403903844
TBC1D24,562.418633411194,0.49487902083045,0.1430871071268,3.45858568789081,0.0005430195105324,0.0148044789041506
JAG1,580.819192171743,-0.653482380045233,0.189243828956059,-3.45312385428941,0.0005541345154134,0.0150524736400017
UPK1B,273.184545732573,0.675361703247526,0.195940002440634,3.44677806897623,0.0005673144064563,0.0153545548883547
PUS10,271.47416071979,1.10538829022595,0.321079597023773,3.44272355039772,0.0005758876767399,0.0155581136124115
BHMT2,347.785316143181,0.581797241467157,0.169017134481735,3.44223822780541,0.0005769219357381,0.0155581136124115
ASPHD2,133.084374063609,-0.982423666526591,0.285783919396196,-3.43764501726429,0.0005867964143445,0.0157958392186287
LINC00936,2249.85846394734,0.834416843786228,0.243079254364694,3.43269459982111,0.0005976148431726,0.0160580723535743
FKBP14,811.473873502816,0.444948310432064,0.129833135284265,3.42707822204143,0.0006101132928494,0.0163350440507425
ZNF217,3561.92326290046,-1.26464617427867,0.369266243638125,-3.42475435019185,0.0006153555378293,0.0164458730029552
CLN5,428.63398208595,-0.709300075729243,0.207439005170574,-3.41931873008162,0.0006277814462339,0.0167479511765431
CKAP2L,134.891326039736,1.14464430505976,0.33549304664653,3.41182720924091,0.0006452900313602,0.0171536724379252
BMP8A,249.967650948909,0.762722590163339,0.223670483737711,3.41002790094446,0.0006495623397135,0.0172199957384846
S1PR2,541.668243557859,0.452385153711195,0.133189499588696,3.3965526945308,0.0006824041694255,0.0179483128371126
MIR5684,48.4222103406311,1.4976298357315,0.440876134921865,3.39694013148823,0.0006814387389986,0.0179483128371126
IPO7,463.769885736946,1.00216365588461,0.29526655851125,3.39409806832706,0.0006885503069335,0.0180780822663737
LINC01032,32.4491009937375,1.56099579817086,0.463345184417366,3.36896950841031,0.0007544977499325,0.0196665230668406
IGSF9,73.4733943492475,1.30378379777383,0.387227335437418,3.366972520938,0.0007599826070754,0.019693799135058
TMEM81,131.852109386924,-0.710540057673243,0.211047587901552,-3.36672910947786,0.0007606536781193,0.019693799135058
SEC24A,1531.42323746146,0.81580038873629,0.242294252373909,3.36698200945083,0.0007599564589405,0.019693799135058
SSSCA1,117.759271358824,1.08900907209944,0.323515191266567,3.36617599883316,0.0007621806176749,0.0196991326713809
MIR6732,12.8752119390006,2.78864852939556,0.829964269038209,3.35996214948764,0.0007795315159909,0.0200869968977759
CDK4,43.7527680431461,1.61438229761766,0.481072930034395,3.35579534167978,0.0007913710793904,0.0203127657606704
LINC01262,170.365218365883,1.3963953368931,0.418201756351143,3.33904704054043,0.0008406632723646,0.0213938760764069
TYW5,459.66261618114,0.669324719947104,0.201371155330513,3.32383612165572,0.0008878835443409,0.0224459325266997
PI3,36508.2546738642,2.33378179646633,0.702144347865337,3.3237920429916,0.0008880238845807,0.0224459325266997
PPP4R1-AS1,22.3530437615378,-1.75471607818409,0.528732103923102,-3.31872429376692,0.0009042966606009,0.022665169915197
LOC101927257,175.629760216622,0.783336844034449,0.236088383331732,3.31798131267546,0.0009067055042285,0.0226874147391961
C18orf61,209.379799637403,0.545065099972895,0.164612681481319,3.31119750354562,0.00092897616977,0.0231282497826061
CYP1B1-AS1,8.86194827932692,-2.72992669279742,0.824782934546658,-3.30987291134719,0.0009333834052248,0.0231992445368626
ANKRD33B,1087.52599556063,1.32846261090991,0.401453555133744,3.30913151452185,0.0009358586577849,0.0232220635000785
ORM2,353.791861409215,1.16946840589442,0.35406753849047,3.30295290802521,0.000956724530289,0.0235828643309099
SLC1A5,215.284763911078,1.34215218032414,0.407511200690425,3.29353445512713,0.0009893621494657,0.0240690990782763
PRDM1,2599.02333662155,1.1768829276867,0.357424578406311,3.29267487125313,0.0009923916210018,0.0240875132711025
FBXO48,150.803585810025,0.730741566061365,0.222064176570332,3.29067739491932,0.0009994646175464,0.0241181486107926
MPV17L,248.511709574343,0.733680980740817,0.223007061902164,3.28994505592245,0.001002069476174,0.024141942000297
ITPRIP,19459.8550751633,0.868061706588242,0.264104239925502,3.28681473206603,0.0010132747353474,0.0243453775441045
ZNF222,395.565988911317,-1.1252484359829,0.342414049797731,-3.28622156902616,0.0010154110395247,0.0243453775441045
NOS1,154.216198694794,0.792164483871754,0.241354796136377,3.28215762252407,0.0010301600287944,0.0246593523425554
FBXL15,48.0757402669022,1.10364474986221,0.336823670097508,3.27662467884966,0.0010505591779711,0.0250671824337332
C1orf162,1122.03432828024,-0.961503432884114,0.2939999013364,-3.27042093726401,0.0010738755624721,0.0255226199881627
LINC01348,27.6774877974602,2.53497794652874,0.775179322910673,3.27018261659806,0.0010747807518652,0.0255226199881627
LINC00269,160.830222332294,0.613230859733863,0.187473787565633,3.27102187296012,0.0010715962189506,0.0255226199881627
TMEM192,520.633755243571,0.510373281926964,0.156298833435787,3.2653684657003,0.0010932176587239,0.0259191652536567
BEST1,2896.28744652326,-0.457814613854492,0.140310582984621,-3.26286588022139,0.0011029170232961,0.0260662465426543
IKBKE,108.164306342721,1.16333527691485,0.35675566569836,3.26087400640879,0.0011106938125947,0.0261671039924567
GOLGA6L22,13.7017999369298,-2.13029406249956,0.653898290061142,-3.25783702890609,0.0011226485927056,0.0264070322760547
HHEX,364.611382263679,-1.12645348678302,0.345856690878546,-3.25699492446308,0.0011259844628456,0.0264437894400259
IL1B,492812.247020395,4.25484407839199,1.30975294416071,3.24858523690397,0.0011598045467998,0.0270252581350416
LOC101929450,354.15030509732,0.544622037493425,0.167645923955689,3.24864467111873,0.0011595622691372,0.0270252581350416
EXOSC3,91.9576349748733,-0.9236046704381,0.28545595376802,-3.2355417998697,0.0012141210721903,0.0281151980583455
ZBTB10,132.631831976372,1.24490747437203,0.38583626530223,3.22651753172264,0.0012530655511377,0.0289720411846782
ZNF92,177.052298956401,-0.577254195918583,0.179095652678347,-3.22316140724712,0.0012678409035374,0.0292230469775186
OMG,281.950712648889,-0.598907685995653,0.185923686932203,-3.22125542946039,0.0012763034231147,0.0293274467625739
FOSB,125298.481030695,0.615939543713744,0.19129679888342,3.2198110334774,0.001282751222054,0.0293850521881592
SLC7A14,446.588946248024,0.597818998565036,0.185774260885576,3.21798615004719,0.0012909405125567,0.0295272942695688
KCNK5,60.4077759396654,1.54878973401266,0.481454648542074,3.21689641735241,0.0012958537477028,0.0295490320175732
DCLRE1A,37.7639800815513,-1.95051879936558,0.60662799701225,-3.21534582803997,0.0013028745843025,0.0295983164501672
RNF39,188.507805176566,0.954192854930829,0.296784375044723,3.21510475336527,0.0013039692823549,0.0295983164501672
ADCY2,30.2489616241953,1.33289038842763,0.415106185243699,3.21096248576764,0.0013229120355001,0.0299826552969819
TBCC,344.030433937283,-1.19341132591184,0.371908316596769,-3.20888582657258,0.0013325039403711,0.0301085322162961
ALG1L2,327.608253807543,-0.958112078426106,0.298823229966591,-3.20628379036404,0.0013446130822028,0.030336179871242
ABHD12B,181.943722443651,-0.776714095743435,0.243338866531451,-3.19190315470236,0.0014133871344432,0.0316484119158432
LOC221946,275.326193902089,0.609604478209658,0.19103972168629,3.19098286381877,0.0014178968971115,0.0317017937430654
FAM195A,12.2449537423095,1.89626696845169,0.594504990712951,3.18965693824978,0.0014244177476714,0.0317999129805754
MED29,2925.53118295616,0.600585540249272,0.188759905097398,3.18174317760638,0.0014639156856609,0.0324871646134852
C5orf45,199.470018783663,1.25938884789087,0.395758177774506,3.18221812868877,0.0014615170020081,0.0324871646134852
C10orf111,76.4434493050182,0.773597616919013,0.244175722704585,3.16820037778673,0.0015338576243199,0.0336883928593273
LOC100507144,152.389459728415,1.73869075387403,0.550603792184853,3.15778928251607,0.0015897042181304,0.034795257452378
CRLF2,89.8270445760175,0.766848094442145,0.242976491487952,3.15605880118722,0.001599166181791,0.0349170794568811
VCPIP1,2919.32954874421,-0.973658963766257,0.308820975003746,-3.15282653244148,0.0016169786351974,0.0352543894542391
SNORD35B,41.9314824160974,-1.2306687498611,0.390744428484194,-3.14954906621499,0.0016352264672584,0.0355418095265175
MIR3198-1,19.8965281217937,1.87659890374892,0.596062223515684,3.14832718752145,0.0016420778356984,0.0355418095265175
LOC284865,399.178039242336,0.59222257254048,0.188083133406478,3.14872770255582,0.0016398291464827,0.0355418095265175
GOLGA6L1,14.5717982848957,-1.91040606746356,0.607335642808952,-3.14555236479758,0.0016577351577005,0.0358287020388233
ARRDC3,4159.27655644394,-0.715475949473788,0.228060872266151,-3.13721482499117,0.0017056110628129,0.036703864040013
CCNT2,1210.89811279666,-0.403217873584658,0.128554562769606,-3.1365504646249,0.001709480144423,0.0367341172821049
GBAT2,8.23138968298978,2.80155701862281,0.895357130240621,3.12898275336223,0.0017541260375851,0.0375312505000098
LOC388813,45.7649651809505,2.22453008154517,0.712258870873193,3.12320445910068,0.001788934274151,0.0381119669005925
MAP3K8,4927.20588171014,1.6985474352495,0.544253617351549,3.12087486623422,0.0018031463724327,0.0383599455807259
LOC613266,49.1857550307251,1.15843251453231,0.371315529110258,3.11980626640672,0.0018097002111141,0.0384445288437958
RHOF,69.7713119468163,1.51500179514893,0.48570729883895,3.11916621135906,0.0018136362142808,0.0384733383550065
LOC100996291,431.512980730999,0.654837072017436,0.210028125681698,3.11785419163268,0.0018217290512001,0.0385677634189111
FAM110A,575.408125640221,0.989722858325969,0.317878724729589,3.11352343308883,0.0018486782900343,0.038939744829495
IRF5,191.484914527165,1.21943016311987,0.391949617192325,3.11119110628322,0.0018633430657206,0.0391932794627537
RHOV,16.7819179565673,2.69494773954069,0.866900089148162,3.10871780182745,0.0018790109475934,0.0393440032834649
ADAMTSL2,321.040940750578,0.528395319876727,0.169989734567431,3.10839546412213,0.0018810617810709,0.0393440032834649
CYB5D1,7322.80992355415,1.21371694358385,0.391041453253544,3.10380634453325,0.001910483357457,0.0397364551042632
PRAP1,55.0094798680412,0.944590099201907,0.304504760117765,3.10205363895328,0.0019218313221273,0.0398612941681284
LOC100996447,125.389134237503,1.00525144313515,0.32427060301387,3.10003877561529,0.0019349530958249,0.0400777159972737
LOC101929337,42.2999672750978,1.28113162258391,0.4136557108435,3.09709642342786,0.0019542629543481,0.0403655449282464
SCARF1,6415.80107999726,0.765415431930961,0.247272681621511,3.09543062707812,0.0019652733986846,0.0405368218458987
CDKN1A,2004.85359171355,1.1483080667341,0.371340216368008,3.09233424261297,0.0019858910634184,0.0409055157855788
LOC102724297,36.0723527109704,1.29826341908515,0.419979717920098,3.0912526574251,0.0019931395935389,0.0409630919766756
TEDDM1,138.609643145373,0.994967059663996,0.322209559123461,3.0879501600471,0.00201542268902,0.0412857123095545
TWISTNB,487.581729016521,1.08421843516669,0.35121327497463,3.08706564478523,0.0020214295131025,0.0413519592988995
FLJ23867,665.458473704861,0.632742977395919,0.205049522282368,3.08580566466566,0.0020300145252357,0.0414474612127449
GZF1,3009.61385662381,-0.977467806827384,0.316799749840371,-3.085443745836,0.0020324866765333,0.0414474612127449
DDX51,664.616580871325,0.443777885912373,0.143967440271404,3.08248785333526,0.0020527810795425,0.0416343941959729
LINC01215,108.619880956428,1.14297329168086,0.370783077263583,3.08259292769271,0.0020520564905651,0.0416343941959729
LINC01179,239.699363742591,0.562613940469277,0.182497963013353,3.08285052161438,0.0020502811248241,0.0416343941959729
SNHG5,128.040495066719,0.691825967990467,0.224458613013605,3.08219835586588,0.0020547786580993,0.0416343941959729
LOC102724190,297.470429383478,-1.01954446392684,0.331080410842073,-3.07944665567412,0.0020738550571937,0.0417937844161221
OPA3,2557.30960871528,0.675760961715528,0.219391017415975,3.08016695339106,0.002068845895991,0.0417937844161221
FAM86B3P,1215.99924108899,-0.78088412766059,0.253565535596156,-3.07961460860468,0.0020726860697223,0.0417937844161221
FAM225A,18.783963414845,-1.64661373794687,0.534674942178642,-3.0796538383441,0.0020724131096389,0.0417937844161221
PHLDA1,334.897289401527,0.560549827377977,0.182248004536781,3.07575289399039,0.0020997178126539,0.042144134239716
FREM2,96.3373193925547,0.753788258422085,0.245474891910514,3.07073465866674,0.002135328203596,0.0427438248325207
SYDE2,142.788932916288,0.589717760557516,0.192377465963321,3.06542014993561,0.0021736441024835,0.043452485925384
KCNRG,107.827512917841,0.89360944231908,0.291886979243935,3.06149128211806,0.0022023740531066,0.0437920056719725
C8orf49,97.4489057020603,0.925215767899298,0.30270257437925,3.05651767183227,0.0022392428041609,0.0443665373278944
ICAM5,57.7399416573608,1.59844083615668,0.523341747683442,3.05429643866963,0.0022558905034098,0.0445590663276172
DNAH2,168.111479128468,0.923603203102723,0.302470937024036,3.05352709979315,0.0022616829331606,0.0446143883362752
BMF,539.789302563766,1.1918855002537,0.391570176331085,3.04386179616989,0.0023356241063463,0.0456502782410778
SIDT1,196.778782124918,1.25606280350377,0.413045606908653,3.04097848396086,0.0023581068111412,0.0459692116007183
LINC00707,29.0040132852668,-1.30410703925447,0.429269349533909,-3.03796914610942,0.002381783395796,0.0463701511507912
GINS4,439.657075940382,0.7640645304299,0.251802261551947,3.03438311364123,0.0024102813417634,0.0467021282458964
PLEKHA4,13.0145478936005,2.27336838938747,0.750643428029138,3.02855963897046,0.0024572257102856,0.047293267960286
IDO2,28.9646492477136,1.47419585189536,0.486675156587523,3.02911671561817,0.0024526990644142,0.047293267960286
TTL,318.822997543108,1.99596282371054,0.660759554725526,3.0207097414424,0.0025218298067085,0.0484016060584878
PBOV1,80.299133713929,0.737089908229757,0.244107340780452,3.01953192342827,0.0025316561125662,0.0484654526401798
TSFM,36.2216540281693,-1.31854833594551,0.437694104902356,-3.01248822220181,0.0025911549074329,0.0492879844924377
NOP2,1624.83869598419,0.868519730050666,0.28866868857204,3.00870778312321,0.0026236132896834,0.0496522144531074
LPAL2,299.756582368429,0.528871209077108,0.175816634607058,3.00808402037219,0.0026290044245676,0.0496911824886911
ST8SIA1,206.044758691971,0.585243381913313,0.194714317566961,3.00565150640271,0.0026501253507992,0.0500269865271768
SLC23A1,72.8160454920101,-0.781084691770341,0.260143813412025,-3.00251111693067,0.0026776219350559,0.0503900710462662
LOC101927419,287.376290850385,0.582865972528732,0.194434896356599,2.99774363270542,0.0027198636450103,0.0510847941285129
SLC25A52,44.6148438748648,-1.11954798148037,0.37371981534965,-2.99568804087341,0.0027382641154326,0.0512415832575907
CD55,68772.9673009104,0.599015805652185,0.200119993226751,2.99328315973635,0.0027599355349616,0.0514486482911043
LOC102723769,91.8943666109235,0.681586361865825,0.22768819191498,2.99350772709518,0.0027579052498642,0.0514486482911043
CECR2,187.399186455618,0.578647034637813,0.193393807476283,2.99206599316152,0.0027709635574807,0.0515897372443334
ADRA2B,58.7899543695162,3.3510167486703,1.12063626524378,2.99028047958214,0.0027872138743851,0.0518275816816786
EGOT,9.24313797883149,3.41047252480584,1.14672997326358,2.97408509790641,0.0029386356586316,0.054304676055977
DNAH14,43.6958080059457,-1.69567747422436,0.5711914420046,-2.9686675071205,0.0029909403541404,0.0551346025974007
ANKK1,60.3276266325592,1.19349909865243,0.40233085546488,2.96646176260427,0.0030124781788629,0.0553946819745792
CALML4,1219.12959128315,-0.340656623498217,0.114829952405785,-2.96661817201149,0.0030109462832346,0.0553946819745792
DCUN1D3,7723.09425206503,1.1919952235584,0.402806844290314,2.95922286439427,0.0030841596746654,0.0562962952610589
CYP1A2,250.691274399683,0.5861772643174,0.198309209114128,2.95587515545005,0.003117832652988,0.0564960368821524
C3orf33,237.050247424919,0.534301422504485,0.180688257742774,2.95703455874322,0.0031061330235518,0.0564960368821524
GPATCH2,145.836646756139,0.683447362232042,0.231355988103844,2.95409411199366,0.003135883583936,0.0566853719845319
MKNK1-AS1,109.155413078574,-1.04399205614614,0.354668177398497,-2.94357408607632,0.0032444615842646,0.0583650851702522
SH3GL1P1,77.4739896664778,-0.862607915811189,0.293045953569417,-2.94359265263444,0.0032442669768225,0.0583650851702522
BUD13,198.522976942359,-0.739424119124379,0.251381898420122,-2.94143740568231,0.0032669286110417,0.0585680802729246
ERVV-1,374.512654614613,0.526738625108602,0.179127314910036,2.94058237501716,0.0032759588301063,0.0585680802729246
RNF217-AS1,41.9381620432936,0.967164035147402,0.328964929852727,2.94002170863741,0.0032818925228348,0.0585680802729246
IER2,18609.9033290662,0.795881827406194,0.27156276191162,2.93074728583447,0.0033814774206721,0.0601048543200039
CRNKL1,992.170013690656,-0.564613040095682,0.192803994737744,-2.92843019598054,0.0034067831936876,0.0604106513287314
STAP2,117.150293748294,0.800283524785427,0.2735737094075,2.925293978426,0.0034413095734237,0.0608059830195114
CASP8,8500.88357956182,-0.66492370843678,0.227402775869435,-2.92399116894928,0.0034557455063016,0.0608447848116601
MIR7848,41.1613424010586,-1.15961259381334,0.3975326965186,-2.91702444596046,0.0035338807470452,0.0619352334036054
GAB3,954.063403068015,-0.496514146610268,0.17021465567219,-2.91698822671584,0.0035342911303204,0.0619352334036054
ZNF658B,177.746814106591,-0.795266507279883,0.272993060961385,-2.91313817457204,0.003578162350011,0.0626304402883977
IPO5P1,670.819091186195,0.630852524312482,0.21695777632231,2.90772027168684,0.003640738408392,0.0633539461894399
ZNF322,242.47498566549,-0.551393528387593,0.190271534746708,-2.89792968307957,0.0037563479786254,0.0651376946572578
DAXX,1304.69503154487,0.497953429168514,0.172412331452526,2.8881543737237,0.0038750963742904,0.0668322846004773
TMEM140,2770.04177004,-0.75000691129949,0.259726574357683,-2.88767875660892,0.0038809601330391,0.0668322846004773
CDKN1B,1570.43569966966,-1.12188753282462,0.389926087258452,-2.87717998226932,0.0040124666589284,0.0686214624823391
ZNF658,119.513307884232,-0.868721746499771,0.303777492304231,-2.85973045570392,0.0042400122162555,0.0719354973617961
RPL36A,1360.05936474822,1.11913330192891,0.391651024266979,2.85747574393174,0.0042702527061642,0.072284084684481
C2orf81,26.7278303110141,1.33755076535814,0.468791856611469,2.85318685999849,0.0043283162230627,0.0728534761112131
CA2,162.421778473048,0.809159316753088,0.283964281089126,2.84951090908198,0.0043786504127729,0.0736176027121568
TRIM25,33308.4731803074,-0.778817956468294,0.27381830247254,-2.84428743234356,0.004451087453547,0.0746671172044396
POU5F1P5,51.8354889563921,-1.12776489414355,0.396697230723976,-2.84288572442355,0.0044707096937664,0.074912015351841
ZNF473,270.927059805244,-0.511829897211045,0.180234721653171,-2.8397963084825,0.004514234864599,0.0753028909796037
NUAK2,2829.33379049612,-0.866915371888523,0.305353471424525,-2.83905523603258,0.0045247323720625,0.0753616707134038
SYNJ2,196.416340732418,-1.04750138520362,0.368989962874679,-2.83883436027063,0.0045278654166975,0.0753616707134038
ZNF99,186.311098790185,0.644544079751635,0.227375005801804,2.83471825532778,0.0045866116069965,0.0760846928755724
HPCA,16.2901853236119,3.81770313861831,1.34749183841159,2.83319203114326,0.0046085691464544,0.0762792360500277
LINC00563,53.6261329828223,0.793714309386515,0.280905481798669,2.82555649788062,0.0047198563590309,0.0775189624253616
PPP1R3B,10962.4794976384,-0.904939095570549,0.320908997883913,-2.81992434471378,0.0048034973068916,0.0786003270920701
PPEF2,225.691741870083,0.480245348094865,0.170380940445064,2.81865651662904,0.0048225093075319,0.0787339029799798
OSGIN1,215.384745840838,-0.737558458639384,0.262030089599359,-2.81478535448774,0.004880982277663,0.0792920356283111
HSP90AB4P,396.12680283487,0.475390544590038,0.168968563688039,2.81348514903479,0.0049007649832109,0.0794403349941572
TAF1A,171.222093420197,0.48104120960996,0.171208836412301,2.80967512945143,0.0049591530184142,0.0800387975796656
MED18,763.75951060184,0.651037185489545,0.231792966907734,2.80870120510901,0.0049741788896362,0.0801288597501418
LOC105373609,159.09667722348,0.500790516582594,0.178410054050054,2.80696353828857,0.0050010902034013,0.0804544317187972
FLG2,227.234611801672,0.54986367925051,0.196311023066984,2.80098218969033,0.0050947330747115,0.0816965100464223
RGS12,168.127908142719,0.617472730407949,0.22044289492326,2.8010552602428,0.0050935795973798,0.0816965100464223
LOC101928053,195.694786794271,0.643356288194401,0.230809008633196,2.78739678318549,0.0053133377577261,0.0842059574718073
MIR6821,12.3734914592113,2.45462641719937,0.880956091891747,2.7863209526463,0.0053310059510497,0.0843697193734297
IL2RA,171.821393748728,0.892085925684439,0.320436086876007,2.7839745965617,0.0053697239637261,0.0847393581704209
LOC102723604,25.9042696250197,2.0385594677769,0.733979812749558,2.77740536233588,0.0054794794369075,0.0859521995421067
ERI1,1480.30529473523,-0.981076316716555,0.353290960318258,-2.7769641086564,0.0054869237553869,0.0859521995421067
ADPGK-AS1,556.93594075949,0.8878655344534,0.320426412247404,2.77088748154716,0.005590374112719,0.087115202866227
MRPL40,28.0089241684662,-1.26367136459135,0.456632777968541,-2.76736893530321,0.0056510763013579,0.0876945898877739
USP36,954.204564655701,-0.751451637987345,0.271961155572521,-2.76308444272278,0.0057257951075423,0.088577575143962
ZNF667,62.2206656026923,0.701926206124056,0.25441296632395,2.75900327041617,0.0057977954741792,0.089320789159541
ILF3-AS1,496.039317061373,0.402926662538442,0.146873322272579,2.74336180528865,0.0060813639466604,0.0924823961807308
TMEM206,36.7542731010154,-1.13297678562427,0.413067924746403,-2.74283409034929,0.0060911452407739,0.0925022901992478
POFUT2,2316.78781023433,-0.36352525031103,0.132872212990552,-2.73590122516345,0.0062209696117248,0.0941861114920331
NKPD1,116.457938095144,0.809315383091814,0.295909621214216,2.73500868194459,0.0062378630773549,0.0943460974367085
DGUOK,398.720107459858,-0.502576528843154,0.18386651491969,-2.73337714081692,0.0062688505883289,0.0946228429390176
SP2-AS1,198.168226424448,0.592151465821981,0.216994244194096,2.7288809803283,0.0063549635723702,0.0957288603583404
GPR12,114.748562661536,0.626209795518063,0.229633090086362,2.72700156272144,0.0063912736393179,0.0961786718296152
MT1E,17.3485033776119,1.73993456345205,0.639257955266445,2.72180353661275,0.0064926728685044,0.0975077849828876
PEX11G,144.759744323323,-0.771144605658223,0.283519969951174,-2.71989520100127,0.0065302609007587,0.0977902909310344
STAMBPL1,32.4448570014711,-1.20531671888676,0.444050313989877,-2.71436970296623,0.0066402015920923,0.0989263999429305
DDX27,1106.47790236701,-0.453725559273984,0.167315437780417,-2.71179734095696,0.0066919492476604,0.0994985434998608
SFN,314.708272360867,0.728501973387178,0.269795847467429,2.70019713137033,0.006929840113001,0.101917855626415
LINC00685,76.43783808157,0.776532529824887,0.287516997985039,2.70082303052321,0.0069168131581369,0.101917855626415
LINC00664,2010.32546914916,0.691451663691491,0.256516329026195,2.69554638613622,0.0070273292584913,0.10314819018886
POU2AF1,502.75021663986,0.576995026530187,0.214452497933547,2.69054933885164,0.0071334485901984,0.10439756508894
CCL2,33.5213614519894,1.58522447031502,0.589562414817248,2.6888153492729,0.0071706071449194,0.104838494462926
RIPK4,45.5217803156697,-1.23513932844599,0.461388637040019,-2.67700422006461,0.0074283699330959,0.107761946315427
ADM,12292.9198478159,0.479528051194831,0.179419562349131,2.67266314172432,0.0075251773809144,0.108743188257343
RNASEK-C17orf49,15.8713604033629,2.12826117281804,0.797019365050388,2.67027536110555,0.0075789065331667,0.109202157612672
METTL22,462.317668712103,-0.753979818859018,0.283353446933734,-2.66091634676795,0.0077928315488176,0.11163736492557
SEC14L3,282.722953301261,0.614737292366865,0.2317219342675,2.65290937739719,0.0079801292746721,0.113882935763814
KBTBD12,459.881414438918,0.458028147124241,0.172858293388898,2.64973197492911,0.0080555649135763,0.11483053228395
FBXL3,1956.15663047109,-0.658715156937969,0.25007609034781,-2.6340589219138,0.0084370845100474,0.118365231701164
HOXA3,42.1451018146551,-1.21786194640114,0.462298580838414,-2.63436228636579,0.0084295491183743,0.118365231701164
PFKFB3,44809.4637288552,0.692490865622904,0.263145730321729,2.63158693388734,0.0084987121116235,0.118959301845949
SAMSN1-AS1,29.6293698414202,1.56707344861057,0.596310671112124,2.62794802193958,0.0085901640360226,0.11972440772823
MCM6,136.148002791805,-0.831138676471938,0.317212280704707,-2.62013398291363,0.0087895226532962,0.1218198432422
PDE4B,210479.624635389,0.539392308991808,0.206165204137517,2.61631108531787,0.0088885535154667,0.123077993106923
CLEC7A,28621.3290213605,-0.482337974465717,0.184967383317215,-2.6076920471893,0.0091154920823254,0.125495240983515
EMC1,569.22177794713,0.524600415845635,0.201505094513631,2.60341018728015,0.0092301447766883,0.126748756035684
LOC100289511,110.787021431538,0.633658958775641,0.243437824414549,2.60296016159176,0.0092422692601685,0.126798492619037
SLC7A5P1,25.9942427699193,1.11103702585671,0.427065903494557,2.60155872141844,0.0092801176221105,0.127200729869977
RNF14,520.568775625653,0.553590334893823,0.212957944875638,2.59952891270201,0.0093351814160934,0.127521367977686
HYAL4,98.3619197913318,0.8314392434272,0.319853732725334,2.59943579942891,0.0093377143319005,0.127521367977686
DNAH17,2027.689560778,-0.763428809410105,0.293851773087275,-2.59800647581379,0.0093766725591713,0.127936246912097
TDP2,10349.54703532,-0.523014666269967,0.201765967867456,-2.59218475641812,0.0095368539783954,0.128958768827019
LINC00881,22.0426152335669,2.9238335319701,1.12921358710001,2.58926527750958,0.0096180968466849,0.129841429480683
LINC01502,455.486675341042,0.499901418666428,0.193074076705365,2.58916902360376,0.0096207858630828,0.129841429480683
PDE11A,207.498506339746,0.876220503870999,0.338613849094677,2.58766883343276,0.0096627829420231,0.129937855738856
TNFSF8,1827.30847525431,-0.40746472561085,0.15746015912,-2.58773221040836,0.0096610054341938,0.129937855738856
LINC01105,323.207381995043,0.357794779123002,0.138851661403697,2.57681309323876,0.0099715853300187,0.132183335134728
IGF1,150.999638170734,0.538701454444576,0.20927173279538,2.57417209313837,0.0100480280870007,0.132842413884257
TCP11L2,3070.41000728948,-0.428275719347601,0.166412582674456,-2.5735777455327,0.0100653030291854,0.132843786118824
MIR222,32.0778995123235,3.07114881354527,1.19353339355269,2.5731570060253,0.0100775479687926,0.13287928634713
SPECC1L-ADORA2A,108.484152737269,0.79682052163148,0.309747672153371,2.5724826795048,0.0100972008160722,0.133020808984174
RGS18,6562.54635936516,-0.805209761723375,0.313427617423919,-2.56904534559349,0.0101979112117549,0.133789462884816
UGDH,183.843661264573,0.602427917291351,0.235102805984346,2.56240207244257,0.0103950898091054,0.135808231307878
SMAD4,977.623758352919,-0.531539791307683,0.207562272577861,-2.56086900912251,0.0104410715349274,0.136139363111445
SLC26A4,226.778264780045,0.456323265056347,0.179019915892402,2.54900837586482,0.0108029705654083,0.13904371998532
NXT1,531.577014973985,0.780703946175882,0.30683951305106,2.5443396725961,0.0109484560000324,0.140068122176657
RBP1,159.114170155345,0.494091865330566,0.194199935693944,2.54424319742951,0.0109514806181172,0.140068122176657
TAP1,10690.4199218617,0.403935266377231,0.159310195356008,2.53552677827406,0.0112278343860458,0.143111704443676
PPP1R27,12.4577224195688,1.57762757330934,0.62371566141606,2.52940189080318,0.0114257112561758,0.145261408323402
PIN4P1,228.257809584695,0.680599895486527,0.269207456500901,2.5281613827968,0.0114661632918213,0.145527568656111
EMX2OS,720.597363931875,0.394306825898427,0.155998523932356,2.52763177470453,0.0114834720986704,0.14562331582268
MKRN2OS,138.089953057948,0.468121302054395,0.185696526934044,2.52089422340496,0.0117057034123612,0.147813001683779
KLF3-AS1,296.434317951651,0.459578720762028,0.182963545459388,2.51185950517142,0.0120096890747821,0.151139656685423
PPIF,59413.1975573791,0.862303349701117,0.343417035920872,2.51095099982111,0.0120406408834477,0.151401414413875
MAP7D3,636.073603264337,0.352782187617235,0.140534752438302,2.51028433534343,0.0120633983910755,0.151559781134043
NEAT1,36956.7423779403,0.618860095528665,0.246744741166072,2.50809842027044,0.0121382852804961,0.15215743012103
PRND,311.350549276724,0.529562655456112,0.211402680525737,2.50499498936883,0.0122453128110827,0.152717388697457
USP3-AS1,106.456992520992,-0.686026175804881,0.275077405310949,-2.49393866075403,0.0126334374170684,0.156220938806584
ZNF677,228.622066533319,0.473629466236088,0.190013189792395,2.49261362726223,0.012680674964782,0.156545451779631
LOC100507462,85.7324989442269,0.639032405341317,0.25980713399509,2.45964148680149,0.0139075866603382,0.166857473745473
USP29,30.3802322801271,0.946072685677406,0.385304581155651,2.45538914393344,0.0140732151149667,0.167974975992898
NRSN2-AS1,120.608102078193,0.523763106666467,0.214118344314102,2.44613841165393,0.0144395555103696,0.170766924128582
FBXO33,2269.02430754511,-0.501290019361964,0.205757619097731,-2.43631327753584,0.0148378277819658,0.173959532792811
APOA2,70.3381725262871,0.913702456693205,0.375630516798947,2.43245001625429,0.0149970612864802,0.175550372814191
CYCS,785.023184394989,0.36437016009496,0.149913936681327,2.43052892987197,0.015076802375822,0.175806707102453
OLFML3,21.284605194928,-1.57380925138608,0.648432737362324,-2.42709715395921,0.0152201794181658,0.176591418122969
EGFEM1P,203.151047341604,0.482419601885569,0.198779472746591,2.42690854955918,0.0152280938581196,0.176591418122969
C17orf96,28.8365917206998,1.55409440121526,0.640884773312682,2.42492015090679,0.0153117541229249,0.176835636084169
MRFAP1L1,294.647329934339,-0.704635217415555,0.290695689070985,-2.4239617025882,0.0153522243905748,0.176835636084169
CEP19,2260.65145959415,-0.646750500596653,0.266983603667393,-2.42243527959257,0.0154168716699886,0.176991383536983
TESPA1,235.998759221932,1.07642152524429,0.444700977228395,2.42055129258566,0.0154969928355134,0.177397374802791
ZSWIM3,129.63720305471,-0.732994574295131,0.302785880456229,-2.4208347271368,0.015484915717657,0.177397374802791
LINC00957,138.617084566721,-0.673510050190577,0.27928036346314,-2.41159114031112,0.0158830815867358,0.179578768539038
SNORA63,32.1426983628654,1.07845719128843,0.448105760443946,2.40670236021958,0.0160972831552195,0.181176440523614
CFB,50.1791399174858,0.93969116375688,0.391638430820324,2.39938445721123,0.0164226618050527,0.183702823871659
ERCC5,95.022659669628,-0.74567027271305,0.311381546287036,-2.39471568435748,0.0166332574627246,0.185667491423362
LOC100128531,178.187082221749,0.638469542894218,0.266888775216882,2.39226824873163,0.0167445991795917,0.186487697941595
LCTL,70.31093070016,0.684199301356063,0.286914487427006,2.3846802142751,0.0170939732661015,0.188831424679535
AP3M2,112.760549600623,-0.786837473416934,0.330388924654966,-2.38154918249348,0.0172399884473965,0.189881792995586
KIAA1875,385.295036382753,0.483695470182755,0.203184285971385,2.38057519000694,0.0172856329810027,0.190244018188704
ABCC6P2,19.3848623036705,-1.02145994194291,0.429565888631801,-2.37788886169788,0.0174120730118961,0.191213171191274
SMIM13,69.1051203655262,-0.626025090908387,0.263209760086904,-2.37842658532758,0.0173866987245211,0.191213171191274
IAH1,110.365486332853,0.836941852465766,0.352144644150586,2.37669908194846,0.0174683321842543,0.191396885367087
SIK1,2722.84093159261,-0.965443414399359,0.406718886632078,-2.37373637205274,0.0176091180922495,0.191682319788114
EIF5A2,407.133805896061,0.477396563709806,0.201310440491957,2.3714446331902,0.0177187011687225,0.192594016420669
ID3,66.3840133528749,-1.02433256940889,0.432304121507452,-2.36947213419347,0.0178134973821636,0.193401359177195
HSPA2,180.597144495369,0.635558459180714,0.268271060959171,2.36909063880521,0.0178318828450776,0.193401359177195
HSPBAP1,1238.91001811186,-0.575762571711341,0.243720834464353,-2.36238552595122,0.018157748289146,0.196080014653175
DNTTIP2,8523.2323339148,-0.730120972495775,0.309162911956133,-2.36160595032618,0.018195971637065,0.196350596977967
HAUS1,40.1116071170872,-1.05839702072999,0.44842515119392,-2.3602534735441,0.0182624520450526,0.196783198950773
ZFP14,802.540764176488,0.427969872834132,0.18139345910704,2.35934567288662,0.0183071937742681,0.197089933866281
RNU6-35P,25.515512930283,0.987275258790523,0.418672264698988,2.35811001118104,0.0183682486047537,0.197187382414183
SLC39A8,288.796118419503,0.845354429414261,0.358976940101668,2.35489897812056,0.0185277418986535,0.198392059814959
LOC101927131,488.444959508284,0.588318020046924,0.25003348258956,2.35295694782075,0.0186247903337352,0.198819970112379
BRD8,793.301413022748,-0.474182583257875,0.201508208766189,-2.35316757645378,0.0186142431993501,0.198819970112379
SLC13A1,145.460288734546,0.437321947666077,0.186007027071674,2.35110444240133,0.0187177791641294,0.199669700053406
ALDH3A2,278.773135090876,0.513516632940272,0.218793060251185,2.3470425997549,0.0189230911188918,0.200854133705362
NPM3,13.5431366050745,-1.51264445967794,0.645849669047522,-2.34209992227563,0.0191755803223344,0.202812361238988
CLEC4D,2581.66384197228,0.511260347578812,0.218753923601438,2.33714824018567,0.0194314774225046,0.204648038701844
RAB13,104.381509822349,0.886850456123185,0.379844762458414,2.33477079000209,0.0195553979074909,0.205517723040459
SCARNA10,71.3575505150012,-0.888264573878975,0.380859020372587,-2.33226607842977,0.0196866978750247,0.206316040344514
LOC81691,264.687117187795,1.12519766414083,0.483103973508642,2.32910041283421,0.0198537468300797,0.207200255463175
PHF12,8660.19437259602,-0.564147029536395,0.242394339177488,-2.32739358291412,0.0199443269918001,0.207651984588063
LOC100288254,427.977103651455,0.333833681363369,0.144197853632862,2.31510853284497,0.0206069931728001,0.212525649506202
PKI55,85.6566231507634,-0.565707714707266,0.245248975330978,-2.30666698584086,0.0210733920748711,0.215251709597639
C2CD4A,72.992170751673,0.597062487901229,0.259139980151324,2.3040153339233,0.0212217828356007,0.216322930572326
HAUS8,126.332117135887,-0.696308873138272,0.302506864116253,-2.30179528379456,0.02134671965384,0.217035103155311
IL12B,16.9160176792693,1.27533864518991,0.55431502497107,2.30074702603717,0.021405934315012,0.217306760197388
CNOT7,1092.72187688029,-0.429555640690424,0.186781606299851,-2.29977485042523,0.021460978987534,0.21742362747357
MED28,876.725384725944,-0.384731139265734,0.167381329403047,-2.29853078977117,0.0215315975552029,0.217789234989089
CHSY1,14056.1622278577,-0.344810383466009,0.150066264937542,-2.29772083425626,0.0215776829906767,0.218013540948483
ZNF182,337.878657774784,-0.418293498795128,0.182126111515481,-2.29672448016644,0.0216344920360256,0.218144137750676
LRG1,15172.721043659,0.482581803840295,0.210353902834453,2.29414238261167,0.0217823215781582,0.218747314272777
MIR616,113.462834746027,0.958217804822656,0.418155346324136,2.2915354622296,0.0219324632855622,0.219515989917845
IL21R-AS1,111.147309588489,0.822895639956332,0.359420285316925,2.28950805943168,0.0220498501776235,0.220395050736527
BCDIN3D-AS1,72.9401550326854,0.581043658066058,0.254284689260105,2.28501236058186,0.0223121029934207,0.222568824040725
MASP2,64.6960758437724,-0.682822710213698,0.299253421175686,-2.28175406493624,0.0225038641444904,0.224181780886296
SREK1,1436.47712277568,-0.35746390911129,0.156965041607099,-2.27734727077677,0.0227654962070372,0.226183774107625
LOC101928163,66.3342533733123,0.631541988469168,0.27779205798725,2.27343428406493,0.0230000220869171,0.227559383357035
FEZ1,124.2000717887,0.446999315615866,0.197126480480483,2.26757620044925,0.0233550496263227,0.229140694129836
PDE6B,111.163898162154,0.518021367279949,0.228698171976035,2.26508748541389,0.0235073114418796,0.229878383955902
LOC101929709,301.461607649793,0.71833400377787,0.317810845025049,2.26025642303444,0.0238053408433157,0.232032057513966
MIR7845,9.4913203799164,2.25916371965009,0.999692326907623,2.25985901746233,0.0238300021522703,0.232120719854217
GYG1,2557.34144633949,-0.644810261043937,0.286581782645136,-2.25000436207902,0.0244486684097096,0.236141834193005
MGAT3,71.8264029076765,-0.903891547420638,0.401798081603421,-2.24961638396469,0.0244733075007209,0.236226818613755
MYOZ3,92.333731919857,0.633022942225031,0.281624125650059,2.24775821589807,0.0245916115874043,0.236908723257726
ZNF155,421.560306466166,-0.567218031604979,0.253734431087887,-2.23547915500876,0.0253859086224605,0.241904188681631
CYP3A43,56.3018902066708,0.646630506405453,0.290053516649781,2.22934896247513,0.0257906952396013,0.244667072587897
CDK5R1,277.493072626933,-1.13007245954533,0.508606768312019,-2.22189819316768,0.0262901865521079,0.247746051402571
MID1IP1,6840.6320162299,0.49970752672017,0.224955768834722,2.22135902230324,0.0263266541589597,0.247859465576115
KLHDC8B,600.614450951559,-0.857447095684055,0.386730277233398,-2.21717084531908,0.0266114190578915,0.249438147335221
GOLGA6L7P,10.2362107813602,-1.53754086112149,0.694446987322078,-2.21405073272842,0.0268252891994341,0.250498145166663
UQCC3,93.2076525884362,0.570560910155965,0.257780261193586,2.21336151772881,0.0268727315161586,0.250508755117704
EIF1B,2406.98933237562,0.438586412109453,0.198183913374723,2.21302730701548,0.0268957630792688,0.250528741287405
LINC00662,118.093376726441,0.563607052324779,0.254738800227425,2.21249001652518,0.026932825263067,0.250576303370095
LINC00211,1308.41560208556,0.33974181722352,0.153565908776649,2.21235181642854,0.0269423654025404,0.250576303370095
ECHDC1,3470.68906697833,-0.562074118935299,0.254451657033678,-2.20896230540525,0.0271772628761949,0.251366437442709
CXCR4,29319.7676069598,-0.860416911281177,0.390761471899912,-2.20189802003193,0.0276725128933101,0.253949890230476
MIR155HG,22.540543893901,1.94821379928865,0.884704831221385,2.20210597991087,0.0276578231807676,0.253949890230476
MRPL18,145.844720437188,0.68705244111437,0.312196660596905,2.20070400433098,0.027756985157532,0.253950870953543
MIR6891,30.3303323410026,1.0965953648007,0.498459861774712,2.19996723687317,0.0278092196279422,0.254272772723177
RGS1,944.1680258094,-0.795526332060298,0.36265015309306,-2.19364675645444,0.0282608142959429,0.256358590994767
INCA1,109.184557972855,0.578764224936106,0.264152378452196,2.19102409119836,0.0284500491364224,0.257320010515867
CXADR,358.130160019901,0.367307878831335,0.167652993175125,2.19088172465646,0.0284603525611828,0.257320010515867
GDF15,60.8514578291592,-0.81389464275503,0.371702908286192,-2.18963754280979,0.0285505340067178,0.257732514311249
PPP1R26-AS1,118.024771794809,0.527023485823991,0.241055802901576,2.18631320831209,0.0287926984592321,0.258826749916175
NOP9,204.03090221864,-0.689637948396997,0.316366534549625,-2.17987009712882,0.0292670920724235,0.261353379686259
FBXO34,1358.65813348712,-0.311216744159442,0.143275715684747,-2.17215278019773,0.029844141000431,0.264970969191965
PEX12,46.013694254811,-0.921558998728223,0.424906402164259,-2.16885176131559,0.0300939400344284,0.266661276133945
CIDECP,293.039565448732,0.514618668836453,0.237445256488352,2.16731501166753,0.0302108426301508,0.267538180607743
LOC101929762,151.850914826282,0.444369241551675,0.2060083075546,2.15704525136153,0.0310021387823275,0.272292764484458
SAMSN1,31783.748931842,0.794003058374371,0.369293268749287,2.15006100994876,0.0315503892066582,0.27563617705852
LOC101929295,84.4689324646357,0.599215977530644,0.279099744511231,2.1469599643669,0.0317964690519528,0.276774015207843
FFAR3,277.667197469742,0.744673208209064,0.346813854557132,2.14718414049515,0.0317786247991341,0.276774015207843
ADRB2,596.244957383467,0.566138659645064,0.263636584609207,2.14742070219222,0.0317598039761783,0.276774015207843
TGFBR1,3362.44251848116,-0.487767741480513,0.227705709985161,-2.14209710205467,0.0321856690616653,0.278621534350212
NQO2,1858.95690670136,-0.566031411933508,0.264538541606946,-2.13969355276224,0.0323795404328816,0.279603987536516
MIR4530,9.64244166703232,2.32254555014672,1.0859709194869,2.13868116398924,0.0324614991329001,0.279946919358457
ZBTB49,158.982110103217,-0.611803991295004,0.286054307096079,-2.13876867475208,0.0324544076228728,0.279946919358457
LOC100289495,62.652121676755,0.842290389489991,0.396126690422702,2.12631567085569,0.0334769840813645,0.285118368706675
GRIN3A,28.1319361299014,-0.902811831908258,0.425295412511985,-2.12278760914877,0.0337716536262892,0.286482747741099
AMER2,188.758652253393,0.407363902473061,0.192063407508929,2.12098654166657,0.0339229350074469,0.287439051003441
MARVELD3,346.835798916848,0.431000977188186,0.203258926294558,2.12045288758236,0.0339678706131945,0.287656362552283
ZNF704,10.2304793625127,1.36372032601758,0.645210646803339,2.11360480917986,0.0345490347620465,0.291584468254895
ELL2,8983.24365876104,0.673560355838979,0.319436155820977,2.10859147771758,0.0349798591339713,0.294387493941825
KCNJ1,34.7739077430818,0.861971910931657,0.408949918963279,2.10776887575091,0.035050986301171,0.294653528021062
PIGA,822.271948999025,0.540099458839261,0.256318223509741,2.10714420318513,0.0351050817354473,0.294678215926058
NSUN4,624.980965118069,0.559472308608117,0.26562875425065,2.10621892267052,0.0351853401906134,0.294862778104927
LOC100133985,25.4635571448185,0.950453786343072,0.451677678473021,2.1042744232043,0.0353545158010107,0.295861155455425
CD14,16510.0656821169,0.313220760760578,0.149054200655854,2.10138834989133,0.0356068897865097,0.2971491591417
EIF1,46676.281569947,0.455557578993901,0.217200413178106,2.09740659480394,0.0359575977985303,0.299238647304399
NYAP2,257.531482257397,0.3951518262698,0.188370624463569,2.09773592562584,0.0359284794400725,0.299238647304399
GLA,4375.08271909587,0.682879321198751,0.326848247942889,2.08928554917043,0.0366820264303722,0.303404914118769
RAMP3,37.9741963154991,0.801255663308035,0.384286536486618,2.08504745087768,0.0370649935329743,0.305072133654634
ISL2,145.521480655195,-0.686983116854607,0.330079369397899,-2.08126644845372,0.0374095243852474,0.306414138802463
TMEM252,105.187886604644,-0.976883579236179,0.470391778715023,-2.07674458491759,0.0378251392324063,0.308243880531626
ZFP92,17.6405828876243,-1.35571804867832,0.653591622594516,-2.07425860707428,0.0380552998542561,0.30910603852207
LOC101929486,124.017242605881,0.41316966666652,0.199454212568132,2.07150133028844,0.0383119702639401,0.310647538172893
LRRC17,112.898739738812,-0.512328182370767,0.247717400114801,-2.06819618699912,0.0386215786744501,0.311331677174095
LTB4R2,21.91935982295,-0.940209645469153,0.455435762503586,-2.06441769153284,0.0389781304967305,0.312516591450399
SLC41A2,187.357432816094,0.449264295025886,0.2178076317668,2.06266553371692,0.0391444166992997,0.313481513909015
PYCRL,143.883512406409,0.539051493252277,0.26188116468707,2.05838206766954,0.0395534717507607,0.314257285146028
FGD5P1,179.670660422708,0.416002719633293,0.202153420226728,2.05785644965453,0.0396039153560272,0.314490516349539
CXCL6,206.746169329773,-0.50694967638216,0.247323379282612,-2.04974425730645,0.0403893937587688,0.317850674999746
LOC101927580,81.8114655935223,0.588808962428278,0.288054378603012,2.04408961003768,0.040944695387887,0.320193100324887
LOC644656,36.4381625208784,0.853389011707386,0.418154125079403,2.04084800441784,0.0412659373674283,0.321370217315412
AKAP12,225.205258598857,0.386065409968802,0.189092704375484,2.04167268771082,0.0411840097402449,0.321370217315412
CRYM-AS1,196.707739621284,0.352155333135708,0.172687959926397,2.03925816997204,0.0414242680618962,0.32242176910598
PDZK1,18.1868812325233,1.19360706116629,0.585588820866749,2.03830233541617,0.0415197064747142,0.322491345134069
RRM2B,2335.63055632091,-0.540749663358589,0.265265188074284,-2.03852479582492,0.0414974775830475,0.322491345134069
DDIAS,123.20903514182,-0.561965687255238,0.276122926755645,-2.03520111081739,0.041830641342694,0.323558275074479
OTUD6A,258.013326100722,0.399289612120814,0.196160839383176,2.03552153108833,0.0417984243419006,0.323558275074479
C8orf86,109.626943538066,0.51967187367239,0.255618433366954,2.03299842983692,0.0420526816364319,0.324602298780595
ZNF439,73.9955792849169,-0.571623594984591,0.281392998735521,-2.03140660056669,0.0422137654103805,0.324836885224461
LINC01205,235.203828637507,0.35828484447506,0.177120297981258,2.0228333429801,0.0430903327540335,0.329203961250462
GRAMD3,13.0065590163389,1.73620359733148,0.862573730677278,2.01281761266743,0.0441338203336294,0.3344347879245
SLC19A3,70.3888017090954,0.591631524404084,0.294777699040322,2.00704302370973,0.0447450820971447,0.337123048953915
PPFIA4,30.8185451480053,-0.779999816058559,0.388748395520146,-2.00643867613889,0.0448094653631613,0.337315678755093
GPX3,969.270493689918,-0.544461238313751,0.271403665742689,-2.00609390010945,0.0448462305529963,0.337315678755093
C11orf95,21.1563690256376,-0.917879328200668,0.457728587612433,-2.00529167948289,0.0449318738199384,0.337736408405615
TMEM38A,263.914535595582,0.457318725166531,0.228227525309643,2.00378426986873,0.0450931745734347,0.338706304917559
HLX,3462.99211026871,-1.2061984586853,0.604178506533245,-1.99642729034904,0.0458874327630703,0.341649473469051
TRIM16,99.0940827291251,0.50307838709935,0.251996262203285,1.99637241719687,0.0458934008513625,0.341649473469051
PRSS23,332.237262357385,0.389011355541307,0.195168020900455,1.9932125854764,0.0462381735575338,0.34288905134933
ZNF627,49.5731384385781,-0.754173720870307,0.379318865080298,-1.98823151258416,0.046786091293722,0.344894206358515
PAF1,5439.04284554942,0.323847715262737,0.163266499011964,1.98355276325859,0.0473057195456311,0.347009441999015
RFX8,26.0332370645235,-1.41644152665982,0.714373277477698,-1.98277507196374,0.047392559672972,0.347475537071304
TMEM53,194.678859063956,0.559087269719208,0.283880093071443,1.96944866288494,0.0489015922959986,0.354186229193894
AMDHD1,19.396668344698,-1.02587978160784,0.521980703842432,-1.96535958907308,0.0493726331934667,0.356213874607725
LOC100129550,2906.77108461956,-0.490532250659218,0.249587869401127,-1.96536895737851,0.0493715496761608,0.356213874607725
CXCL8,886649.88327115,1.80230481449581,0.917451918747314,1.96446786765313,0.0494758590672426,0.356249091303737
CTH,65.9589588241037,-0.49878516424369,0.254528626625985,-1.95964269660177,0.0500375672183525,0.3577230296871
MIR3174,14.0126289245641,1.07281397033987,0.547142347153274,1.96075843136911,0.049907209269379,0.3577230296871
ABHD10,45.8337123878588,-0.750858349528997,0.382997512531865,-1.96047839727556,0.0499399005283301,0.3577230296871
RSBN1,1805.26340595254,-0.596420056502883,0.30471793590189,-1.9572856935304,0.0503138885705751,0.35918191491287
CHRNB2,71.7958202880808,0.839431647734255,0.429547721743074,1.95422209278145,0.0506749576606675,0.361148490510574
DOK4,262.220320330526,-0.630399858483583,0.322754345793462,-1.95318782442357,0.0507973432703739,0.361740729695263
LINC00092,174.465124198967,0.422284694594852,0.2163060188258,1.95225586827029,0.0509078341756416,0.361862979533529
SNORA10,26.6209088834906,-1.44074858123321,0.738187119495874,-1.95173898755797,0.0509692012729279,0.36212658341266
LINC01547,78.9914257536252,0.761539728290097,0.392386700515654,1.94078883736202,0.0522838955375498,0.368089334706849
PVRL4,27.301415207482,0.776529511014641,0.400199827029157,1.94035443937877,0.0523366295504421,0.368158564380068
DUSP13,36.854466477549,-0.745124043345272,0.385490750388104,-1.93292327402174,0.0532456502955139,0.371109771949652
KATNBL1,8365.68424843236,-0.616749923382829,0.318913759005722,-1.93390816785601,0.0531244197053442,0.371109771949652
HTATSF1P2,2634.68601882076,-0.51879563700181,0.268545026692472,-1.93187579524947,0.053374837968708,0.371432085220411
ESPL1,36.4778442774561,0.86103143922251,0.448303964339046,1.92064203690896,0.0547768516907381,0.378361996051531
LOC101926933,24.3864430351978,-0.781658168557864,0.407019738998258,-1.92044290156947,0.0548019789090932,0.378361996051531
RNMT,676.855162796722,-0.334320468984376,0.174304095120903,-1.91802991635096,0.0551072178984607,0.37981125713111
EIF3I,1669.62069221682,-0.188265580087276,0.0982097892773286,-1.91697366904683,0.05524127687622,0.379987620874109
HNRNPH3,3600.43472069592,-0.385186668019465,0.20092055416802,-1.91710932519802,0.0552240441892997,0.379987620874109
LOC643802,1822.26274792185,-0.581560977113002,0.303492363539054,-1.91622935856231,0.0553359079874532,0.380287740007783
ZNF276,4433.49384848368,-0.501491523621181,0.262033542554219,-1.91384476480684,0.0556399937761323,0.382025426880046
PDZD2,51.2525793104179,-0.619357805263857,0.323670889914534,-1.91354188641246,0.0556787165915328,0.382115370699277
SLC20A1,7391.84512725879,0.517101508230781,0.270528500222274,1.91144928466286,0.0559468682946982,0.382561723350204
GPR1,181.223300068479,0.405813818460923,0.212346701199623,1.91109075944357,0.0559929184491742,0.382561723350204
DCTN6,321.38037056439,-0.43637823541677,0.228335295564082,-1.91112913287776,0.0559879881314327,0.382561723350204
BACE1-AS,67.9240626633519,0.487588041254062,0.255475182377701,1.90855345210479,0.0563197215379532,0.383514158582418
NRM,470.149561511002,0.523695963762212,0.275206935905227,1.90291702510927,0.0570513730788718,0.386203870506226
PPAP2B,35.7019418390069,-0.813390291206257,0.42861313839244,-1.897725987255,0.0577321873871191,0.388695309482667
PMS2CL,102.945235753727,-0.581841031618079,0.30728581947447,-1.89348481037349,0.058293426338484,0.390398113958189
LOC100289230,495.614608729164,0.567414775765887,0.300851723622018,1.88602800387732,0.0592911810670064,0.394398248510711
LGSN,90.672549975999,0.619991332516813,0.328695395937464,1.88621848732791,0.0592655182401324,0.394398248510711
LINC00152,723.581856575092,-0.626311871714019,0.332924928048461,-1.88124054087909,0.0599392052073894,0.396220464210017
CEBPE,105.946176068555,-1.10597853575376,0.590056399573148,-1.87436071628718,0.060880724146873,0.400314920283208
HSF2,72.9382454420307,-0.557477821697065,0.297615574951309,-1.87314733709172,0.0610480421471186,0.400884831589599
INTS6,3621.10041071422,0.403366033184077,0.215420432233916,1.87245949235715,0.0611430610184674,0.401155507685176
CGNL1,233.54689720602,0.377268959889693,0.201727529381277,1.87019075208437,0.0614573334851429,0.402785876047213
NLRC3,847.814473640299,0.462274120591449,0.247520813342499,1.86761716862894,0.0618154516051428,0.403967497715817
GRTP1,395.779639381643,0.423206551587227,0.22710485376451,1.86348527815288,0.0623940219001377,0.405128193687114
MYCNOS,47.3849884628042,0.573478286151447,0.307801759364796,1.86314167708113,0.062442335901932,0.405128193687114
AARD,126.086479675822,0.486602693326511,0.261299184851746,1.86224344175661,0.0625687836334152,0.405128193687114
POU5F1B,162.221615436538,-0.710660700527954,0.381202367971191,-1.86426098114286,0.0622850634204116,0.405128193687114
SLC25A25-AS1,518.988102938673,0.288363997737511,0.154875927105263,1.86190328689055,0.0626167236729887,0.405128193687114
LOC285847,24.3468138635628,1.19190271410343,0.642661285235362,1.85463593573545,0.0636482328434994,0.40983855630186
HSPA6,11716.4118280794,-0.312061296184915,0.169221466025869,-1.8440999449633,0.0651685759546793,0.415324347526552
CLP1,125.124937753446,-0.576347946189286,0.312825989323963,-1.84239150792686,0.0654179030705536,0.416110572716972
CROCCP2,60.7010560523026,-0.543705958433781,0.295646950414604,-1.83903793924243,0.0659096060119113,0.417868978619591
HIST2H2BF,612.839780277079,0.440874158126108,0.239868776448507,1.83798060195113,0.0660652637525364,0.417955031303538
KCNG2,17.3567045369233,1.24987284345709,0.679973634129605,1.83811956923445,0.0660447881691007,0.417955031303538
MIR221,63.814971715001,2.23394087485603,1.21672861617872,1.83602230205778,0.0663543583131396,0.418065096779969
ALOX12-AS1,87.6974883341072,0.452196156742307,0.247866813742766,1.82435135189817,0.0680989716250421,0.424210511213138
PDSS1,222.706854805775,-0.950762726559003,0.521879181539977,-1.82180619612659,0.0684843972721195,0.425544923549633
MND1,51.8496634099319,0.529980120866646,0.292011292078128,1.81493022785177,0.069534632522852,0.429209426661131
PSTK,9.54694601802896,-1.17103298586933,0.648771601087794,-1.80500037903302,0.071074622720642,0.433367919590036
KIAA1551,63944.5484706354,-0.376435467948293,0.209014098451496,-1.80100515102645,0.0717020680787636,0.435472068763378
KIAA1755,26.8718651513173,0.797643425517885,0.444173526307286,1.79579236103789,0.0725275460948662,0.438247641712988
IL17REL,29.431973012005,1.06716989185336,0.59435293379564,1.79551547771158,0.0725716090041026,0.438247641712988
DSE,1642.26143531041,0.55577779497951,0.309545430758961,1.79546438019396,0.0725797430017835,0.438247641712988
TRAF5,197.170763469206,0.542801024685369,0.302899863384391,1.79201475570339,0.0731306023933308,0.439534020520465
KANK2,107.743551934494,0.513681665675924,0.286701662975677,1.79169405696647,0.0731819870550737,0.439534020520465
HSPA7,5704.08793067865,-0.331119600757742,0.18500635984963,-1.78977415169333,0.073490226160147,0.440321310858286
TRMT10A,90.4723756650202,-0.687134636552054,0.383906724864707,-1.78984787722645,0.0734783700175016,0.440321310858286
LOC101928150,256.392778260564,0.320293051700563,0.179170977696758,1.78763913563418,0.0738342471883625,0.440792945362587
APTR,75.9939099866544,-0.591877746228011,0.33288307832646,-1.77803494609466,0.0753981155589762,0.445841434310473
CES3,198.876613340323,0.6538825223493,0.368078164016313,1.77647735256667,0.0756542715129819,0.446647724098614
GCC2,3001.552213589,-0.273354764090638,0.15453726346201,-1.76885987215528,0.0769172622165308,0.450899546167827
ANKRD37,37.11826675351,-0.717798071958047,0.406126289823588,-1.76742577356871,0.0771569497369357,0.45133970152364
MYO10,213.781592722881,0.433623095846271,0.247180238570672,1.75427897615809,0.0793827163864258,0.459206535869189
C2CD4B,12.4146116126767,1.26670798791315,0.724057511325493,1.74945769928449,0.0802119346438367,0.461239600602296
LOC100130357,2694.26913762212,0.405121141676515,0.231514985960953,1.74987005698561,0.0801407385469439,0.461239600602296
APOF,24.7745082222816,0.816450417430882,0.467873344243582,1.74502443337705,0.0809806159621489,0.463950797481186
KATNBL1P6,954.228354330578,-0.570795051887745,0.327212564643225,-1.74441666844337,0.0810864605603181,0.464378796596015
LOC101929631,23.3121972535723,0.914576583394516,0.525101656424128,1.74171338483802,0.0815586092174983,0.465083885146859
LINC01127,235.393280518458,-0.591104955493098,0.33959036658127,-1.74064111842712,0.0817465053760812,0.465299860562404
NHLH1,267.541825090581,-0.530501328591392,0.306361647628497,-1.73161795119568,0.0833416078896795,0.470621428350196
LINC01501,116.122249787749,0.419311447736352,0.242427430485053,1.72963697588753,0.083695155389745,0.471710450614991
FANCF,152.207405512248,0.37035637614009,0.214249264286249,1.7286237942235,0.0838764482269627,0.471840615770915
PINLYP,8.70673963965555,1.94983945910717,1.13058698724703,1.72462577501889,0.0845949352987627,0.473843689528375
TFAMP1,98.8067533100638,0.408079914205305,0.2385926110317,1.7103627494612,0.087198814848193,0.482170376779647
DYNC1I1,9.13800191607445,1.58275030724327,0.927200552547545,1.70702045301263,0.0878182508911435,0.484695895068941
TGM2,253.320151730866,0.832951509355499,0.489993273891176,1.69992437394251,0.0891451515533978,0.488783972153683
HOMER1,55.711690557515,0.553467822120916,0.326073724851644,1.69737019556768,0.0896266936889613,0.489777531324104
TXNRD2,171.078205715982,0.310571930271043,0.183309425747322,1.69424964921957,0.0902178539435669,0.491777338675655
AVPR2,64.5511916900539,0.478142410124553,0.282277617872341,1.69387291039416,0.0902894356128173,0.491777338675655
SNORA12,39.6193908734278,-0.540925826047962,0.319571182335469,-1.69266146620232,0.090519923969973,0.492672856264309
KRT42P,213.656075368616,0.466570940992169,0.276615041708318,1.68671572634201,0.0916580266690686,0.495431733133679
EGFLAM-AS4,102.25544418142,0.404328225059326,0.240433646507998,1.68166240845112,0.0926343213896539,0.498138178458462
KLF9,115.61965567075,-0.572120808110882,0.340678115425854,-1.67935884990945,0.0930821279980596,0.498818955086165
EPC1,2472.50129190372,-0.329857379459386,0.196645873285386,-1.67741826435724,0.093460720296234,0.499383633743367
ENTPD3-AS1,277.940065855954,0.320493566962941,0.191198987265998,1.6762304630676,0.0936930594100262,0.499908620744802
LINC01099,121.390848585096,0.367488756528977,0.21945287920699,1.67456794304511,0.0940190333458509,0.500573311062719
LOC101927692,118.134906215727,0.339081810247721,0.202602199516573,1.67363341097382,0.0942026679837694,0.501014403581296
DCTN4,2995.08512446726,-0.387362486884887,0.232306532606111,-1.66746273787178,0.0954224278136742,0.504980364082798
MRAS,35.9036887819297,0.57668245650467,0.346167397038667,1.66590632577757,0.0957320734931018,0.506080259483384
LOC284395,43.1477559099115,0.766670683974902,0.461011796651835,1.66301749660846,0.0963089332049827,0.506438558381702
LOC101928227,15.0211005848234,-0.928866291385008,0.559344952683539,-1.66063229305751,0.0967873191487291,0.508056772426961
LOC102723809,20.2465609313185,0.904273092383693,0.544780698215712,1.6598846019057,0.0969376697075329,0.508309236409437
DDIT3,7352.13451917783,0.427660261971187,0.257799553538921,1.65888674398585,0.0971386163104438,0.508893327469354
MIER2,39.2096328233662,-0.615657698589702,0.371269698523161,-1.65824924856154,0.0972671681029089,0.508991297622958
LOC101928093,99.807467917831,-0.50766302448802,0.306550287919269,-1.6560513706701,0.0977114161199919,0.508991297622958
GLRX2,41.8164831385677,-0.588885874165446,0.355736809424593,-1.65539763826514,0.0978438647618976,0.509335854140239
MAGI3,190.406505964651,-0.646150136435315,0.391334776975298,-1.65114417233636,0.0987091394828956,0.51255201849179
POMGNT2,25.1162554105127,-0.787380565147388,0.477981605664058,-1.64730306735022,0.0994957677471727,0.51477963815289
KIAA0232,7568.76711301525,-0.307361668606251,0.187039175522337,-1.6433010236914,0.100320666619949,0.517079874665337
ZNF708,1733.82632559325,-0.370393743071971,0.225548907556636,-1.6421881492774,0.100551017878756,0.517317787555436
C16orf89,94.7575521613413,-0.419087888820907,0.256101887016177,-1.63641078050485,0.101753644451601,0.519592947887748
SRRM4,20.0622093028269,0.789164901900421,0.482712789212048,1.63485393289166,0.102079671552133,0.519812373133206
MET,42.364378050531,0.549382560546431,0.336084985590258,1.63465368612514,0.102121666489826,0.519812373133206
MIR29C,111.914372915545,0.592406842268775,0.36303440872841,1.63182009205073,0.10271739140757,0.521560932264588
HDGFRP3,21.3017036260819,-0.9046705244667,0.555070346492139,-1.6298303993069,0.103137346984241,0.522609676037645
LOC101927051,9.94931752114146,1.02113613346195,0.628309736117674,1.62521138025259,0.104117526393322,0.524585490734641
SOWAHC,159.398525248774,0.325400702663807,0.200516258566192,1.62281455374547,0.104629053630428,0.525541622361255
LOC101927924,93.6069646714932,0.467708454778113,0.290226097612345,1.61153134961292,0.107063959985094,0.531860371504899
LINC00462,12.6145486102602,-2.4108221286154,1.49769643308961,-1.60968676652458,0.107466255394067,0.533300536558546
MIR17HG,72.9445344155549,0.47132145499736,0.292872985815074,1.60930327420147,0.107550043507206,0.53338669731392
ZBED6,882.021286389355,-0.325233390617505,0.203011547581786,-1.60204379746665,0.109145924790061,0.53730431395542
MIR197,12.804725571485,-1.03185611389127,0.64477684150504,-1.60033060660602,0.109525260473617,0.53777436936547
LOC100506083,210.072923483346,0.337293796723262,0.210802754005819,1.60004454549939,0.109588701703324,0.53777436936547
KMO,30.3539881218302,0.670923189749059,0.419386034868574,1.59977475158254,0.109648561889163,0.537891119556936
CHGA,63.3306437021922,0.840571578778749,0.52649911178895,1.59652990851711,0.110370533747047,0.539480750498102
KCNK7,322.667001349842,0.438278368425708,0.274926800386801,1.59416385673963,0.110899339463167,0.541533022074068
P2RY6,38.3135034459149,-0.745083531364902,0.467459023316949,-1.59390127091357,0.110958149746692,0.541642843591625
ALOX12,578.946837267039,0.299271655947255,0.187897830247604,1.59273609255034,0.111219407107804,0.541816284231077
PRR23C,164.3761297163,0.313648992356389,0.196948951720994,1.59253953684768,0.111263526830566,0.541816284231077
DYNLT3,438.872221182668,0.397258404874164,0.249451238464491,1.59252929478125,0.111265826186635,0.541816284231077
TMEM143,26.7363604336249,0.721644116243671,0.454441324828014,1.58798083892741,0.112290672003861,0.544759528820291
LINC00904,27.8840232122546,0.690045538373678,0.436982233379245,1.57911577557161,0.114309503849032,0.547828960568603
MTHFD2P1,136.620113277271,0.363797546762365,0.230230723701529,1.58014334886942,0.114074041925676,0.547828960568603
CALB1,10.7031659734956,-1.19401157515372,0.755707159756605,-1.57999240808871,0.114108605106507,0.547828960568603
SYAP1,11185.3009180255,-0.517042970651946,0.327025706346565,-1.58104687374029,0.113867320548568,0.547828960568603
RAB22A,1620.11140674348,-0.206410893136441,0.131250325912014,-1.57265051878661,0.115799763123948,0.552792555792113
MLK7-AS1,78.9620636779684,0.891736273086512,0.568248105324763,1.5692727608425,0.116584396480164,0.555380149641718
TRIB1,67073.6820875651,-0.422024735098749,0.269080962525063,-1.56839313765812,0.116789411634367,0.555380149641718
GHDC,158.969862656711,-0.460922801942029,0.295032701735931,-1.56227699244872,0.118222749656356,0.558642628790224
HSD11B2,68.6387106834008,1.0394034776076,0.665693991009294,1.56138329569673,0.118433340792415,0.558746096563519
GPR18,77.4520382733876,-0.582821996979895,0.374030895607579,-1.55821886326571,0.119181374868556,0.558910706029809
LINC01448,93.7216587416294,0.353003214662545,0.22640123388013,1.55919298058881,0.118950711728127,0.558910706029809
FAM86B2,12.8161866381294,-0.782280191972449,0.503049204376253,-1.55507688943157,0.119927758275335,0.559791901954994
RIPK2,2959.59880765361,0.479130672135595,0.309216952388289,1.5494967802863,0.121262344905539,0.562483779028399
ZBTB1,1459.51932665539,0.3949877080235,0.255425398829904,1.54639166595385,0.122010005679998,0.563363542641713
HLTF,138.413782639829,-0.632704939708859,0.409320035222943,-1.54574632381297,0.122165844868112,0.563363542641713
MRC1,22.9724992371431,1.35948262696638,0.88130843325399,1.54257303762187,0.122934404113083,0.564619885598524
AIRE,20.3764509390597,0.93016813025888,0.604035977911935,1.53992173359331,0.123579432407137,0.565408592627243
IRF1,54022.4811447505,0.51066091422663,0.332219678265274,1.53711820110449,0.124264366592749,0.56620496852068
PRKDC,25031.7789152436,-0.465626543669907,0.305392956990688,-1.5246800327622,0.127338924413062,0.571817338082502
LOC148696,216.402579247091,0.549134759302252,0.360485192069189,1.52332126640268,0.127678349151071,0.572651795756367
LOC101928269,35.5119722208562,0.585012512359183,0.384010714185454,1.52342757831662,0.12765176670196,0.572651795756367
SNORD2,16.9088474859755,0.733766242920056,0.482632822503311,1.52034053364662,0.128425411711824,0.573488257167493
GUCY2C,89.0940504627466,-0.366222243945343,0.241586331217185,-1.5159063101799,0.12954304449551,0.574921194596136
SARM1,32.0341476677921,0.646578867064223,0.428162025845357,1.51012660636502,0.131011121638524,0.577831758365361
NHSL1,30.6218748900564,-0.608303311218494,0.403186668427503,-1.50873865346536,0.131365583417829,0.578868980985546
SLC25A25,260.825098504932,-0.639125960359589,0.424726765660993,-1.50479322715848,0.132377245579607,0.580402672985442
GJB2,47.8517618108966,0.751623787348564,0.500077168360258,1.50301560419789,0.132835020170415,0.581611466764943
NKD1,93.5393006204689,0.423572711113251,0.281938610582482,1.50235794323507,0.133004691709412,0.582012607823491
SNX32,18.0643116932182,1.59663345027836,1.06341833272326,1.50141614183913,0.133247961425244,0.582617973604176
UBE2S,1873.02269914823,0.373542469212069,0.249973901158922,1.49432587754266,0.135090464637811,0.585981413363491
RHOH,6551.03110217803,0.822421642369023,0.550529026057376,1.49387516995936,0.135208249437197,0.586059368385189
RPS6KA4,253.880913772705,0.406967318463372,0.27258576062919,1.49298817929447,0.135440281151566,0.586348933656743
LOC646626,19.0322669678607,0.783873711644182,0.52606611497669,1.49006691236693,0.136206643082839,0.587307301161065
GGT5,65.0374530565024,0.415503116383128,0.2788275876836,1.49017936078341,0.136177081673763,0.587307301161065
LOC102546294,29.0770510260958,0.624688489213956,0.419295009990725,1.4898543372309,0.136262540200985,0.587307301161065
UBE2C,147.8861305888,-0.496813616836839,0.334293190701565,-1.48616134176769,0.137236450163559,0.589010814824952
ZNF491,99.0232453722821,0.335639743138674,0.226078302804238,1.48461722763952,0.137645249227334,0.590366293277894
DPH1,28.4198823728247,0.820460652624562,0.553010874110757,1.48362480926594,0.137908483883707,0.590645956392224
LINC00939,37.6387670237718,0.514893265597197,0.34785280025074,1.48020445782254,0.138818691138255,0.592502329978475
NOLC1,966.507302681295,0.499262151423525,0.337552702718919,1.4790642984105,0.139123130866894,0.592696491662293
LINC00886,35.047813613802,0.555579136103691,0.375735271323926,1.47864514860709,0.139235179319633,0.592696491662293
LOC102467655,27.5279518122642,0.723965234768595,0.489523115968006,1.47891940370781,0.139161856722903,0.592696491662293
CTDP1,1405.44867340251,-0.184503995848626,0.124973957746746,-1.47633954445545,0.139852763336078,0.594000556842111
MYB,93.8715892628956,-0.916884741431727,0.62181402704145,-1.47453209731245,0.140338382200786,0.595444697236295
SLC52A1,43.7675180941033,0.562903522576406,0.381845298545266,1.47416643525775,0.140436784614505,0.595658068531317
PLSCR2,81.8044717956327,0.592067197528767,0.401982456402618,1.47286825108547,0.140786564418746,0.596293676562557
SPATA1,152.039375536902,-0.297669405105166,0.20251555723264,-1.46985944770267,0.141599824555336,0.598225053648583
RASSF2,46166.1733824848,-0.311274790959434,0.212018519820738,-1.46814906180185,0.142063737230896,0.598604236981746
FZD10-AS1,49.2300670095456,-0.521866399200506,0.356703492895932,-1.4630257611544,0.143460330038586,0.599374774519782
FLT1,1073.65809932104,0.43214058723962,0.295143299702605,1.4641721078373,0.143146929152733,0.599374774519782
MIR4313,13.4598901977095,0.887329029676567,0.605741078924056,1.4648652048705,0.142957697634178,0.599374774519782
CD2BP2,1586.42870100373,-0.323224704556395,0.220643577383707,-1.46491780268,0.142943345056388,0.599374774519782
MAPT,13.2062502355326,0.901020640916366,0.614544776325344,1.46615946571704,0.142604848507878,0.599374774519782
ZNF266,755.522501948819,-0.270034461990406,0.184594272225591,-1.46285395930595,0.143507344436823,0.599374774519782
MTMR7,68.3320559155933,-0.440286066621471,0.300719294456469,-1.46410980185778,0.143163949536663,0.599374774519782
C11orf71,229.098073455282,0.38851746059599,0.26592365771799,1.46101126891091,0.144012348905472,0.599921119318248
NUCB1-AS1,8.69303225373933,1.7932535651976,1.22754146746358,1.46084968429044,0.144056697396811,0.599921119318248
MFAP5,177.25671363947,0.295301006602266,0.202445557831306,1.45866873921894,0.144656304117156,0.60079042790949
NUDT9,30.3166433345204,0.634497566354286,0.435390020063784,1.45730847542471,0.145031248338143,0.600948751783907
ZNF699,62.9583310451157,-0.476506082333452,0.32746943706125,-1.45511619835327,0.145637095489021,0.601788391099504
NPHS1,328.201817602881,0.512717653159087,0.353030565244186,1.45233218773691,0.146409261700711,0.603149535840525
EZH2,162.366418795726,0.572191728893182,0.394624928939899,1.44996346386502,0.147068707997172,0.603707781771332
MPDU1,91.9607883825268,-0.390842915177679,0.269997297916071,-1.44758083949112,0.147734312976759,0.604599837931506
LOC400706,86.7261118476851,0.481434186113176,0.332777620995417,1.4467144295133,0.147976921409458,0.604848948140616
WDR46,206.964086236254,0.436312879080098,0.302016321051033,1.44466655828965,0.148551567548418,0.605948995308962
CCDC39,17.5894537221407,-0.706417214664582,0.489152695806066,-1.44416502397169,0.148692560825026,0.606358260755705
KRT8,156.409293823255,-0.380425552895163,0.263679084472827,-1.44275968515192,0.149088179441534,0.607307298555476
LOC100996351,266.483253404297,0.312551652131306,0.217595858756282,1.43638603196662,0.15089252554863,0.61069914867469
GPANK1,435.663816470585,-0.304730889807713,0.212423935205051,-1.43454121360457,0.151417876750275,0.61244773419497
PGM5P3-AS1,14.5302011457614,-0.763080218666793,0.532212908169731,-1.43378750675366,0.151632911247373,0.612519933332078
SEZ6,314.718311161683,0.526847834425327,0.368599062937172,1.429324942465,0.152910860260581,0.613990215149714
SMIM17,383.860127354848,0.245140684610772,0.171234818871981,1.43160536055488,0.152256794644318,0.613990215149714
CHMP1B2P,10.8150905562702,1.21646793930331,0.851006554648409,1.42944602795203,0.152876077077824,0.613990215149714
ATP5L2,74.667603445236,0.534583076356847,0.374617870774791,1.42700900854306,0.153577298007251,0.615051480309284
LINC00202-2,27.6517709289416,-0.527913290935129,0.370863913058841,-1.4234690201615,0.154600236649508,0.616952991478219
TET2-AS1,46.047294224283,-0.852460309760492,0.599650958444868,-1.42159417533703,0.155144096670109,0.617831931076733
ID1,24.9088143991472,0.75878370807051,0.53487582096225,1.41861658039701,0.156010829320368,0.619432773603475
C2orf48,56.7832429333781,0.425563086815091,0.30016085250315,1.41778344266471,0.156253999618598,0.619573490112245
ZBTB20-AS4,115.483843121972,0.308289589759049,0.217583432304127,1.41687989059818,0.156518046822816,0.619961124108539
NEDD4L,114.949817687996,0.407883992782174,0.288230301847336,1.41513224032293,0.157029726936277,0.620729029200129
ENPP1,253.682750913012,0.280269070869939,0.19801222481779,1.41541296820356,0.156947449559527,0.620729029200129
LOC101926955,280.479901214069,0.356807179195158,0.252689025984034,1.41204066067239,0.157937989198015,0.622140451064696
MIR192,21.8378733051697,0.699030310832299,0.495866455322575,1.40971486038022,0.158623895006941,0.622843113806876
SNHG10,21.8995208926257,0.647084380241338,0.459775563319886,1.40739184912081,0.159311226825254,0.623408114837318
TXNL4A,137.965036502659,-0.31366755663677,0.222756909366144,-1.40811594813967,0.159096739360206,0.623408114837318
C1QTNF3,26.1828731722216,0.649312288108892,0.461112752881026,1.40814211719801,0.159088991840961,0.623408114837318
UBA6-AS1,33.4303916853133,-0.48314276107095,0.343594163102535,-1.4061436804058,0.159681463945914,0.623814961519956
MTRR,199.375761653766,-0.513429594115631,0.36515222462287,-1.40607001544603,0.15970333507927,0.623814961519956
SIAH3,26.851639126269,0.980658033293188,0.698013678425955,1.40492667064148,0.160043084785686,0.623995395395396
C5AR1,89767.8431012128,-0.214051560977057,0.15247158089715,-1.4038784127348,0.160355058947939,0.623995395395396
LOC388780,59.9126032866025,-0.608658841127572,0.434726456586369,-1.40009615680394,0.161484525776543,0.625024327252942
FAM184B,118.376350654183,-0.409091098270456,0.292525543940804,-1.39847991652052,0.161968999485276,0.625718445046775
PF4V1,60.006770556287,-0.740724328789017,0.52975609009031,-1.39823655196251,0.162042043801748,0.625720610879201
OR7E91P,15.3253632374105,-0.693515226423017,0.496616354400868,-1.39648084537951,0.162569744767011,0.62611571401365
SUMO1P1,425.320407034073,-0.365888172180969,0.261839984181051,-1.39737318318799,0.162301378985253,0.62611571401365
MC1R,53.5399670671087,0.570503245469894,0.408926267933159,1.3951249655675,0.162978158893241,0.626900511626232
SH3TC2,67.9291605785113,0.459994121077482,0.329827846678349,1.39464913502611,0.16312167044042,0.627129020695534
LINC00106,55.4044019606276,0.442933773037227,0.317831109030799,1.39361365345236,0.163434303260595,0.627360557149357
LOC101060091,50.2506967621531,0.511404780902128,0.367008519701519,1.39344116948032,0.163486423515432,0.627378578427366
CA13,136.543627286783,0.304073075603863,0.218441017442897,1.39201455460786,0.163917990602743,0.628408481711749
BCAT1,315.860254080249,-0.480366725521282,0.346563132291982,-1.38608721113638,0.165720274985518,0.629947424122939
ABHD17C,76.3916946428694,-0.805592049053074,0.58045527558596,-1.38786239515153,0.165178950664577,0.629947424122939
TNFAIP1,259.650199979366,-0.26867669227004,0.1936483819826,-1.38744609957124,0.165305776153232,0.629947424122939
NAPA-AS1,56.7658193594527,0.689866183674742,0.497284842403848,1.38726565712312,0.165360771158179,0.629947424122939
GCNT7,453.137311242663,-0.593641728985962,0.427663412209117,-1.38810501913053,0.165105068452431,0.629947424122939
PLCD1,310.231830594184,0.363365220490542,0.261752452203129,1.38820178161524,0.165075609935122,0.629947424122939
C6orf25,494.666256540134,0.255236123911097,0.184504400535515,1.38336063080494,0.166554315717135,0.631157242332026
ERCC8,35.2633301666904,-0.491981941171217,0.356269030804781,-1.38092817121901,0.167301047079809,0.632275852787935
FLJ32255,2356.65202128968,-0.251318069997374,0.182611325311076,-1.37624580276857,0.16874554599611,0.634679023313993
LOC100128573,189.621828908305,0.27382716146567,0.1993720129934,1.37344834590567,0.169613008874055,0.636539847536371
ZBTB42,21.057851197239,-0.752725232927249,0.548930540047273,-1.37125770568791,0.17029463515142,0.63681140772646
GUCY1A3,12.0529660761986,-1.0634355241878,0.776499367456732,-1.36952529358893,0.170835133898642,0.637394133557781
FAM138E,14.2357284669035,0.765581826131625,0.559516901224821,1.36829079596293,0.171221070639041,0.638035938640685
GTF2IRD1P1,27.2765031732518,0.713915838253366,0.522922971338843,1.36524091956703,0.172177341185744,0.63920355715783
ECHDC3,120.874373873672,-0.653679862374328,0.480487138717945,-1.36045236115685,0.173686818425177,0.642056215376467
EXTL3-AS1,378.801257110372,0.314862090171677,0.231879583629845,1.35786896475672,0.174505266761973,0.643520534921192
LINC01249,10.7451425116978,2.01100107942574,1.48531331556116,1.3539238208916,0.175760682895854,0.645056643089254
PRX,27.9465557010074,0.79977231116493,0.592341970313354,1.35018680297437,0.176956070264796,0.646008782340001
NAA38,948.067824252888,0.421556120709366,0.313344012757983,1.34534602081248,0.178513518297683,0.6483280158065
PTGIR,17.3718457825782,0.934596836191095,0.694853562758245,1.34502704783031,0.178616500033314,0.6483280158065
TNFAIP8L2,411.573925775972,-0.430816397933523,0.320613948484387,-1.34372319099056,0.179037915171673,0.648634088382359
CLMP,44.3015171379476,0.736763789593964,0.54852587072894,1.34317053927625,0.179216758812579,0.648634088382359
MESDC2,313.232339034748,0.407971005754498,0.303507111586913,1.34418927985373,0.178887187338263,0.648634088382359
ASAP1-IT1,10.1847329230498,0.886041476953408,0.659701622643047,1.34309428162924,0.17924144697836,0.648634088382359
TMIGD2,186.927920642043,0.383404769484012,0.285563177665647,1.34262677918833,0.179392854651736,0.648679492866507
SLC25A27,16.1936380290058,0.749105403693645,0.558208686436866,1.34198091483546,0.179602183898148,0.648996212375352
CYP27C1,162.060310592927,0.294329661969772,0.219364722789365,1.34173653004539,0.179681438083664,0.649125311565331
ZNF675,53.5904948682783,-0.601850101584954,0.448770434184667,-1.34110907434979,0.179885041518944,0.649374854798817
MYH10,1718.27833583538,-0.186365548145394,0.139363815497812,-1.33725922672029,0.181138035175848,0.651389322058698
CENPU,367.994620126478,0.449052187627362,0.335919618964022,1.33678464214815,0.181292943682747,0.651475100997784
ZBTB41,48.7273790689004,-0.505470641792002,0.378414695186968,-1.33575848988174,0.181628224772967,0.652166925603416
TMEM199,380.468460726507,-0.269858517240251,0.202020378315698,-1.33579849463771,0.181615145158068,0.652166925603416
FARP1,41.7897307190821,0.539862091557357,0.406912705193151,1.32672704653225,0.18459899071305,0.654212155062671
LOC101928988,67.7603107960745,-0.495283316026322,0.373671377792531,-1.32545157446153,0.185021420779403,0.654931034437036
KLRF1,34.2841706140232,-0.754448768669272,0.571130770693946,-1.32097377235092,0.186510109547181,0.657236593496482
RFTN2,11.790273679416,-0.775037611789433,0.58669949947628,-1.32101290776841,0.186497060373396,0.657236593496482
FAM20A,99.3132806947853,-0.387557351758729,0.29415798315207,-1.31751430848768,0.18766628810687,0.65897512468513
P2RY2,980.506021193144,-0.373150173594339,0.283637891709,-1.3155864731119,0.188312876154823,0.659692253252731
TMEM169,102.960458827165,0.31861340447982,0.242284826244525,1.31503656014455,0.188497615611141,0.659744713765631
WFDC8,149.86325507271,0.330348224592261,0.251290463262712,1.31460708975214,0.188641986158687,0.659744713765631
FOXQ1,93.5452426538848,-1.57062506825453,1.19927883128167,-1.3096412838172,0.190317215465755,0.661910842134127
SERTAD1,1334.66029403045,0.338285234380564,0.258641284433642,1.30793208486155,0.190896345788284,0.662684532275951
ODF3B,1548.10072032869,0.264215042652877,0.202982570045014,1.30166369750016,0.193031374621237,0.666403291396002
LOC344967,142.322265690463,0.279784223139902,0.215536979777685,1.2980799092039,0.194259877293371,0.667672716620927
SNX11,1055.34761636304,-0.180044226280109,0.138883739732868,-1.29636649060869,0.194849251052496,0.667690000217341
CARD6,1152.16189133422,-0.259761626347515,0.200261917714765,-1.29710945202021,0.194593529776109,0.667690000217341
SGK223,48.6938539718666,-0.548795553915907,0.424143388855734,-1.29389156670923,0.195702877895772,0.669017596668045
LINC01058,10.7029906991879,1.42859489345816,1.10524579336651,1.2925585440201,0.196163785462262,0.669048951458513
PUS7L,163.635760398615,-0.453212958296726,0.350857318545392,-1.29173009750997,0.19645063059592,0.669235481733847
ZNF449,38.8051415147916,-0.588709469004943,0.455877131393715,-1.2913774972768,0.196572809692899,0.66924447754788
COL27A1,10.4001323410868,0.887755144574651,0.688123590973767,1.29011002706416,0.197012458919395,0.66960513564469
LINC01420,18.866190052329,0.823139959023579,0.640107535086834,1.28594011772087,0.198463961273915,0.672199194748558
RPS2P32,68.7554954412194,0.476050849305588,0.371004834843629,1.2831392062754,0.19944331015878,0.673661976793326
HIST1H2BG,23.5779451386216,0.782104862709271,0.610158267838312,1.28180654747191,0.199910516816254,0.674189402370149
TBX19,54.5249061701902,-0.358833617369466,0.281218813848732,-1.27599434923469,0.201957516632627,0.6766473408169
LRCH4,7348.43361880141,-0.14920145008888,0.117197652582285,-1.27307541406706,0.202991282346326,0.677986336759408
ZSCAN31,29.9299086892402,-0.917358873721373,0.722382491905313,-1.2699074022431,0.204117616121101,0.679439399870723
HIST2H2AB,34.701270296578,0.482012840436581,0.379994325739291,1.26847378444089,0.204628806855926,0.680104612579099
NFE2L1,1517.64204637369,-0.191109889096628,0.151862056835732,-1.25844396604841,0.208231239953225,0.684149037546253
ZNF184,227.612224001959,-0.925767885087843,0.737488096072227,-1.25529874993016,0.209370328801435,0.685574142007638
RGPD3,973.631873595021,-0.321481569465586,0.256655937607709,-1.25257795499343,0.21035934182579,0.686139720074092
HIP1R,590.895508320467,-0.477780203159824,0.382551443337379,-1.24893059869718,0.211690458816544,0.686552765139157
LINC01224,49.4216853159421,0.376812718117944,0.301621675388688,1.24928925493289,0.211559296552339,0.686552765139157
C5orf60,22.3214086811103,0.5928733167909,0.474914505205938,1.24837904568489,0.211892279012072,0.686552765139157
UST,319.839126258858,0.302484635134678,0.242160465416365,1.24910824983175,0.211625483620613,0.686552765139157
MMD2,163.00972279424,0.298027116607648,0.238833304437786,1.24784571946197,0.212087561991201,0.686552765139157
EGR2,1914.71097773752,0.351331675999513,0.28373214695369,1.23825121605574,0.215622926345066,0.691590266315776
CCR1,6984.69366002906,-0.412436296957543,0.333125960763541,-1.23807912181992,0.215686724506016,0.691590266315776
BBS10,265.670973410431,-0.378501732816609,0.30584211801787,-1.23757229798707,0.215874691405825,0.691735984730355
RBM5-AS1,244.023924496728,-0.21023215248849,0.170135644863983,-1.23567376287645,0.216579853953642,0.692243172343713
MPZ,458.948829248412,0.358239139504315,0.292372354691305,1.22528390169636,0.22046827169794,0.698055909942969
LOC101060498,27.3478956010972,1.16654885219956,0.951985296812652,1.22538536688045,0.220430057699864,0.698055909942969
LOC643733,32.0238185755838,0.529588736903827,0.432575926962006,1.22426770399163,0.220851255993943,0.698403573266684
PDE3A,26.3829682060107,-0.686373284642588,0.56155533890753,-1.22227185298938,0.221604839668815,0.698688987381301
LOC101929380,67.8049690152195,0.386605365640707,0.316439185069069,1.22173669975899,0.221807213076809,0.698688987381301
ABHD11,267.180607448933,0.217641714649983,0.178114588804423,1.2219196423543,0.221738016663875,0.698688987381301
TEX30,46.1016470333711,-0.56001847221848,0.458940472603957,-1.22024206982884,0.222373123085868,0.699092603104751
IGF2BP2-AS1,20.5484469015308,0.802754738176138,0.658348237588838,1.21934668058987,0.222712638053182,0.699527168796221
LIPN,1827.81024238893,-0.491521716162232,0.403889504809624,-1.2169707563803,0.223615342511453,0.700186904440878
SEMA6B,224.784966412511,0.47276840326178,0.388730887691457,1.21618430186856,0.223914722341573,0.700186904440878
TMEM184A,55.1563410662535,0.407117690311159,0.334683359862996,1.21642644700894,0.223822514371826,0.700186904440878
LOC101929297,32.2131027768213,0.4715366243505,0.388386955148085,1.21408975790835,0.224713450661111,0.700638028373227
CLK1,10832.9413610524,-0.192433125446714,0.158778133387137,-1.21196238639183,0.225526779153204,0.700774418681144
KCP,121.909730721359,0.277055984209246,0.228607781919507,1.21192717886917,0.225540257215399,0.700774418681144
GSG1,599.646351036154,0.21495215885743,0.178122892231713,1.20676324173878,0.227523335924582,0.702205196325184
PIK3R2,412.290373112269,0.24900864167369,0.206550042639418,1.20556083403185,0.227986868420305,0.702605988171999
ADARB2,215.796730480675,0.558519218190313,0.463893869634524,1.20398059717913,0.228597078003586,0.702665052562408
ZNF350-AS1,25.6620615870523,-0.600831004932944,0.499241617043359,-1.20348741855942,0.228787757176213,0.702665052562408
LRRC75B,26.2210820138646,-0.486443911920966,0.404537330453623,-1.20246977300092,0.229181570452071,0.703247893035336
PGPEP1,1076.28956766999,-0.204525305098732,0.17117936041014,-1.19480119921407,0.232164711696826,0.705850097879438
VSNL1,9.50184884043986,0.823662509358663,0.691113143470617,1.1917911229736,0.233343157378034,0.707285875198906
FAM96B,137.355593401626,-0.269680297301486,0.226705802303127,-1.18956063127532,0.234219127115801,0.708317160296396
SYN2,452.727953784332,-0.378135337436925,0.318213746333928,-1.1883061049164,0.234712833400351,0.70855718309705
LCP2,71744.445308,0.239464879331947,0.201550649603878,1.18811266449691,0.234789025473661,0.70864374355165
POU5F1P4,90.5912207841565,-0.426929757335286,0.359914668704926,-1.18619715854177,0.235544448121453,0.709511320700534
GNGT2,169.486609813542,0.374382504411229,0.316521638576659,1.1828022440891,0.236887531007008,0.710808205442369
MT1F,8.36612069416671,0.969210474012315,0.820190205561001,1.18168989027293,0.237328771203483,0.711127981707362
MCMDC2,251.703556907865,0.279160342889343,0.236266251580465,1.18154980248742,0.237384381322558,0.711151723315249
KIAA0226L,14512.9240547555,-0.254682560096501,0.215688444834385,-1.1807890788589,0.237686523639998,0.711913863635929
SLC14A1,169.484002093705,0.319529096059485,0.270966312182355,1.17922074329464,0.238310288255413,0.712707425053413
FLJ42393,51.3493455496135,-0.519306519721511,0.441739593787872,-1.17559423475833,0.239757060462679,0.713957077212448
MT1JP,8.83592981437108,0.892958928794793,0.762926305250218,1.17043929754385,0.241824229041581,0.716963166540178
SLC5A3,513.398628135721,0.293270424645937,0.250985653129526,1.16847485499336,0.242615276191983,0.717937644195701
SRFBP1,281.87159554633,0.175036082086651,0.150208750240916,1.1652855230199,0.243903437159978,0.719341438596422
FRMD6-AS1,537.382610064658,0.164781622661764,0.141686677215582,1.16300012040682,0.244829453570171,0.719862310940844
GAR1,50.2708683840216,-0.441320047968667,0.379766407670947,-1.16208289899894,0.24520179310647,0.720247063343862
ACTG1P17,219.195738251048,0.249223319634865,0.21554629088556,1.15624035380495,0.247582857997595,0.722355684566387
LINC01443,215.055113337784,0.244372333940847,0.211243266327826,1.1568289876829,0.247342236097828,0.722355684566387
DUXAP8,44.370564304777,0.4121123702847,0.356986656876817,1.15441953458475,0.248328210193919,0.72313891357126
TRIM7,272.577113565705,0.229516074741745,0.199236486052566,1.15197813055782,0.249330060153229,0.724090578545909
EDC4,731.920514969056,-0.159515543065327,0.138752866848178,-1.14963781786122,0.250293075217824,0.724799052350075
METTL12,22.8553294623563,0.687211772301751,0.600782459097095,1.14386124610653,0.252681185139933,0.725662219632253
CHST2,401.448407875945,-0.27702904406833,0.242602097960503,-1.14190704201343,0.253492661202476,0.72614983797782
SRSF3,6361.37213139041,0.224552964629085,0.196693641471678,1.14163814828462,0.253604460196213,0.726330577089712
TET2,23428.056779114,-0.188456668346002,0.166006394676491,-1.13523740283175,0.256275861930851,0.729628417674856
BATF,180.445909933412,0.428523803683305,0.378171139361733,1.13314782404219,0.257152180813356,0.730320029036293
HES1,804.18007566834,0.407076731050815,0.359289995328139,1.1330032462469,0.257212890077111,0.73035335676313
HERC2,330.484286924651,-0.299127724790519,0.264506881998141,-1.13088824960185,0.258102129589405,0.73077764043119
LSP1P3,19.4329326411243,-0.496492916199081,0.438719594938914,-1.13168621125348,0.257766380609677,0.73077764043119
S100P,4381.87718459752,0.236295765640868,0.209724543096057,1.1266958180123,0.259871111196173,0.731788660313316
LOC644669,40.8848345513458,0.411383418532695,0.365432309575746,1.12574451616032,0.260273675216973,0.73185040516355
AP1M2,48.1000460938865,-0.619136802538056,0.550516157411559,-1.12464783131732,0.260738296475124,0.732090542964926
LOC101927709,8.54961359836581,1.06245461500302,0.944682807101478,1.12466809707578,0.260729705488684,0.732090542964926
PMAIP1,6099.06545365809,-0.432924764869595,0.38563429630553,-1.12263034957502,0.261594520145805,0.732776028412945
RLIM,16515.6896090596,-0.256467780105445,0.228952339948749,-1.12017977262366,0.262637161798615,0.733979408993491
HOXA2,44.1868390703292,-0.487518335140983,0.436669467370305,-1.11644704191685,0.264230826827352,0.734211557062206
FLJ22447,19.4641643484219,-0.57129213197047,0.514590071581793,-1.11018879593689,0.266917679758903,0.735911140366891
LINC01314,14.7307134809113,0.655233623771752,0.591059255513745,1.1085751854139,0.267613487911714,0.736288576655495
SERTAD3,633.494141042127,-0.198369323628244,0.179388573831355,-1.10580801993962,0.268809622999367,0.736693773876144
TMEM158,17.983872041518,-0.74940429018596,0.67778616983428,-1.1056647708955,0.268871643615139,0.736693773876144
PLEKHG2,1800.9215581299,0.621594500713239,0.56354220520522,1.10301321706132,0.270021425461483,0.736858333746123
BCL6,94339.3866341312,-0.225832051659695,0.204860589608747,-1.10236943128496,0.270301095534636,0.736935211299608
MARCH1,122.670531727295,-0.417370968340646,0.379805475694251,-1.09890719078689,0.271808549827572,0.738257651672459
STX2,274.065569294844,0.282384336398871,0.258594468128887,1.09199681819229,0.274834499718293,0.741137570435688
SOCS1,360.124819333535,-0.382224867736939,0.351006045447574,-1.08894098177015,0.276179912481493,0.741137570435688
SLC12A3,28.992881096381,0.425476394308373,0.390173163966209,1.0904809289888,0.275501349632732,0.741137570435688
LENG9,8.5515760558527,1.19504686018614,1.09923183406573,1.08716543967437,0.276963701471072,0.741137570435688
CPNE9,23.3128572769357,0.636905906828812,0.587297884240917,1.0844682467263,0.278157238481683,0.742201011633643
SASH1,142.322059084177,0.20202116849608,0.18628598962518,1.08446785988877,0.278157409912186,0.742201011633643
TM9SF2,6906.76865513236,-0.219760564730851,0.20320376092736,-1.08147882562769,0.279484174618006,0.743225073719709
CCDC174,833.002144707403,-0.160258281841776,0.148127569353047,-1.08189368489411,0.279299771279282,0.743225073719709
ERN2,43.3903730830423,0.465728155317036,0.430855661495122,1.08093776393909,0.279724798789137,0.743324291579187
NABP1,34328.6251339158,0.262261677686121,0.243712889878165,1.07610917837472,0.281878431281792,0.746281522682314
TDRD9,96.5947108633779,-0.39578158483947,0.368967526633035,-1.07267321992026,0.283417759980809,0.746951250184129
LOC102723582,15.3107902951298,-0.654594115974474,0.610100166592692,-1.07292892514728,0.283303006876514,0.746951250184129
PDE7B,115.181017488437,-0.325592454662393,0.303710407643839,-1.07204905221495,0.283698000585735,0.746951250184129
LOC101927815,17.0469640169058,0.545467012926033,0.507898038956682,1.0739695196432,0.282836342883713,0.746951250184129
MIR3690,22.6183972700732,-0.68985516055798,0.643374745151396,-1.0722446999309,0.283610137930428,0.746951250184129
EIF2B5-AS1,434.020563757325,0.18031600232717,0.168980972502323,1.06707873470601,0.285936283593634,0.749597005945196
PGS1,3683.55489980825,-0.315218184249556,0.295890137592466,-1.0653216995144,0.286730376393501,0.750047582611793
LINC00884,90.5240011245173,0.470895696809043,0.443234949181509,1.06240651302117,0.288051178317845,0.752181268123626
RPL21P44,207.138168444587,-0.229875000967078,0.21662865976275,-1.06114768571636,0.288622789613596,0.752882921376168
TNFRSF9,2034.07440609599,0.267350248826495,0.252351957585999,1.05943401978716,0.289402163189636,0.752996149113617
SLC4A10,22.4667992422264,-0.737260368760954,0.695352285172664,-1.06026885146122,0.289022305669761,0.752996149113617
ZBTB6,114.21683617679,-0.413696977130996,0.390705046122652,-1.05884728450916,0.289669335266181,0.752996149113617
MIR5696,64.1533699394085,-0.521431436635038,0.492572077702404,-1.05858910855696,0.289786949242611,0.753021915674343
NRARP,152.522955061548,-0.983093805194952,0.931461089170691,-1.05543196234878,0.291227811293489,0.754273732157243
RBKS,45.0208648479081,-0.341443441442851,0.324803664962897,-1.05123026084652,0.293152848076112,0.75692547422058
PFDN6,87.8080006671525,0.271101418727278,0.257900470066112,1.05118621403746,0.293173073535546,0.75692547422058
LOC728485,21.7276842876533,0.547354716024725,0.520945475977195,1.05069482559185,0.293398773292486,0.756946923804397
WFIKKN1,26.7398880958337,-0.455311418205452,0.433757190002018,-1.04969192142575,0.293859779185917,0.757176722841846
SPATA20,31.2427352983636,0.590463450177691,0.563309191560955,1.04820489177798,0.294544217252592,0.75720357039957
CNR2,84.2150784019143,-0.675452411845254,0.644907836824846,-1.04736269785585,0.294932329078399,0.757606358471062
MIR590,15.2857650539627,-0.597873473522664,0.573027438438862,-1.04335924149024,0.29678194315534,0.759240538226274
ARHGAP31,101.01770120003,0.450356896623134,0.433224863068728,1.039545360885,0.298551173207495,0.761205957607004
ATF7IP2,63.0231938426503,0.479802376509033,0.462061653507509,1.03839470959526,0.299086331557612,0.761368319350864
SYT2,495.470679076387,-0.290452995248291,0.281452964151323,-1.03197703433008,0.302082876141275,0.764048601409434
CHIAP2,62.484759812312,-0.285491236125185,0.277626490257456,-1.02832851382602,0.303795322652601,0.76605504310484
TRA2B,2136.90071826721,-0.243263073494414,0.236585120817598,-1.02822642714697,0.303843329978216,0.76605504310484
LOC102467147,24.6945885605726,-0.516453557435465,0.503156228698197,-1.02642783290524,0.304689964243046,0.767411152973577
EID3,56.1425848541568,-0.341422174290186,0.333907445644547,-1.02250542401393,0.306541746802539,0.768699692292966
LOC101928449,44.2076514383385,1.59454075818732,1.56217668389305,1.02071729441872,0.30738839834012,0.769399661706311
SNHG8,63.5965148672624,0.30763704579293,0.301190086531307,1.02140495172291,0.307062620281042,0.769399661706311
DDN,15.4010887380526,0.561018043543428,0.550031191272016,1.01997496223078,0.307740335407275,0.769706341913783
DLX2,33.4408496511788,0.53441343896841,0.524369835479376,1.01915366371113,0.308130020751042,0.769735312547541
SNORA40,34.3696389419738,-0.375508207205912,0.369148625514158,-1.01722769977241,0.309045121703383,0.770442978930551
ZDHHC9,160.946941277485,0.405007589587587,0.398552958864111,1.01619516448171,0.309536458623839,0.770765938797347
MS4A14,22.7635409822102,0.695687113559945,0.68527165446133,1.01519902221376,0.310010966607174,0.771058427150605
ZNF114,165.264417682294,0.177744939217072,0.175558845788571,1.01245219754483,0.311321891680943,0.772631614351457
RPL39,1508.01306007336,-0.303849154006495,0.300883690026586,-1.00985584821712,0.312564358505757,0.772788447361178
PYCARD,1355.69873625794,-0.142199677250895,0.141023991102618,-1.00833678113266,0.313292811156633,0.773815823928639
LINC00824,391.513976376751,0.161614417783703,0.160281861463134,1.00831383107487,0.313303825178108,0.773815823928639
LPP-AS2,181.915401495322,0.305255720967736,0.303576103756897,1.00553277148647,0.314640377476237,0.774812347684699
PTGER3,25.0003641619074,-0.66072496765361,0.660047703000201,-1.00102608440319,0.316814197848639,0.77598083703316
CLUL1,17.0697699875494,0.563270090044619,0.561383444997942,1.00336070659633,0.31568685553952,0.77598083703316
ZNF470,88.2818762336679,0.247883594762717,0.248673488725057,0.996823569869107,0.318850155473165,0.776223272657041
HBEGF,2377.22112446809,0.602217133631385,0.603388090559461,0.998059363539989,0.318250573561511,0.776223272657041
LOC100129917,78.3205537484374,0.268897986871881,0.270541732988439,0.993924241933396,0.320259751280283,0.777155974020617
INHBE,101.365301491178,0.375161271800023,0.378475441863691,0.991243368268894,0.321566758650253,0.778329083091988
CAPN10-AS1,248.327642682187,0.200883713659804,0.202716157060558,0.990960545881864,0.321704845964302,0.778329083091988
AHR,672.273077555796,0.298945906749454,0.301800705417557,0.990540781990045,0.32190986597736,0.778329083091988
HNRNPU-AS1,1251.99487703417,-0.216922577313248,0.219175629340235,-0.989720335085752,0.322310832757913,0.778705420919607
VLDLR,58.1009880711429,-0.556843399246183,0.564788987502113,-0.9859317578215,0.324166601526024,0.779562606668407
LINC00624,19.3483844663258,0.516110901160635,0.524165708037554,0.984633090731791,0.32480432937246,0.780001121406039
GOLGA6L4,49.1702315423907,-0.319323664588616,0.324593006528051,-0.983766310938743,0.325230427249452,0.780251108930398
NET1,410.667267505523,-0.803010429875315,0.820958286760146,-0.978137918607703,0.328006116012201,0.781269288318838
TADA1,31.4240282663475,-0.422865056574303,0.432975556966896,-0.97664879638144,0.328743052617343,0.781905179464899
LOC283335,146.965114434903,0.272550820854847,0.279357333284104,0.975635103796131,0.329245322233682,0.78196010171731
RALGAPA1,300.459732043606,0.202074524362102,0.207154631440606,0.97547673907566,0.329323834486515,0.78196010171731
MYH7B,127.868158312005,0.37937178268692,0.388924472699558,0.975438187403503,0.329342949030136,0.78196010171731
PDE2A,132.390843747289,0.27802278499689,0.285288358813927,0.974532526152686,0.32979219733998,0.782403919651785
DENND5B,214.407387941126,0.223634430120291,0.22992594783421,0.972636765127286,0.330733863429347,0.783269948412998
PRCD,8.43292908801073,0.68387891205177,0.703502092363449,0.972106436463104,0.330997600408953,0.783269948412998
PMEPA1,61.1635367667055,-0.426890957064571,0.43894531344211,-0.972537908462875,0.330783015380821,0.783269948412998
PAM,907.11931916356,-0.331721379046393,0.341039099793757,-0.97267843847524,0.330713144680559,0.783269948412998
INPP1,374.961076384516,-0.352319173566439,0.36398819128674,-0.967941218974577,0.333073727087391,0.783582346119934
PPIL1,72.8829514501816,-0.546030958783658,0.563739930909183,-0.968586628062758,0.332751477779375,0.783582346119934
MIR29B1,26.7475835708653,-0.942463746265626,0.973594800135607,-0.968024630096992,0.33303206902857,0.783582346119934
ZAK,716.281951921528,0.226510119053509,0.235288329296929,0.962691688662796,0.335702268901852,0.784370339040442
CCAT1,50.8744618961765,0.311499743974054,0.324744079639067,0.959216082769751,0.337449900056619,0.784460942060891
GCNT1,121.484621904205,-0.360806474208759,0.376345977121624,-0.958709528312977,0.337705097019138,0.784460942060891
HCAR1,435.919923974361,0.233599516426923,0.243914588306268,0.957710311830986,0.338208855511976,0.784659474659514
RASD1,12.8827358734478,0.621609624280334,0.649829149852944,0.956573930887841,0.338782352109053,0.784894053311911
CISD1,154.155150086369,-0.35031308281694,0.366994502227195,-0.954545860199484,0.339807407054829,0.785230176262613
LOC728024,14.5000736327012,-0.505570271366863,0.530227944967315,-0.953496088173981,0.340338777244827,0.785433640521835
DDTL,53.9922494214293,0.289794622304663,0.304641663860967,0.951263916536776,0.341470419310707,0.785977521713316
ACOT9,1798.92798989615,-0.251599347466893,0.264687207951516,-0.950553483162584,0.341831091736145,0.786382098057233
TMEM253,114.54408983586,0.492564495451662,0.518435984821082,0.950097041627332,0.342062946281284,0.786598105871903
ZNF827,31.5896812063057,0.627127643328105,0.66013026154252,0.950005900142651,0.342109254656016,0.786598105871903
DGCR10,66.0161536416768,0.341185342279195,0.359564435661731,0.948885118883598,0.342679043890433,0.786695286566814
LINC01608,10.0411681406134,-0.751074158293879,0.793149406980496,-0.946951673522903,0.343663405028545,0.787379376123936
GAS5-AS1,19.4426195767984,0.457573357541703,0.483416855872043,0.946539931290313,0.34387326538577,0.787739171535789
PDZD7,45.0672971647367,0.352333133606218,0.373481258998468,0.943375671783475,0.345488782410331,0.7891910389851
LOC101928254,62.5215676981246,0.33840043141183,0.359203553590223,0.942085422122173,0.346148907411028,0.789556233744365
RCCD1,11.5820729333425,0.719582064655662,0.765158764280722,0.940434976696759,0.346994488219187,0.790638472545873
IDI2-AS1,158.204554027701,-0.310221923451254,0.332099480823734,-0.934123482161984,0.350240200311495,0.793707835263591
MIR29B2,84.3219691892851,0.320084908495593,0.342921521766285,0.933405715823645,0.350610530334983,0.793719951552651
HSD11B1L,25.2916559252537,0.450528431497001,0.485238680237503,0.928467679609727,0.353165025632445,0.7957644124672
SNORD5,22.0010271856479,-0.439570691767772,0.475074867074807,-0.925266146943017,0.354827483421525,0.796036700589487
NUDT16P1,141.254555091498,-0.377540942652057,0.40874873449748,-0.923650425771249,0.355668350631325,0.796285790465294
SUFU,213.052018326073,-0.172616431068374,0.187179684027975,-0.92219640162752,0.356426139707666,0.796589526352434
MEST,9.8553585379474,-0.708786471701782,0.769136372342538,-0.921535500321029,0.356770915644693,0.796589526352434
LOC100129520,11.2345110400262,1.13786288235728,1.23312756711032,0.922745474763586,0.356139861532346,0.796589526352434
INHBC,19.469041079691,0.887119031857869,0.966348527612297,0.918011469474484,0.35861286123167,0.798085882521486
DAPP1,4727.03520533538,0.244652058520502,0.266666093649306,0.917447190876261,0.358908353650626,0.79826998926052
SPTA1,94.5701171561216,-0.759912016789331,0.832191500602919,-0.913145611603553,0.361165964254809,0.799605284377155
LINC00311,156.776449970863,0.168413179169774,0.184396044461896,0.91332316623839,0.36107260187428,0.799605284377155
SYCP3,9.08888132538809,-0.756266573553304,0.830168132484548,-0.910980009904657,0.362305906470268,0.80070128017225
C7orf61,182.576135691615,0.376721471127532,0.415118584227485,0.90750326639457,0.364140722948281,0.80142128118768
ZNF257,11.3956451021956,-0.574622548109087,0.633331614685322,-0.907301222274519,0.364247528010044,0.801538053004838
KRT8P41,24.7580518562583,-0.515266232853777,0.568540749891,-0.90629604465918,0.364779178497837,0.80238976375084
SLC25A51P1,9.14589035128413,-0.588169349253344,0.649126940562434,-0.90609295732469,0.36488665266529,0.80238976375084
LOC100506023,178.197328873686,0.20761855507601,0.229483878939574,0.904719564770291,0.365613973475195,0.802598220070154
DLGAP1-AS2,992.636325850419,0.154359994816363,0.170960970183492,0.902896109273882,0.366581035778848,0.803087742740867
ZDHHC19,92.9747890445866,-0.294261597942868,0.328838118695683,-0.894852455396714,0.370865965214902,0.805214340217192
ADPRH,29.5852964890368,0.453069877783323,0.506928267054152,0.893755403335841,0.371452775043092,0.805594213771342
ATP1B3,728.976299444214,-0.365740524938335,0.409124766678407,-0.893958407621472,0.371344145255884,0.805594213771342
ANGPTL1,17.380728442087,0.453552316532267,0.508643864896687,0.89168934854722,0.372559464270774,0.80638306105516
LOC100506321,21.4308734434453,-0.47371907585666,0.531842764595626,-0.890712645525679,0.373083348994217,0.806537528853139
MGST1,25.2911152778012,-0.346547400158467,0.390888175133131,-0.886564041085248,0.375313660896544,0.808119071083847
HMGN5,69.5974532176703,-0.469901343709788,0.531434967828521,-0.884212316005166,0.37658161114586,0.808165816783065
USE1,146.660456079974,0.259392973189772,0.296355974851526,0.875274990894741,0.381424298411814,0.810275769008557
NFE2L3,770.809094191498,-0.196306921523275,0.225519341816999,-0.870466009441314,0.384045786865478,0.811008273287505
CTIF,75.6998472900151,-0.245142551398387,0.282006027811138,-0.869281246578749,0.384693317747278,0.811217682065208
N4BP2L2-IT2,193.144375303404,-0.216579668844501,0.251047264338054,-0.86270475567844,0.388299816990001,0.812810482968606
OR6W1P,389.314584737641,0.150790954155115,0.17455631423708,0.863852761867515,0.387668779361594,0.812810482968606
LOC101927189,49.4798577035114,0.2509791163522,0.292426069406227,0.858265191136397,0.390746045696097,0.814309080417258
HAGH,233.633378813853,0.169355227778122,0.19783318795191,0.856050643127123,0.391969767739223,0.814646749251488
OR7E5P,22.2822739965639,0.389784060632825,0.456261077720761,0.854300486423213,0.392938517755792,0.815548093959529
LOC101926889,2064.43878997865,-0.112873463363166,0.132358806701016,-0.852783930110025,0.393779137096722,0.815789587936957
SNORD56B,11.0100156907504,0.621190074958324,0.731355752456654,0.849367866283572,0.395676627895945,0.816017381228798
LINC01170,24.7733917642687,0.362459625157632,0.426845049914993,0.849159724892713,0.395792420623583,0.816044845673924
FAM124A,91.635826001895,0.236591626092898,0.27901373308245,0.847956921256577,0.396461962351932,0.816365089042707
C9orf64,123.097095767299,-0.153599944060408,0.181140969698185,-0.847958053422893,0.396461331809238,0.816365089042707
MIR22HG,7047.16614207979,0.191321968882147,0.225683331408731,0.84774523527237,0.396579868256966,0.816420451583845
IDI1,5427.12395984574,-0.229997154493237,0.27140760850114,-0.84742338567222,0.396759174181136,0.816436901227917
TPRN,23.557235372191,0.388903608971841,0.459195010227524,0.846924727642717,0.397037078604157,0.816436901227917
SYP,25.0626324048374,0.436604686326438,0.517209327923274,0.844154702467406,0.39858296313758,0.817166308670707
MIR21,150.133950257739,-0.330759109235477,0.392796675556023,-0.842061885496539,0.399753314236462,0.818103633210973
OXCT1,54.6591340057729,0.402371369898615,0.479011350497326,0.840003831810788,0.400906238075479,0.818570641433355
CNGB1,140.727571931364,0.195564245165361,0.234886420060105,0.832590684107316,0.405075614756216,0.821554826990269
RABEPK,171.791917143937,-0.219985258151519,0.264501319514827,-0.831698150145477,0.405579345071975,0.821780258496869
NAIP,11056.6029604159,-0.300899634422512,0.362121038883755,-0.830936626466225,0.406009431251983,0.821995472204836
YAE1D1,42.9769132207272,0.294350567164798,0.35493812712826,0.829301065924742,0.406934067880873,0.822638979843766
LINC01158,35.0482597781413,0.329147462877624,0.397159357159293,0.828754143505197,0.407243541305256,0.822698928478532
FANCA,349.247199623683,-0.185215783528978,0.223681255272102,-0.828034442598546,0.407650994394029,0.822861299322977
C18orf25,1898.01123712209,-0.114559099034563,0.138437018089696,-0.827517817238288,0.407943627595712,0.823117753799872
POU5F1P3,717.101626461017,-0.251574676320578,0.304444649909302,-0.826339620011471,0.40861146440857,0.823912035143123
RGPD1,504.190647811956,-0.27353346261563,0.330987137409316,-0.826417197830151,0.408567471011569,0.823912035143123
RGPD4,1095.64857661806,-0.212535346784225,0.257202091680002,-0.82633599670974,0.408613519205964,0.823912035143123
EGR1,91993.7410722787,0.504813925565585,0.611380658746857,0.825694955087881,0.408977154798295,0.824422318127464
ZNF284,23.8108612558372,-0.529402713727862,0.642785994054728,-0.823606485866877,0.410163189490153,0.824917551566643
ZNF226,277.024908620355,-0.219528502036791,0.266840288557921,-0.822696239848878,0.41068075415086,0.825240188451397
ATOH8,40.0882661072772,-0.493784399920625,0.600349834318065,-0.822494438565994,0.410795550601526,0.825240188451397
CHCHD7,199.987522811181,-0.2256651463839,0.274382074541206,-0.82244857562665,0.410821642799113,0.825240188451397
PPRC1,178.609684129695,0.290816319420426,0.354160408370198,0.82114294129806,0.411564852891607,0.825366461037411
PIP5K1P1,9.8660760884334,-0.541818379313609,0.663334316693714,-0.816810416223025,0.414036778684024,0.826042707742428
DCBLD2,84.6547871277683,-0.288765258177262,0.354875877683753,-0.813707767521451,0.415812383286335,0.826954192694858
C7orf65,99.0449126745532,0.229919940929019,0.28258202581498,0.813639651233722,0.415851415705165,0.826954192694858
EPHA3,23.8037546417837,0.358375203117677,0.441979406773732,0.810841404882794,0.417456753368127,0.827988915925749
INPP5E,36.3478148517638,0.334489811426822,0.412438415980861,0.811005470068395,0.417362529449906,0.827988915925749
CDC42BPG,235.563202726365,0.348120910951828,0.429523618046873,0.810481417843334,0.417663540664842,0.828082863884102
SASH3,8512.12602158971,-0.193726445476889,0.23977576946585,-0.807948384060884,0.419120296430576,0.829397688517673
LINC00629,12.1532629986988,-0.493440854911907,0.613425366023368,-0.804402429770257,0.421164598383176,0.830878526513483
KCNE5,27.1013306146023,-0.306500234309624,0.381824035769519,-0.802726401683725,0.422132889477893,0.831070857169346
FLJ45079,87.9896057508487,0.322057321428612,0.401382484595437,0.802370142666342,0.422338878901159,0.831134824630903
TMEM191A,11.4188700842778,-0.471771661670861,0.588861275670575,-0.801159256284298,0.423039455162194,0.831156858016235
ACKR2,163.790249024229,0.218463368070147,0.272767715804627,0.800913581087522,0.423181677173935,0.831156858016235
SERPINB6,238.562615966932,0.209177799577587,0.261012981546939,0.801407647764713,0.422895689142787,0.831156858016235
PTGER4P2-CDK2AP2P2,73.3612711257829,-0.209534512604441,0.261332250697046,-0.80179354842563,0.422672391217667,0.831156858016235
LRIF1,1402.06099082435,-0.2379826615469,0.297516090532906,-0.799898456317535,0.423769632250485,0.831232716113862
LOC101928517,11.5481503759297,-0.551113719070527,0.691256893310523,-0.797263252495275,0.425298157502395,0.831536315195912
TRIM28,2271.91568988618,-0.10781266947277,0.135789065365819,-0.793971658780625,0.427211930668608,0.832540294264834
IFITM2,165393.193488755,-0.143674450594136,0.181117971505981,-0.793264464036864,0.427623756246375,0.832888904190164
SSX2IP,74.4143187563895,-0.211206375505667,0.266644844380801,-0.792088727596168,0.428308942374647,0.833095248553373
ALDH7A1,20.4685291420629,0.443262556520429,0.560366303558788,0.791022860770439,0.428930651295305,0.833659806560252
SLC10A1,214.284123794141,0.255194593665783,0.324490980607459,0.786445876517275,0.431606315596998,0.835914933051692
CCDC170,273.38493184011,-0.279110032116181,0.354789230400816,-0.786692515443217,0.431461886526539,0.835914933051692
ZNF529-AS1,25.3429021016499,0.443675204955726,0.566239765729214,0.783546532420508,0.433306239573402,0.836760666894617
TMEM263,49.0333304074354,-0.391276912027993,0.501903657449206,-0.779585695821696,0.435634778178955,0.837570567098404
GLOD4,44.3465284693505,-0.33468461927757,0.429453401363863,-0.779326972879186,0.435787129675245,0.837570567098404
TBC1D7,448.523590501847,-0.203802555948241,0.261672493482943,-0.778845927730368,0.436070479403969,0.837706950837485
SCNN1A,137.974423136531,0.284232333214052,0.367478466449666,0.773466635909627,0.439246266845783,0.839475259619318
NDUFA11,228.449050527997,0.151224173086338,0.195537300932536,0.773377623425996,0.439298928858657,0.839475259619318
SULT1C4,10.8789684957834,0.595493163301854,0.771441965985085,0.771922178930784,0.440160520396916,0.840070232775422
PRR27,52.7228343755417,0.239495779986219,0.31108538052599,0.769871536814987,0.441376099467857,0.840641162420488
SNHG9,59.2916540841055,0.353880169289158,0.460526035037688,0.768425978913869,0.442234151140933,0.841068128802848
CISH,4818.85577206134,-0.647834225900985,0.847059118070617,-0.764804028527058,0.444388248553315,0.842012730392213
LINC01271,151.513272109932,0.278353147228956,0.365605849171374,0.761347631225893,0.446449457921584,0.843840401265473
ALG8,54.2923068212718,-0.312626482242192,0.411786402509606,-0.759195739191263,0.447735474503008,0.844807719838877
LOC100289650,23.2200399303849,-0.790151095693666,1.04212472433756,-0.75821163939464,0.448324294363558,0.845455260728848
LDHAL6A,163.031112156727,-0.217616183416302,0.288230504595702,-0.755007467795781,0.450244501457467,0.845654439576221
LOC101928694,107.386530196507,0.229439964598371,0.303331209262146,0.756400784332362,0.449408937887499,0.845654439576221
ARMC12,10.6120546290951,0.562182671238245,0.747091817976874,0.752494750592554,0.451753585519178,0.84646327690005
PRSS8,32.9008898106415,0.384913827092718,0.513808120974871,0.749139243580665,0.45377328401627,0.846689849408175
ZNF561,240.107683047675,-0.108436543904476,0.145830277902661,-0.743580451631967,0.457130333220989,0.849599284561891
RNASE6,1408.0840933022,-0.305834547555598,0.4122735618817,-0.741824302678317,0.458193794021865,0.850100178316951
NEIL1,60.6031643764455,0.304705186114086,0.411199749011644,0.741015009971366,0.458684339379309,0.850100178316951
IGF2BP3,22.9488633989851,-0.335235568945817,0.452713447507606,-0.740502785573173,0.458994971579681,0.850100178316951
NOP10,3927.53568466199,-0.150075655314563,0.202762057920439,-0.740156500943832,0.459205038410018,0.850170668877542
RAP1GAP,162.064220699184,0.176025325173351,0.237904056158601,0.739900479275567,0.459360383595757,0.85024716402675
ALDH1B1,90.5203706486972,0.204175084240226,0.279362453255351,0.730860865019683,0.464864142082224,0.85363863051538
MANBAL,107.744598845827,-0.26983820377571,0.369637677916805,-0.73000730146466,0.465385721558222,0.853888231856069
MRGBP,129.837440635096,-0.203654443237947,0.278980354821581,-0.729995642052261,0.465392848422593,0.853888231856069
TMCC1,6025.53011880837,-0.176783134378679,0.243434770859404,-0.726203301831442,0.467714148127194,0.855096370114115
RNF26,38.6555643378119,0.303153751632857,0.417531695234582,0.726061650152179,0.46780097755045,0.855150279260832
CD69,4943.87198007745,0.658005398409452,0.90758441537749,0.725007379215264,0.468447503419486,0.855283743694269
AIFM2,60.5624216715615,0.17987980615577,0.250377243586971,0.718435124449668,0.472489035981645,0.858021824537687
SNORD97,17.2234698177434,-0.410158250519845,0.572969607202859,-0.715846434721326,0.474086176595603,0.858021824537687
SNORA64,20.1744810905944,0.532270689393712,0.747573718665823,0.711997594489601,0.476466265609195,0.858021824537687
CD300E,383.453621414101,0.163387123815784,0.228917548161814,0.713737872556156,0.475389282956087,0.858021824537687
GREB1L,16.367233578501,-0.342532014016186,0.481379396658697,-0.711563511844785,0.476735108674059,0.858021824537687
USP53,232.538308928156,-0.118414334677258,0.165263980034291,-0.716516295037115,0.473672609414244,0.858021824537687
CLK4,775.046063051734,0.225238956986359,0.313742653188298,0.717909900670016,0.472812842826971,0.858021824537687
LYRM1,2732.79546526254,0.179522824894108,0.252498955597619,0.710984425536376,0.477093887043403,0.858044034910548
HDAC7,4168.80863988325,-0.111670004041338,0.157267932347015,-0.710062136475066,0.477665604923629,0.858252464188914
CSNK2B,1958.79007327271,-0.0886337081325251,0.124840476941179,-0.709975725054996,0.477719189702421,0.858252464188914
SOCS3,180976.923813598,-0.196254973694415,0.276809615724812,-0.708989003797905,0.478331300678628,0.858299979124533
ZNF414,399.971637687111,0.195440526232863,0.275500337334345,0.709402130407114,0.478074966091157,0.858299979124533
TSC22D2,5919.55103430767,0.146866592778952,0.207755968244776,0.706918766376497,0.479616961062321,0.858969639693548
RAD21-AS1,16.7445756702064,0.328407529260169,0.46437965769116,0.707196199964856,0.479444559729908,0.858969639693548
LOC284578,9.7107078101114,0.452372499598625,0.64328921094855,0.703217918005476,0.481919954472957,0.860703267192241
GOLGA6L3,8.75821123047932,-0.475404259935461,0.678111559346789,-0.701070868624343,0.483258789287272,0.860929198977553
ANKS3,21.1581717276447,0.354499794480194,0.506506472465986,0.699891933767934,0.483994795210751,0.861505852538303
FAM179A,50.5049059284115,-0.348441107537314,0.498691207236364,-0.698711151271942,0.484732563588365,0.861526673653314
PRKCG,35.6648823541218,0.309182618518153,0.443473046591535,0.697184690015511,0.485687218932163,0.86180504894328
LOC101928052,29.9107389293189,0.302730086699766,0.434240151589945,0.697148998293542,0.485709552852794,0.86180504894328
SYN1,39.8187972705948,-0.368411881319403,0.528531917576368,-0.697047555819883,0.485773033019326,0.86180504894328
MAP3K14-AS1,115.721955688172,0.23163756500279,0.332639729983025,0.696361691414947,0.486202347591518,0.862223986916673
EEFSEC,27.068915177621,-0.321881576719269,0.462489939873229,-0.695975304473646,0.48644429555143,0.86227787704249
TSC22D1,170.979716998264,0.304999086769301,0.439374912450454,0.694165911904892,0.487578167402991,0.862808544336631
TIPARP,2788.8802671613,-0.167389399778313,0.241585114421895,-0.692879609651737,0.48838510683522,0.863460236897881
COMT,33.1893878362879,0.252982547218567,0.365288195550959,0.692556042871842,0.488588204135039,0.863462053597861
ABCF2,138.858736135911,0.174582640504497,0.252399996483866,0.69169034443967,0.48913181191313,0.863858682029903
LINC00615,30.9099897342667,-0.344477316501442,0.498246244276652,-0.69137965505701,0.489326986009239,0.863998738143
QTRTD1,396.852205038945,-0.100113306283325,0.14553025716315,-0.687920905486281,0.49150259094976,0.864870576853542
MLLT1,3839.19201613037,-0.0739424834797135,0.10803766220763,-0.684413953141716,0.49371380760783,0.865402297960206
FAM129B,55.5273593583614,-0.319140432716847,0.466569668837161,-0.684014529946289,0.493965990749101,0.865626898391768
HOXA-AS2,9.65672233480572,-0.401091105677813,0.588099819382356,-0.682011951812964,0.495231393474725,0.865720286332933
LINC01138,410.053031973608,-0.107645642307062,0.158500329239889,-0.679150906646646,0.497042249950157,0.866946324386747
VPS18,1780.98974894529,-0.168833502531537,0.248862565084585,-0.678420647453155,0.497505021306126,0.866956437532018
UNC13A,45.6310427588333,0.238261166050386,0.352606011928656,0.675714984969101,0.499221620055105,0.867994156950042
HAS3,28.4438673875554,-0.3599586175803,0.53715080294189,-0.670125811241207,0.502777592140947,0.868309724744947
LOC100131635,22.9848035304386,-0.449634613266821,0.671988690247886,-0.669110388005129,0.503425063921138,0.868413075526979
CLEC4A,4493.71701878705,-0.193223549732948,0.289686725084023,-0.667008644172093,0.504766611938128,0.869324235229276
SNORD10,44.7409773287008,-0.297417064759118,0.446848305034082,-0.665588436631608,0.50567419947726,0.86959401946545
MAP2K6,475.4778332506,-0.23521953321775,0.352977999399588,-0.666385818996811,0.505164524346246,0.86959401946545
PIK3R3,48.8556814568164,-0.406075761304657,0.614179602834025,-0.66116777475333,0.508504724930566,0.871704536889816
LOC102724699,5656.05358179599,0.10844111091018,0.164153367806308,0.660608505078825,0.50886341326176,0.871761066280601
STEAP4,28011.9736630524,-0.189158064559748,0.28706256775118,-0.658943679218066,0.509931935775622,0.872489095711548
MIR4285,9.49775454491805,0.523734658631599,0.795938826042988,0.658008682947843,0.510532551734294,0.873101861867426
ETV3,675.529671606555,-0.157171828265323,0.239380056827565,-0.656578623751186,0.511451897455329,0.873403463845275
BRF1,105.150156352905,-0.163625840912881,0.249113157718797,-0.65683339415409,0.51128804931692,0.873403463845275
TUNAR,43.4094940097766,0.288539388040314,0.439861260821596,0.655978177076483,0.511838165600718,0.873431327232096
SYNJ2BP,295.091029724658,0.133403644095445,0.203547850213336,0.655392056244398,0.512215364683651,0.873444659530263
PRNP,696.172455018758,-0.206333893824874,0.314980307331361,-0.655069186937484,0.512423209698268,0.873444659530263
ZNF773,127.362616043455,-0.140799736348824,0.215711926031128,-0.652721149634102,0.513936065099657,0.874162802970462
C11orf72,2052.70067227865,0.11029181564085,0.169476760473398,0.650778403674774,0.515189543098202,0.874959760417205
MZT1,25.9266110344901,0.292531807697164,0.450646322503503,0.64913834439399,0.516248959324638,0.87554362005716
LOC101927018,83.2277171103966,-0.282795914422455,0.436534722848036,-0.647819977704041,0.517101392558087,0.876045376647352
TRIM38,9998.91090953012,-0.115748950159934,0.179452035178313,-0.64501330422316,0.518918564086367,0.876554764346239
PLG,26.2928566773399,0.264785543768894,0.411201959919885,0.643930646197509,0.51962040796679,0.876554764346239
C17orf58,14.9433815664519,0.327330032405554,0.510030509931272,0.641785199182814,0.521012660982522,0.877104613287464
IL20RB,34.4639315402972,0.231835535443174,0.36184959125681,0.64069586105636,0.52172030380393,0.87722972084004
SEPHS2,1024.24644163486,-0.208954104636779,0.326431989256987,-0.640115281325196,0.522097654933476,0.877392385628654
CERS1,12.1169784533901,-0.703213119706816,1.09892530536213,-0.639909843076263,0.522231214304186,0.877392385628654
LYSMD1,307.8709651809,-0.194713864698412,0.305240978422158,-0.637902111652639,0.523537403077738,0.877478542201162
KCTD21-AS1,39.9590338361063,0.201091870770338,0.315684641216542,0.637002389458663,0.524123287175003,0.877737291593578
NSFP1,41.8493583154425,-0.215077079802952,0.338814655666378,-0.634792728726389,0.52556360624047,0.878795234886465
LSAMP,18.6090567189954,0.343869426093805,0.541349486494406,0.635207818004198,0.525292885017514,0.878795234886465
SNORA31,36.0278149837397,-0.341029478484768,0.541849808429652,-0.629380084996456,0.529100252697622,0.879900892235415
ASB4,32.0596564740522,-0.284397923344352,0.452488321325963,-0.628519919610207,0.529663401703032,0.879900892235415
OSCP1,28.7055644571161,0.295560571450142,0.471013110926413,0.627499669528983,0.530331752729306,0.880128803522384
DHX38,1268.36436940473,-0.0839626572469014,0.134052977831633,-0.626339366756601,0.531092370403889,0.880326877434298
LINC00477,28.3562827446641,-0.220308687029183,0.353210167720397,-0.623732573869678,0.532803227001813,0.881707459583798
TSEN54,82.6535249099441,-0.248156514761275,0.399440145239268,-0.621260826481594,0.534428023808067,0.882260726026474
RPS16P5,174.870449273456,0.232853620006692,0.376258003778799,0.618866888326942,0.536004053261629,0.882959068407232
INHBA,89.6140012935158,0.408030627881701,0.662552788019595,0.615846216723842,0.53799602116724,0.88430717072772
ZFYVE19,67.4810654455506,-0.163962569245341,0.267396790877356,-0.613180766707645,0.539756820640956,0.885229678457998
CYLC2,15.7040460018633,0.38821155588579,0.633450844995003,0.612851903116258,0.539974268083978,0.885294223827656
CTSO,49.8937239832694,-0.236128770164752,0.385848857894694,-0.611972188937245,0.540556158085055,0.885578666241393
ACP2,57.5330998269557,-0.212353580858874,0.347634025282455,-0.610853844603777,0.541296343172477,0.885806251040398
ACP6,120.468963810461,0.12516080067299,0.205460683997961,0.609171537043224,0.542410744384115,0.886365486631636
FFAR1,19.1047095788327,0.616555197120909,1.01694557604089,0.606281409395814,0.544327901393753,0.887018116620502
BMP6,404.945848304514,-0.192206940419741,0.316159011329419,-0.607943893838512,0.543224686194867,0.887018116620502
HOXA4,23.4090294691899,-0.363063357570003,0.599411820265716,-0.605699362767086,0.544714407252749,0.887018116620502
DOLPP1,16.4944325460966,0.348705961509572,0.575791771570516,0.605611227403354,0.54477294509,0.887018116620502
POM121L9P,45.4774672284954,0.22484756174864,0.37174987871211,0.604835602173164,0.545288235370488,0.887275881514467
DNAJB9,3076.32400644923,-0.137056234415091,0.227588778903397,-0.602209981860598,0.54703437209594,0.887599128611332
VPS9D1,2309.74965443092,-0.215337960940004,0.359252423958303,-0.599405728616594,0.548902357785369,0.888038812241514
SUPT7L,286.569843007304,0.11155610793906,0.186542489574188,0.598019830193667,0.549826701500952,0.88839203902806
TOB2,1404.34735422035,-0.10392440269151,0.173892858143535,-0.597634680348567,0.550083718543582,0.88839203902806
BOLL,36.6675564314211,0.252644518396988,0.423255413879945,0.596907942844765,0.550568843969688,0.888500505369544
MTVR2,78.1625344227688,-0.283688118807964,0.476200373405363,-0.595732667698846,0.551353831021338,0.888997695104467
CCL16,29.1432918644691,0.27535286653111,0.462359212537974,0.595538834447891,0.551483348511433,0.889043243223864
OR7E156P,17.7151772127416,0.312451863371885,0.525985896335578,0.594030877155955,0.552491461264875,0.889134660942413
LOC143666,477.022783656309,0.181518622826854,0.306210705885703,0.592789929737494,0.553321747967784,0.88925540394677
PATE4,12.8974766417988,0.309755619770706,0.523821511568662,0.591338104544612,0.554293903192266,0.88925540394677
SERPINA2,18.5115042784354,0.376589517400516,0.636778732613041,0.591397762069046,0.554253939517341,0.88925540394677
RPL26,1148.42997618392,-0.141875981852692,0.240105235048264,-0.590890830948245,0.554593569924537,0.889413260381183
CYP51A1,655.027018642662,0.0768253038349488,0.13051153933759,0.588647595644606,0.556097698639979,0.889911469022214
TMEM223,23.0186006109857,0.286641011901087,0.487341901843525,0.588172309454157,0.556416641713479,0.890034218621191
PILRB,66.0723690421881,0.223826619851185,0.381497917979117,0.586704695629394,0.557402053591318,0.890164736214914
MACF1,2580.96669740558,-0.0962209702080016,0.164318633028144,-0.58557552746633,0.558160798019584,0.890607987731143
ZMYND10,23.5663773245006,-0.247599822800682,0.423670965306942,-0.584415367291691,0.558940890228997,0.890915347017997
ENO1,3833.02834609335,-0.177978715886267,0.305610381392229,-0.582371302556781,0.560316607137765,0.892163310083866
ANXA2R,50.0072895896381,-0.298849628292351,0.514490553131964,-0.580865142174336,0.561331347040172,0.892349896430028
CCNH,2236.39862484109,-0.152821399871171,0.263035705017792,-0.580991085833136,0.561246461431935,0.892349896430028
NUTM2G,26.7755824044904,-0.251640212913593,0.433548994119499,-0.580419321291826,0.561631878729534,0.892447118539535
TTYH3,571.972612264221,-0.107160536948155,0.185112187199239,-0.57889509366996,0.562659960953542,0.892888396427546
CD300LG,287.519455383479,-0.105873480237936,0.183632154440264,-0.576551969129007,0.564242153492809,0.892904098765053
NCR1,485.593016206863,-0.163802922918518,0.285514464425684,-0.57371146939266,0.566163065688848,0.893459237948972
ANKS6,12.9697657738357,0.442174683769898,0.772783514363674,0.572184415882621,0.567197044183661,0.893955772554528
CATIP,63.6614875594179,-0.167300661331038,0.293018931950045,-0.570955126406508,0.568030061327735,0.894247764617006
IKZF4,127.301567196137,-0.181035309526721,0.317963384591563,-0.569358983768738,0.569112545878572,0.894845643471097
LOC101928674,412.312469082661,-0.19532539974379,0.342993910264984,-0.569471917425265,0.569035923268394,0.894845643471097
LOC100996255,46.0374643163878,-0.213388903857763,0.375245510822854,-0.568664774669348,0.569583657279236,0.894949464769979
P2RY13,21980.2839978869,-0.120859800619764,0.213667684823664,-0.565643797373982,0.571635948390035,0.894949464769979
MDC1,282.940311335483,0.137654059884152,0.243320024646127,0.565732557706049,0.571575599236032,0.894949464769979
DBF4B,58.0913053446593,-0.148444162980984,0.263717648816491,-0.562890514332922,0.57350943979812,0.89563531219561
TP53INP2,55322.1922228187,0.130776670477459,0.232606452696192,0.56222288316424,0.573964172370601,0.89563531219561
DAB2IP,9.7056609467143,-0.602043425607972,1.06897333439125,-0.563197795715662,0.57330020372136,0.89563531219561
SHCBP1,60.3179680268163,-0.144161861662939,0.256806707112212,-0.561363304268948,0.574549894502165,0.895712314946348
MXD1,72614.0306777251,0.117318673343148,0.209029359159623,0.56125452335889,0.574624038614152,0.895721572891486
CISD3,23.6348205865709,0.248503501793357,0.443599037400174,0.560198469432612,0.575344070893282,0.895869131615928
GNAO1,11.2184778320065,-0.595739809964478,1.0678452019679,-0.557889672460582,0.576919724154922,0.896864243503765
SERPINB12,25.4246595525176,0.219406449089833,0.393262157818368,0.557913963313928,0.576903136125732,0.896864243503765
SLC45A3,24.7282533842158,-0.395691412753824,0.713452780406266,-0.554614718199714,0.579158219656617,0.897069643720308
TULP3,31.2575803163284,-0.258970446144766,0.466614686712016,-0.554998489159424,0.578895693853468,0.897069643720308
EMP1,51.8429094011404,-0.471209436306782,0.849514756828366,-0.554680695678584,0.57911308253235,0.897069643720308
KLF2,11420.519806103,-0.137085751892957,0.246270160125624,-0.556647836761988,0.577768063168952,0.897069643720308
LOC101928063,18.9120597876322,0.463205593403644,0.833185194966589,0.555945540321583,0.578248084827564,0.897069643720308
MRS2P2,125.692100070171,0.203604955966326,0.367850382367502,0.55349937291329,0.579921509869373,0.897130301130857
SSTR5-AS1,44.571816171777,0.214452110652283,0.388801804959933,0.55157179806401,0.5812417629041,0.897130301130857
PLEKHF1,23.4791247668191,-0.393159082291809,0.714468920936411,-0.550281573866809,0.582126260478208,0.897431593817618
NEO1,37.1969068985091,0.286930240901812,0.52550591379025,0.546007634495122,0.58506068932269,0.898431984294839
PLGLA,62.5049523110115,-0.20627096902081,0.378070425902602,-0.545588744552979,0.585348662985645,0.898538817406579
IL12A-AS1,13.2301750840357,0.348425207788861,0.642305085881364,0.542460608591875,0.587501236744886,0.89986753336765
TPT1,54836.8452321691,0.112584789316793,0.208154868352187,0.540870315491759,0.588596972626385,0.899945241169152
LINC01104,12.2975026006897,0.292359544365883,0.540834313048427,0.540571367815017,0.588803057418091,0.899945241169152
FAM124B,9.33792023871526,0.57442469635458,1.06021222905299,0.541801613501169,0.587955179749044,0.899945241169152
LINC00102,27.4925386723283,-0.281535985147077,0.520580112087417,-0.540812026064877,0.588637152844229,0.899945241169152
UBR1,1097.42438661569,-0.133576346767899,0.248204022155283,-0.538171563893233,0.590458609807002,0.900082719825393
PLAC9,161.788742050079,-0.215909772264266,0.402190530824925,-0.536834549091491,0.591381904512488,0.900458389110442
ATF3,335.170263133736,0.194646153887134,0.364089426818649,0.534610838847803,0.592918987075069,0.901156337736998
COL7A1,83.9841500052256,0.126439008880259,0.236804710467389,0.533937896043968,0.59338450212328,0.901226507807767
CSNK1A1L,205.368922897205,-0.126884241805723,0.238844475750866,-0.531242103912314,0.595251019751722,0.901404944929447
JMJD6,4681.78450942483,-0.108400072043916,0.204139948917754,-0.531008617463647,0.595412807553506,0.901404944929447
MGC70870,8.48616629723287,0.434315902076499,0.816247071044652,0.532088772484845,0.594664513176368,0.901404944929447
CYYR1,25.5494179849194,-0.240505455847141,0.451883520623166,-0.532228870651167,0.594567489454301,0.901404944929447
ARHGAP32,22.1632972039642,-0.349955493005587,0.661777064874458,-0.528811757887039,0.596936040439082,0.901819057150917
AGBL5,63.8901136869855,-0.168346057434686,0.318990156382201,-0.527746872643244,0.597675035631835,0.901928406540367
PLBD2,32.8746428865892,-0.265666548980756,0.506443296671585,-0.524573137262854,0.599879964868256,0.902616762756165
MECOM,21.5254846923157,0.247940191885969,0.473860414377543,0.523234658062037,0.600810965792362,0.902857472104861
CD151,97.987345425995,-0.188967675927028,0.361719354976551,-0.522415163377912,0.601381300614037,0.902897884148357
LAMB2P1,18.0536222396171,-0.279199810578872,0.535873576319446,-0.521018058954329,0.602354191157408,0.902898842055061
UMAD1,374.055045107107,-0.0703542212739983,0.13492868676,-0.521417816799316,0.602075742538699,0.902898842055061
ABCA3,9.75625248240283,0.562034085998035,1.0824060166426,0.51924516064808,0.603589790036184,0.903294986333126
HSPA8,10997.4393971912,-0.150263289340046,0.290803925854079,-0.51671685276851,0.605353829885224,0.903478968234033
SF3A2,531.140315549683,-0.0951824537906787,0.184761562655736,-0.515163719241924,0.606438619326134,0.903478968234033
LOC101928381,26.2634418005547,-0.24818603776656,0.481131541016061,-0.515838220130896,0.605967405958074,0.903478968234033
ZNF433,27.3021373567506,-0.195423574630756,0.3803658727533,-0.513777887632693,0.607407289487334,0.903747870709829
CELF3,31.405888138213,-0.188621337316297,0.367209300749078,-0.513661655441528,0.607488564976397,0.903778628241521
EXOC2,187.944338379069,-0.08940771731389,0.174979748137824,-0.510960372645339,0.609378805165997,0.905146028031923
C5orf42,38.394919117017,0.264400124367088,0.518957861504732,0.509482838549652,0.610413824475742,0.905601011182526
GK,21964.2915767722,0.145022143713103,0.284615879268804,0.509536376135,0.61037630753574,0.905601011182526
WNT2B,9.26394744751603,-0.411569992197965,0.80983447918533,-0.508214953519876,0.611302605118118,0.906038044076423
GBP4,1575.65755559132,0.142913298297967,0.281607403215945,0.507491268574274,0.611810161285598,0.906410186295661
NEK5,1039.13363440533,0.0914908185712659,0.180485720137524,0.506914444541946,0.612214850142884,0.906490125078748
UGT2B28,12.8115427850348,0.515777634682114,1.02226372205419,0.504544594075671,0.61387873336115,0.907425018717771
TNFSF15,968.545118455575,0.183410211928845,0.363655472748073,0.504351579099992,0.614014337851584,0.907425018717771
RQCD1,337.150789934867,0.095934904473618,0.191034208360349,0.502187044388696,0.61553595537003,0.907428436058924
RPH3A,141.971632317179,-0.222527892720572,0.44543558429425,-0.499573677018072,0.617375296519195,0.907735383377048
TRIM69,76.8253255932052,0.235670164299172,0.472249384486725,0.499037525597445,0.617752948172626,0.907735383377048
NF1,1702.54833171646,-0.056013118610843,0.112058994927783,-0.499853837230477,0.617177998898808,0.907735383377048
SLC25A39,66.8027229334656,0.218203686863229,0.436731628720314,0.499628770882927,0.617336495507531,0.907735383377048
BZRAP1,770.652382805352,0.176670964187409,0.354411775530905,0.498490672108051,0.61813824219893,0.907938107545813
AK2,1541.13637513032,0.152892437714364,0.306953058348066,0.498097130998424,0.618415582637169,0.907963708908482
SPSB2,99.6768504590697,0.191110422630392,0.384870835352863,0.496557299425338,0.619501271232562,0.907963708908482
ZNF730,22.8419188731912,-0.221561798110558,0.446580967484138,-0.496129065595316,0.619803353606755,0.907963708908482
ZFP36L2,15954.8916518773,0.212588635915271,0.430744281686073,0.493537917864237,0.621632554609156,0.907963708908482
ZEB2-AS1,10.3327626136986,0.500987990045249,1.00869263000651,0.496670616144005,0.619421346715414,0.907963708908482
SLC16A14,96.7790215646162,-0.292443408721141,0.595026549661953,-0.491479596813426,0.623087279351533,0.907963708908482
FOXI1,52.4237007471601,0.254583474630617,0.516569363748016,0.492835023710008,0.622129161377225,0.907963708908482
C5orf56,1351.15900032651,0.195814787251649,0.400717487747497,0.488660448418056,0.625082109551835,0.908285145102349
LUCAT1,12396.3332362913,0.0812133402149873,0.166449540680717,0.487915676323616,0.625609570205259,0.908469430225351
FAM13B,2550.78311359252,-0.10409396900071,0.213978196303978,-0.486469980580797,0.626633984309457,0.909289455677336
ALG3,44.6961376988397,-0.25764353068188,0.531172506550022,-0.48504681154392,0.627643140043448,0.909359967693378
MIR4257,193.745234134894,0.192038797773941,0.397281643460495,0.483382006027763,0.628824522199383,0.909621101846269
AHSA2,568.261099828933,-0.0656296777156307,0.135842738988226,-0.483129817643908,0.629003563564713,0.909621101846269
LINC00293,12.2046298780015,0.335045519397476,0.693377824116734,0.48320772275098,0.628948252436214,0.909621101846269
POU5F1,954.982064452958,0.104739769305985,0.217676818747137,0.481170985081581,0.630394980609034,0.909899375321576
SIPA1L1,11012.3573519164,-0.05230825025111,0.109237876803156,-0.478847189106103,0.632047343233332,0.910099558714591
ASPDH,10.3095815798762,-0.435504591038287,0.910495903001424,-0.478315816252065,0.632425440869532,0.910099558714591
C21orf91,680.96617151266,-0.146975313928618,0.306952756361336,-0.478820635692883,0.632066234995957,0.910099558714591
KCNH2,250.095713324498,-0.540874500070109,1.12969418036581,-0.478779575455515,0.632095448295498,0.910099558714591
ZNF878,9.94612315781571,-0.285061269117581,0.598923143816247,-0.475956342747441,0.634105480784275,0.910154625557843
SDHAF3,108.155140532621,0.120559013171552,0.255361411242704,0.472111320911241,0.636847332264651,0.911504724976506
IFNK,50.6694135579835,0.233588236150972,0.495518498802285,0.471401646387726,0.637353940497417,0.911872578000596
ATP6V0D2,34.4457042764488,0.188206700693565,0.399955471166311,0.470569136470955,0.637948452044564,0.912150073378771
ZNHIT2,11.9829972979003,-0.358714147135238,0.770481489874774,-0.465571401583625,0.641522317367301,0.914115740446765
SCARB2,399.594119876066,-0.0686599913011845,0.147549185366477,-0.465336295355677,0.641690646712569,0.914195347033774
KCNN2,37.7225090166458,0.228500769441709,0.492969118864343,0.463519439043378,0.642992084474718,0.91523727744311
ERG,39.9839851608717,0.376981595393827,0.817709032668603,0.461021684160126,0.644783047876911,0.916071247454826
HIBADH,47.0556179904477,-0.150484426801342,0.326923932882907,-0.46030410032795,0.645297958459931,0.916071247454826
ZAR1L,19.6710623104758,-0.245847448246501,0.537866721527525,-0.457078749078027,0.647614444159522,0.917569934876898
SLC51A,160.311307194056,-0.108133225978137,0.236466954350763,-0.457286838556467,0.647464888479598,0.917569934876898
LINC00368,29.4185374860213,-0.190023878136407,0.418600564285442,-0.453950363064563,0.649864553452506,0.917919690998636
EMCN,21.1046245927364,0.206919813740134,0.454132644589161,0.4556373918623,0.648650750105824,0.917919690998636
SMTNL1,97.3100483947661,-0.188446342463408,0.41659534694665,-0.452348649221808,0.651017834001568,0.918007416305025
XRCC4,220.291883575138,-0.0943241678682885,0.20821745735215,-0.453007970934742,0.650543001836149,0.918007416305025
SLC8A2,9.30734860025202,0.501939542244156,1.1134963661454,0.450777889811825,0.652149638290692,0.918167020656932
LRPPRC,209.036213311824,0.127993256686849,0.284137413391506,0.45046252501247,0.652376969816996,0.918167020656932
SAMD10,10.1928808977275,-0.393950926526662,0.874472777964919,-0.450501074994545,0.652349179230272,0.918167020656932
DGCR9,225.851096014629,0.174576707681845,0.390484011752994,0.447077735393366,0.654818933990826,0.919603025682904
NBEAL1,145.201716250012,-0.128994224470706,0.290603854761009,-0.44388339093709,0.657126893325651,0.920665999960707
LGALS9,2603.07809112906,-0.101646731076363,0.232572750854306,-0.437053484137699,0.662072560556041,0.92207000237282
HAS1,280.730174215931,-0.161114445321797,0.36885417709583,-0.436797128313226,0.66225848180703,0.92207000237282
SBK1,72.7295221724537,-0.185476685961666,0.42485780159998,-0.43656179847275,0.662429172358254,0.922136133112653
ZC3HC1,36.9238342928527,0.155862553757052,0.358291968260299,0.435015483360817,0.663551188788029,0.922739594797889
CDC42,18283.4686084137,0.0771433037192734,0.178427250470474,0.432351580354814,0.665485903823682,0.923731466077057
MTA3,25.5503502368196,-0.255534554908783,0.592414369168008,-0.431344289078703,0.666218051616141,0.923914333911865
BAG2,18.860649927848,-0.233537346240458,0.541023270444393,-0.431658597695126,0.665989562802331,0.923914333911865
LINC00899,37.168234650617,-0.135155773550819,0.313546403089938,-0.431055091746823,0.666428312974896,0.92399083594223
ABCB1,34.8990690194913,-0.308295601736612,0.721390727047016,-0.427362856462833,0.669115056983921,0.925422215641231
PPP2R3A,44.0770517142697,-0.140881191406582,0.331206254699777,-0.425357883214747,0.670575803541578,0.92572183004728
N4BP2,1403.58767024073,-0.339524091503947,0.79914296344976,-0.42486026535012,0.670938542052372,0.925946440491274
DSTNP2,163.953848746401,0.150657579607325,0.355446080122646,0.423854947437713,0.671671602397698,0.926236662945183
KLHDC1,9.06698026648359,-0.355537980259239,0.841183698391928,-0.422663897242556,0.672540499790607,0.926436031163618
SLC22A18AS,27.9157302792388,-0.189825001907065,0.452523883430887,-0.41948062601221,0.674864910926522,0.92697681677181
ACOT2,8.69282003495604,-0.376810254665999,0.896873709761901,-0.420137473720836,0.674385028558689,0.92697681677181
MADCAM1,74.6135056630822,-0.247924480573965,0.600298799021428,-0.413001793403746,0.679605299785956,0.927861303332457
SLC25A26,15.2209630942947,-0.250763258119607,0.607859914388626,-0.412534618888005,0.679947611828799,0.927861303332457
SNORA67,148.263810217769,0.139785207006875,0.340883717420842,0.410067128064968,0.681756705535787,0.928108484259786
LRRC28,81.7378016976315,-0.102204719337214,0.251633228934452,-0.406165432800761,0.684621050846873,0.928865915827322
MLX,1198.03803503007,-0.0746038908268667,0.183314170329427,-0.406972852632171,0.684027927038108,0.928865915827322
NPTXR,166.941359833123,0.0938623172700935,0.231270503720025,0.405855116672046,0.684849058232225,0.928865915827322
DCK,294.333462553096,0.0857626020316135,0.210766758742877,0.406907628808007,0.684075832679456,0.928865915827322
PITRM1,501.218142743735,-0.175441616131196,0.433486325684684,-0.404722377007139,0.6856815918295,0.929286599593086
ERI2,50.8198100507683,0.244332236705721,0.604747288666434,0.404023699295144,0.686195291820088,0.929470838340011
LOC101927623,51.0842912330119,0.121399361770586,0.302279828948309,0.401612513123875,0.687969219372921,0.930008226960483
NUP210L,19.0596498688597,0.207353551938182,0.52169327576791,0.397462573449824,0.691026380404415,0.930018174680632
RGS17,46.4751498700113,0.186393864876374,0.467615442386236,0.398605024515888,0.690184258788897,0.930018174680632
LOC101927446,79.2841512800195,0.108416471195049,0.271470376956154,0.399367593660357,0.68962236841018,0.930018174680632
TREML3P,1686.04824495244,-0.0942440437621043,0.238468254533323,-0.395205827067161,0.692690992618139,0.930378063362706
C1orf186,37.55345775605,-0.132945903081279,0.337830028577689,-0.393528969704083,0.693928831659026,0.930915101366687
LINC00176,14.7441272792532,0.209826373121609,0.533545309469427,0.393268143112844,0.694121444702076,0.930967992161351
RPAP3,876.69877244056,-0.0946298455695036,0.242183881954426,-0.390735522140615,0.69599273918209,0.931573555611142
PNP,262.089737468172,-0.155237648066184,0.397395097463475,-0.390638055318365,0.696064792228184,0.931573555611142
NAA15,136.535283151796,0.0885230776096733,0.227481493695298,0.389144084521645,0.69716956379283,0.931954975335467
VPS33A,504.866720219593,-0.0572994109491227,0.148550977703591,-0.385722206847095,0.699702414523883,0.93345883977485
PRORY,24.080705389964,0.174552098641195,0.452679709237754,0.385597355214163,0.699794892267797,0.93345883977485
SLAMF1,55.525728353928,-0.273280343571731,0.714650008739936,-0.382397453620096,0.702166578844525,0.933510637288997
LOC100133315,17.5333668003106,-0.219195901904988,0.572268192585791,-0.383030028131657,0.701697499586464,0.933510637288997
WHAMMP2,134.747851181259,0.0967063439971953,0.252089922464167,0.383618444767231,0.701261267172528,0.933510637288997
TFB1M,28.6580125098194,-0.175632129157418,0.46039628895351,-0.381480331991018,0.702846862641772,0.933510637288997
ZNF688,70.8167707504058,-0.121954949211033,0.322871321881541,-0.377719979898919,0.705638623694527,0.935145187519459
VSIG8,71.158998785655,-0.110913575942969,0.297775316136869,-0.372474043120446,0.709539934528743,0.936095139542752
TTYH2,89.5358787876225,-0.108188794009204,0.288381322920148,-0.375158810264427,0.707542361360324,0.936095139542752
ACTG1,43782.4886975762,0.0974034284010794,0.260867541364811,0.373382705611754,0.708863629256631,0.936095139542752
SNORD50B,8.54408946818236,0.288869848605041,0.772424858476902,0.373977928642335,0.708420737091178,0.936095139542752
SNORD14B,9.07768717087096,-0.297860199090326,0.803549474850461,-0.370680597041964,0.710875443714937,0.936383094062819
DHDH,39.789952145901,0.294349233348631,0.799432636303473,0.368197669174083,0.712725848179561,0.936522847546452
LOC102723824,28.2319291656095,0.143792946170801,0.391645621909426,0.367150653873658,0.71350664525358,0.936995826053772
CRACR2A,255.402569827755,0.084379146906403,0.230113032867058,0.366685649461459,0.713853512131315,0.937049249471384
HRH4,1384.35518907372,0.261186993377919,0.712587875000833,0.36653303057902,0.713967370044079,0.937049249471384
LOC101927780,624.864085803896,0.100080572682011,0.274355033128838,0.36478489765855,0.71527197935041,0.937497893131715
ZNF684,19.5938042770342,-0.187428951873968,0.517881027336767,-0.361915076977876,0.717415492818104,0.938287480645748
TMEM9,40.3315398742214,0.14269047603422,0.398105898126187,0.358423416246378,0.720026470493561,0.9385168388966
PRKCI,193.296387541443,0.0658057563179768,0.183462088269303,0.358688582141183,0.719828070911009,0.9385168388966
LOC102723704,24.3217512250095,0.171022492602891,0.474554450011084,0.360385394339673,0.718558947501655,0.9385168388966
EDN1,1038.0628172763,0.291638408293868,0.811007512071685,0.359600131876571,0.719146184944334,0.9385168388966
RPL13P5,60.9282711551644,0.147839218808638,0.415689048343624,0.355648577699428,0.722103759289738,0.939068322121339
HDC,60.250211067342,-0.217975010770553,0.613529478842732,-0.355280419747242,0.722379522675888,0.939068322121339
ETV7,164.935387564516,-0.0904042260300026,0.254254744815886,-0.355565541541682,0.722165953169892,0.939068322121339
SLC15A4,5962.27611398079,-0.0905727377814374,0.256695776407501,-0.352840779264145,0.724207810039623,0.939428159905714
IARS,70.0389649264694,-0.166329108138969,0.471796062259525,-0.352544502686999,0.7244299496356,0.939428159905714
SYS1,1312.47530859659,-0.0700520222673074,0.199143756095782,-0.351766099227407,0.725013684524618,0.939650423144625
TMEM144,65.5857533013838,-0.206131871317181,0.600794703991044,-0.343098682374959,0.731524222345896,0.941749026920264
ECT2L,44.5820964305554,0.101559089366324,0.298727425157177,0.33997243243699,0.733877288449104,0.942705617021472
CFAP44,62.8132642565733,-0.10008375634943,0.29522999148225,-0.339002673295295,0.734607716290484,0.942893033802948
PDE1C,33.3142416157253,-0.218219983908228,0.646194185397509,-0.337700321110116,0.735589032752374,0.943236392556848
DNAH7,40.5983200074835,-0.112451095352524,0.334085379703311,-0.336593883432993,0.736423067738632,0.943300446307511
MESDC1,843.271706968489,0.0992749874078667,0.296917626573399,0.334351949911352,0.738113993379415,0.943631909340086
IL24,10.4692450084275,-0.303394216816625,0.91465775844976,-0.331702447187288,0.740113952620523,0.943683257133196
MIR372,28.4174835073864,0.141138367854118,0.42402335074129,0.332855177922103,0.739243604776862,0.943683257133196
SDR39U1,22.5055936506838,-0.179091294718424,0.54228655040283,-0.330252141760456,0.74120945139135,0.943801094101535
FAM229B,50.1029311478111,0.101606426724159,0.307447228356756,0.330484120046307,0.741034189589564,0.943801094101535
RPL19P12,38.2264128966476,-0.132928353502982,0.401202891225166,-0.331324515376882,0.740399375489535,0.943801094101535
LINC01191,18.1453944143574,0.15130769848508,0.4678119217951,0.323437029788548,0.746364289552597,0.944679561118795
CA12,41.0351800864987,0.101703601709442,0.31556188260497,0.322293684109997,0.747230217434812,0.944817380766279
EP400NL,22.9030627471252,-0.179516567006644,0.558756341765862,-0.321278800056764,0.74799912062247,0.944931036496646
TNFRSF10D,978.683786026998,-0.0941219665708157,0.292942469694903,-0.321298467473299,0.747984217679062,0.944931036496646
CD8B,38.3740603367939,0.21534664773201,0.673310495412032,0.319832602045256,0.749095231821346,0.945370177752234
LINC00921,1633.25898521166,0.106504442643218,0.334222844725918,0.318662964916589,0.749982101329716,0.945729005780241
LAMA2,15.7851472922204,-0.291215342710472,0.913785627975664,-0.318691095367312,0.749960767719621,0.945729005780241
FOXO4,2639.26599906132,-0.0488673513532192,0.153261487097387,-0.318849518419246,0.749840626198472,0.945729005780241
FAM65C,113.050833864136,0.106725720971786,0.338073593472063,0.315687835526276,0.752239460743047,0.946501005730409
RAB28,199.743053546631,0.0579379620276392,0.183644203037202,0.315490285396607,0.752389425871725,0.946501005730409
CST3,1583.11833770439,-0.0694930372050652,0.224371218956646,-0.309723490954929,0.756771237418095,0.946789384531548
CKS2,121.628729590292,-0.0894192700554004,0.289323341822938,-0.309063449537106,0.757273261986005,0.946940814690364
LOC101928069,21.8798082148576,0.143918519426809,0.468284993239992,0.307331051612521,0.758591402832149,0.946956966368286
AEN,85.942250629111,-0.128174602967916,0.416561556450493,-0.307696668074913,0.758313155299618,0.946956966368286
CDK10,180.6743562363,0.115810789826234,0.378134908644911,0.30626844329516,0.759400264089637,0.946956966368286
SAMHD1,1289.96389432107,-0.0631328114414672,0.20548366083604,-0.307240055898373,0.758660658767429,0.946956966368286
MIATNB,44.0049587852652,-0.102145237732335,0.334216748511849,-0.305625729970603,0.759889627608749,0.946956966368286
MIR29A,17.1235860862231,0.298917074984156,0.969606405783511,0.308287025746916,0.757863937556128,0.946956966368286
ASPH,1558.5185081913,-0.0739508681213704,0.239411467001084,-0.308886074036861,0.757408190471391,0.946956966368286
C5orf58,2698.35550186556,-0.0775618057236169,0.255632589350064,-0.303411258794565,0.761576466558519,0.947475585700108
MIR3181,11.3005582184221,0.265804063480429,0.884965169644467,0.300355395441399,0.763906083096709,0.948943632434768
SH2B3,4853.28530245929,-0.0805491866645074,0.268708709720398,-0.299763959077925,0.764357208258575,0.949136427933675
PITRM1-AS1,47.3471999266364,-0.210713468171585,0.708995986579622,-0.297199803891868,0.766313971583165,0.949887092287086
LDHB,174.844671023558,-0.105159895369675,0.353723491223316,-0.297294067199185,0.766242010692608,0.949887092287086
CMAS,34.0459021775294,0.115900549082082,0.389717153765321,0.297396580987746,0.766163753649108,0.949887092287086
LRP4-AS1,16.8039060567301,0.147897254060654,0.501238964869985,0.295063361841824,0.767945477344927,0.95056268444869
ROBO3,10.0957265926479,-0.328596197989542,1.1175886984447,-0.294022477541903,0.768740727527008,0.950889344032628
BOD1,50.7856638532065,0.146519343255918,0.500450753172217,0.292774748218827,0.76969433091762,0.9511971978603
ENDOV,21.1129188895776,-0.142533516523343,0.48836584422524,-0.291858077727494,0.770395137720608,0.951461920399787
MTMR2,55.8868901432432,0.0943877419992139,0.324349502423901,0.291006279626895,0.771046516809104,0.951670157188709
KIAA0125,50.1498529123077,0.149620528313096,0.516397878976387,0.289738851386602,0.77201603146485,0.951750757182467
IL1RL1,758.192243363655,-0.289842030985984,1.00216792725341,-0.289215033832044,0.772416827890662,0.951853068164488
CWF19L2,443.204365698665,-0.0691121248558877,0.240866586593281,-0.286931142394557,0.77416504444227,0.952224546999796
CAPN12,22.1296640999641,-0.147038959579555,0.517339160135163,-0.284221591771901,0.776240569652306,0.952260484147334
C9orf66,455.616340217246,-0.0503090797186322,0.177202816312203,-0.283906772847198,0.776481825998431,0.952260484147334
NEURL4,260.879349573129,-0.0419874715309719,0.149280552177956,-0.281265515958964,0.778506757377846,0.952956683310829
HDAC11,18.7045019950796,0.13613006997854,0.485561493906585,0.280355983097642,0.779204403792801,0.953249927247666
ANKRD65,79.3726368432394,-0.0616186166311818,0.221704534673067,-0.277931241785589,0.781065140868608,0.954052293043947
EHD4-AS1,21.2631543463037,-0.126440847300707,0.458299731997633,-0.275891165699743,0.782631659435807,0.954683136472485
TJP2,322.889110318763,0.0535263840392886,0.193796573919632,0.276198814853591,0.782395367454748,0.954683136472485
DMXL1,701.393811614057,0.0409521330376712,0.149531927480426,0.273868823385774,0.784185431221538,0.955083752185691
LOC441454,48.3304298320657,0.0844352509035617,0.307849187097399,0.274274724255963,0.783873507105595,0.955083752185691
GADD45A,710.261498001027,0.0857227865778178,0.322739430564554,0.265609895970463,0.790539663409668,0.955545029822512
ATP1A1-AS1,27.965568323063,-0.112445292148621,0.42096359233464,-0.267114054982774,0.789381346333842,0.955545029822512
KBTBD4,69.0426854701318,-0.0813996817802307,0.305663277497479,-0.266305074154359,0.790004265552314,0.955545029822512
MTRNR2L3,724.874009292142,-0.0461173504809848,0.170192903569115,-0.270971054103068,0.786413295135002,0.955545029822512
LOC100996342,10.5573996581514,-0.18327002404754,0.683705255112008,-0.268054139817187,0.788657645489085,0.955545029822512
HIST1H2BC,1177.68080642959,-0.0544172160094474,0.203012568969404,-0.268048506975195,0.788661981249469,0.955545029822512
RSPH4A,29.3328959927448,0.104339773916998,0.393140681619495,0.265400602876261,0.790700871781167,0.955545029822512
PPP1R35,502.024629737842,0.0880569165722724,0.327816898872963,0.268616160042429,0.788225075301769,0.955545029822512
LGALS9B,124.784569537375,-0.0687738365128575,0.261198263672024,-0.263301277527686,0.792318375096883,0.955726947812643
PIM1,2723.3555496726,0.156103769280515,0.593021017125822,0.263234800744666,0.792369609250688,0.955726947812643
GPATCH4,24.2860447674878,-0.163375739059002,0.62129344245042,-0.262960668657049,0.792580894369911,0.955749889038448
MRPS2,14.8709206704089,-0.206776550118112,0.787287026887485,-0.262644427072039,0.792824653967766,0.955863516005527
APPL1,520.311859192524,0.0413265297175327,0.158089951465967,0.2614114896887,0.793775197519565,0.956107707019568
ATAT1,99.979729437297,-0.0872412382032882,0.334852294486838,-0.260536480232234,0.794449979469062,0.956148215948844
NIPSNAP3A,40.7408004659691,-0.126183677804948,0.483768343143093,-0.26083492149387,0.794219812899657,0.956148215948844
BCRP3,22.0916744587851,-0.141103471908639,0.542097006755218,-0.260291922202688,0.794638603067632,0.956216463477958
RPLP2,940.238961418781,0.0766842862091196,0.296608587154688,0.25853697273143,0.795992518432542,0.956319272213112
LOC101927153,255.193132142084,0.109462199890955,0.424919445795431,0.257606944031585,0.796710269991915,0.956319272213112
HOXB2,8.70238111154409,0.253627345472951,0.986966732025324,0.256976590236725,0.797196844648369,0.956319272213112
LINC00880,41.5550906176494,0.434211392776364,1.67561035995946,0.259136254556739,0.795530112837364,0.956319272213112
SH3D19,16.5741345287413,0.137963600094835,0.535073465782776,0.257840481573879,0.796530020720504,0.956319272213112
LPAR1,82.4247995643027,0.0966194964590312,0.375410086524521,0.257370539384056,0.796892743201246,0.956319272213112
NBPF8,1816.97317811089,-0.0615826911350464,0.241827892887462,-0.254655037513414,0.798989546347837,0.956747318506929
MRPL16,149.102900422166,-0.0542486359940069,0.214229990845589,-0.253226150922574,0.800093459400677,0.9572759469084
VPS9D1-AS1,642.824758662905,-0.0847378818466396,0.336397980147498,-0.251897712969279,0.801120127387904,0.957629256262602
FAM134B,370.306722130195,0.0829760805128709,0.330997747933982,0.250684728312474,0.802057868781341,0.95788331842205
CHI3L2,11.5415851036754,-0.213367553384519,0.85923988812186,-0.248321285282625,0.803885831394885,0.958523787182332
C19orf71,121.270890946096,-0.0600681609239619,0.248339295225591,-0.241879404825548,0.808873608928545,0.959032017579049
STARD4,270.73781769629,-0.095253193287782,0.390787825975415,-0.243746572836623,0.807427101056924,0.959032017579049
TRIM52,157.798833552118,-0.0461077844927306,0.1910977924816,-0.241278477861905,0.809339290390877,0.959032017579049
LOC101927136,51.5139834279546,0.0688761909628777,0.284503499488598,0.242092596705082,0.808708414582371,0.959032017579049
LOC101928280,57.9503288807776,-0.100437635958174,0.411535752193664,-0.244055675412884,0.807187700540985,0.959032017579049
ENO1-AS1,10.9069708239359,-0.362899643040104,1.5188075129844,-0.238937218796751,0.81115426483893,0.959198384622264
DERL3,19.3351611258317,-0.206027723930819,0.862475223505412,-0.238879585541539,0.811198955733655,0.959198384622264
LINC00700,126.377900996817,0.050809680044747,0.214071221498515,0.237349418988108,0.812385726391255,0.960035487710712
PRRG1,17.2288933475733,0.132465785180387,0.562467404869189,0.235508376189718,0.813814178407128,0.960235053610689
PLEKHG6,801.90918559325,0.101777837837594,0.437375450707536,0.232701304275194,0.815993356350919,0.960324686672744
CABP5,20.7917804236967,-0.160504714646617,0.68236723353696,-0.235217499841928,0.814039924084196,0.960324686672744
MRPL13,18.1282020959639,0.143020666537003,0.612671382249777,0.233437811330146,0.815421454875098,0.960324686672744
FXR2,439.448399052237,-0.0400047749099213,0.172877195453196,-0.231405737495042,0.816999608243305,0.9604978445197
MCC,425.029783882595,0.0825058238943653,0.35633120125353,0.231542518881646,0.816893357431987,0.9604978445197
THEM6,8.58249951670755,0.183750740593288,0.805100263977081,0.228233362743648,0.819464826085545,0.961766570347167
CASP4,19860.7432980161,0.0425983003910009,0.188014894270872,0.226568754332994,0.820759090901341,0.962133937906338
KIAA1024,58.4520554515231,-0.283422206113666,1.28701358774527,-0.22021694938761,0.825702196922986,0.964240266336237
PROCA1,125.122844659455,0.114452428614353,0.522288357527387,0.219136473108826,0.826543739739997,0.964240266336237
LOC100379224,27.7799991104786,0.0999410426758564,0.454638935772214,0.219825084945935,0.82600738248303,0.964240266336237
MAP4K4,20147.601792905,-0.0292014170266807,0.132906984440106,-0.219713186253505,0.826094534449897,0.964240266336237
LINC-PINT,3127.0221974532,0.0586552175715668,0.268744949480961,0.218256073964739,0.827229597297499,0.964632547730743
ISCA2,62.2727841401129,-0.057613942766377,0.268236025160853,-0.214788236337113,0.829932424901016,0.965684407176743
FRG1JP,90.4926159403052,-0.0513025978210596,0.242157019669349,-0.211856744401258,0.832218797513533,0.966128688369636
RAB15,128.122023920762,-0.0431088233029201,0.205273861599232,-0.210006393249833,0.833662683210828,0.966227328393721
RPL27A,2284.81177305612,-0.0425501042642067,0.204194553638477,-0.208380211450404,0.834932106171777,0.966803930195657
DDX12P,31.2785536864304,-0.139150358259688,0.667262746954562,-0.208539078338752,0.834808073178384,0.966803930195657
SOX9-AS1,64.3432830109521,0.0769985455013604,0.36943961514889,0.208419840060544,0.834901166331041,0.966803930195657
DRC7,492.019621689957,-0.0994631790726783,0.478281293668064,-0.207959584431725,0.835260524368644,0.966809059609645
HNRNPA2B1,13741.9504687267,0.0378184498107292,0.182184153313528,0.207583640634462,0.835554079005178,0.966866980887336
KLC2,61.8799520062304,0.0896771259093175,0.448067862148833,0.200141838959943,0.84136965251756,0.968048403384077
CENPJ,28.1467994409049,-0.0780583698458077,0.392195649791529,-0.199029157736195,0.842239936270062,0.968413582852385
LOXL1,139.835744302894,0.0412469454725859,0.209261191414488,0.197107476994562,0.84374343241552,0.969354021245501
NDUFS7,104.233372747585,0.0522892110115392,0.270203952072419,0.193517565566639,0.846553650725424,0.971065666114982
NBPF20,7353.21927190245,-0.0436989469295577,0.229240287824755,-0.190625074432657,0.848819343857131,0.971333635036831
KL,25.8457490563427,0.11154450731213,0.58284419206867,0.191379632550217,0.848228176012513,0.971333635036831
PATL2,342.654917798937,-0.0412633368201909,0.216876817991498,-0.190261629630736,0.849104119525179,0.971333635036831
HIF1A,26102.2955384917,0.0386623550440593,0.208095499013327,0.185791404558843,0.852608345346134,0.972049379722954
SEMA7A,760.332091005951,0.0802480240027277,0.431805857389305,0.185842833369391,0.852568013427613,0.972049379722954
ZNF613,51.9148633274528,-0.0588168312607966,0.315095178418736,-0.186663698111667,0.851924320476062,0.972049379722954
SEMG1,123.809176423782,-0.158364228654897,0.844342618022214,-0.187559203189161,0.851222209723247,0.972049379722954
MTMR9LP,39.8855214633138,-0.0826428129087081,0.453624996910236,-0.182183110436177,0.85543902710329,0.972317693195333
LINC01565,155.209526229447,-0.0450825884337133,0.244873657009511,-0.184105505607581,0.853930687457637,0.972317693195333
SGK1,33548.303915282,-0.0720676768717169,0.395183595899923,-0.18236505163531,0.855296250630652,0.972317693195333
CRB2,26.688654156117,-0.0739249717534307,0.400632471939175,-0.184520669020194,0.853605014007906,0.972317693195333
CLUHP3,15.9774740049917,0.133514335494147,0.755089617216471,0.176819191325036,0.859650414077253,0.973940728697255
ADAL,13.4610769734438,-0.106547484940131,0.605362570038445,-0.176006066799546,0.860289176237254,0.974179255886475
LIMS2,32.6894380441546,0.0874826552567995,0.499116789922287,0.175274919664435,0.860863617903053,0.974369805104763
IL22RA2,13.9421759575243,0.264617205779556,1.50990112956966,0.175254657803306,0.86087953812515,0.974369805104763
TBC1D4,113.600035055859,0.0865465826846219,0.510301710362686,0.169598848930196,0.865325627855681,0.975532752808479
SGK494,554.22939840423,-0.042478893517087,0.250369341484085,-0.169664916899529,0.86527366624396,0.975532752808479
RPL36,346.729912287241,0.0424929101401341,0.264170715043704,0.16085397706973,0.872208411156506,0.976879468067373
ECE2,23.184519573862,-0.161457293456681,1.01140640726366,-0.159636415487519,0.873167491414137,0.976879468067373
LOC644285,272.154542701325,-0.0412665064810415,0.258082336028272,-0.159896671411564,0.872962470613494,0.976879468067373
HLA-DOB,34.7238758463004,0.0634337612681291,0.396144472033749,0.160127846647637,0.872780365748158,0.976879468067373
MAP6D1,29.7389024435466,0.0632562637052476,0.399908113316841,0.158176995161713,0.874317330733261,0.977027936451278
C2orf80,24.9744094547492,-0.244924972493524,1.56418545957413,-0.156583077150077,0.875573440489369,0.977290945828314
LOC100129617,34.962357539859,-0.0602064543047816,0.422136212549081,-0.142623287258924,0.886587704925793,0.978922505237143
DANCR,21.9204516976555,0.0859031975691442,0.605088388829571,0.141968015177597,0.887105269937829,0.978947537610815
PRUNE2,430.887643362827,-0.044517680700599,0.314904123721932,-0.141368998838228,0.887578443625399,0.97902926711341
RNU6-33P,31.7171016906052,0.0581588354785713,0.419015986636638,0.138798607531424,0.889609294363935,0.97911916861302
SPTBN1,1049.19087976543,0.0369983701889041,0.278416612796337,0.132888514867353,0.894281550150038,0.979889726943251
LOC100130331,425.314190418488,-0.036344762435587,0.274520382702146,-0.132393675390658,0.894672916950074,0.97992259457943
ZNF705A,19.2606662435265,0.150818175162395,1.14238905401331,0.132019975710164,0.894968491710373,0.97992259457943
C15orf39,11328.3779426865,-0.0348135748368177,0.264024255369949,-0.131857487063214,0.895097015351655,0.97992259457943
LSMEM2,38.8161170505122,0.0845505672508509,0.646870710480575,0.130707057656137,0.896007049045258,0.97992259457943
XIST,816.190917842475,0.15505599861436,1.17970833053345,0.131435876649481,0.895430509364626,0.97992259457943
CD22,77.1744251122619,-0.0583350731166438,0.45279425055014,-0.128833511127333,0.897489388443598,0.980221215502517
RPL3,2367.09115444416,0.0378376869411814,0.299829981393928,0.126197142678233,0.899575873097077,0.98044076214169
ATF4,8398.4303090798,-0.0212154701009164,0.177488147890317,-0.119531756644545,0.90485408222123,0.981237908612355
NPPA-AS1,17.0109954131844,-0.0556591360565471,0.484981893004318,-0.114765389923643,0.908631082587009,0.981468880033156
ETS1,1525.4875456865,0.0304189165634826,0.263662445380527,0.115370683601075,0.908151314870302,0.981468880033156
SLC16A6,908.841821677318,-0.0418805293904611,0.371167367914425,-0.112834621280923,0.910161669794487,0.981935525491511
TARP,696.593134609507,0.0717169948148847,0.636087708509205,0.112747021920872,0.910231120793579,0.981935525491511
ASAP1,18959.9946408382,-0.0215950757563149,0.19142527495313,-0.112812039902267,0.910179572819769,0.981935525491511
SEMA3B,256.072084163799,0.0440598709782192,0.396555995792413,0.111106303890771,0.911532049913625,0.982694961923074
DLEU7-AS1,25.4040312404464,0.0456587698184898,0.41527716602064,0.109947701329238,0.912450851642519,0.983040616073628
NUTM2D,112.215525956579,-0.0226241663864921,0.209110480765803,-0.1081924076863,0.913843067392835,0.983326441105048
RRAS,16.7330441586834,0.06147511423329,0.572247592960377,0.107427475431158,0.914449858387123,0.983326441105048
RFT1,547.111403377074,-0.0149861291107895,0.140523187240252,-0.106645240583447,0.915070426421705,0.983326441105048
UNC5A,53.0504938793332,-0.0357134663238143,0.329789532491287,-0.108291691534381,0.913764313053699,0.983326441105048
RBM48,296.295295254618,-0.014894347362128,0.139333465505433,-0.106897128468732,0.91487059128889,0.983326441105048
KLF17,44.0298722742935,0.0544083400376934,0.515830476288394,0.105477172324488,0.915997182781019,0.983347969098248
CLEC5A,584.886464996409,0.044508446841022,0.423755593402231,0.105033296395393,0.91634938813288,0.983347969098248
ACTN1-AS1,42.5329776459701,0.0493554068876212,0.478764384446382,0.103089136308026,0.917892227055068,0.983583156001454
DPYD,2308.48612109497,0.0146384014811318,0.142827924293763,0.102489772595337,0.918367930388211,0.983612369305427
LINC01010,44.19653148041,-0.0345424640730291,0.344633234250575,-0.100229637307451,0.920162017312413,0.983612369305427
MRPS16,253.56624674727,-0.0143742909380154,0.144544259736408,-0.0994456020891351,0.920784476950304,0.98373918199406
GTF2H4,9.23764922264621,-0.0752913364010859,0.799726738417481,-0.0941463287198253,0.924992918789754,0.984936619683345
TMEM258,123.054828184349,-0.0199512098420945,0.221935862149455,-0.0898962864715352,0.928369632171753,0.985042783676795
GPHN,12.7251864267354,-0.0683687182797947,0.749570341191416,-0.0912105435910457,0.92732529730319,0.985042783676795
C7orf60,1053.6182139317,-0.014753332608511,0.162572904155659,-0.0907490253996146,0.927692014675685,0.985042783676795
UBXN8,12.6369563841208,-0.054931426007031,0.603798953148133,-0.0909763518479543,0.92751138160968,0.985042783676795
ALAS1,1134.24551200702,-0.0281780191782628,0.315605100496509,-0.089282521524314,0.928857384393149,0.985189942202099
CASZ1,503.360820565327,-0.0163181965654253,0.185364450908338,-0.088033042395462,0.929850414048699,0.985492091870389
BTD,189.805324198212,0.0146203373987073,0.174116354334962,0.0839687773991695,0.933081256098736,0.986296113234579
GPR146,13.7895179219572,0.0654316401744804,0.83113079892545,0.078726044395269,0.937250529336196,0.988011411691833
LAMB1,20.4333096580094,0.0523273119309482,0.667409574682464,0.0784035979043964,0.937507011629477,0.988011411691833
GDF6,8.88853408024059,0.0605144469789458,0.770162753080973,0.0785735829691357,0.937371800294935,0.988011411691833
C7orf31,51.9191504766063,0.0249038607497091,0.323653098871477,0.0769461526447441,0.938666381853189,0.988512940652257
USP12,354.275514040612,0.0163356788126787,0.212837576533006,0.07675185500031,0.938820951841735,0.988605906991653
SBF2-AS1,118.143417614555,0.026415303841143,0.346120204868779,0.0763182948281148,0.939165871123182,0.988621981165063
USP20,712.210822315664,0.0096038095597858,0.140924058783815,0.0681488288278628,0.945667160890699,0.991006564794587
C9orf40,61.580392397429,0.0280187081748056,0.41771652584736,0.067075891043497,0.946521286820811,0.991185446974142
CDK14,1335.26255067057,-0.0094743280693797,0.151951462585854,-0.0623510159635792,0.95028330261048,0.991920969540847
MUC1,24.4916072497943,-0.0312229167203391,0.552442339953709,-0.0565179647942179,0.954929184562371,0.992684911526603
CDCA4,61.9365038185123,-0.0217388737455787,0.384856279665823,-0.0564856932163221,0.954954892487638,0.992684911526603
LIPM,23.6662271190108,0.0405103336095896,0.77734338653329,0.0521138203674094,0.958438000869775,0.992898453904527
BATF2,428.936707591377,0.0368634948393581,0.708028460377658,0.0520649901837213,0.958476908898918,0.992898453904527
SC5D,561.835309030672,-0.014643681787071,0.266208096913765,-0.0550084011599942,0.956131770770907,0.992898453904527
DNAJB1,7439.8622742615,0.0163545961582315,0.319398015232207,0.0512044389078042,0.95916261474989,0.993137151545859
LOC101927066,43.8047577290743,0.0201602685504535,0.394172772882172,0.0511457663679879,0.959209367403392,0.993137151545859
LOC101928565,56.7276768081922,-0.0145152174709333,0.314411741050918,-0.0461662704529303,0.963177726076057,0.994514347777711
SNORA78,11.1190352340133,-0.0501203068495848,1.11536523827769,-0.0449362281784744,0.964158140087922,0.994727064728031
RAB30,84.070921300679,0.0211247276128787,0.499501918258057,0.0422915845579698,0.96626625383567,0.994891762960594
PRC1,50.6687037721638,-0.0127377981867213,0.292629447836178,-0.0435287640424084,0.965280035860236,0.994891762960594
LINC01004,2860.77833671054,0.0082434976119369,0.201972865114079,0.0408148768265521,0.967443479249188,0.994930322463495
SLC22A13,25.032014307409,0.0235721494203965,0.609145971972814,0.0386970455440335,0.969131928961066,0.995057827335121
LOC153684,54.4327377864216,0.0115229832326163,0.28922378026523,0.0398410643206766,0.968219837611986,0.995057827335121
LOC101929057,130.774842574915,0.0088337453876905,0.227290825742774,0.0388653847282324,0.968997714691099,0.995057827335121
OSTF1,4038.45165844797,-0.0062397097824264,0.170047301042139,-0.0366939654095436,0.970729020310051,0.995289232030512
LOC105747689,4229.77204005232,-0.0089734675917351,0.259770175634855,-0.034543871596517,0.972443458732376,0.995447304086142
C20orf195,9.12713599375874,-0.027027277201887,0.797133829348864,-0.0339055704409937,0.972952451174117,0.995447304086142
GRIN2C,11.0377374333082,-0.0201067457638299,0.60897716620195,-0.0330172408421009,0.973660838932943,0.995466445111036
ZNF451,790.98396904118,-0.0047008479511655,0.142980171865057,-0.0328776213501975,0.973772178721906,0.995466445111036
SPOCK2,1613.64723854075,-0.0125099533321165,0.391838980590107,-0.0319262604074679,0.974530856534194,0.995506972547717
HP,275.082778031295,0.0224907887116464,0.697040710685525,0.032266104930266,0.97425983946978,0.995506972547717
LYG1,12.2392469890243,-0.0182606561586655,0.558426832451911,-0.0327001768136526,0.973913682890972,0.995506972547717
TTC21A,156.63584976858,0.0069135643998463,0.214316809442631,0.0322586194607241,0.974265808902878,0.995506972547717
LOC101927438,14.4373014567237,0.018814466261501,0.64388931700245,0.0292200317114896,0.976689105058611,0.995703999084319
RPARP-AS1,16.7043494794867,-0.0153212659086422,0.575082388776654,-0.02664186246641,0.978745383678319,0.996099323799088
GOLGA6L9,40.2177271335814,0.0078418667861329,0.340273057085694,0.0230458057810851,0.981613734909396,0.996990099346443
CAB39L,101.175672288668,-0.0056701076212891,0.257040222869315,-0.022059223097437,0.982400713808282,0.997222776998734
LINC00628,15.8645986684346,-0.0161970663585972,0.774351761679458,-0.0209169361524639,0.983311916483616,0.997295380990296
FBXO6,1082.3752612394,0.0037739581763095,0.211855704085312,0.0178138143251967,0.985787384271142,0.99740211433906
C12orf76,38.8284992798441,0.0056209848666059,0.319927738147513,0.0175695452327869,0.985982252309374,0.99740211433906
SNORA48,27.6216965107132,0.0088569405176778,0.48493292047365,0.0182642591248021,0.985428039794414,0.99740211433906
ZNF614,34.962585100213,0.00729978243228,0.379067745995019,0.0192571974519192,0.984635929075773,0.99740211433906
ALPP,58.6661999445307,-0.0061361516283963,0.307370381387078,-0.0199633796877421,0.984072585515478,0.99740211433906
TRIM55,8.64621847228039,-0.0260151830220575,1.54261357262854,-0.0168643550683461,0.986544829255699,0.99740211433906
PTPN12,11057.1464355916,-0.0025469749884819,0.183416943449686,-0.0138862579463962,0.988920725244416,0.997806307565163
LOC100506860,813.454961427778,0.0028933497566274,0.275138773931743,0.010515965144721,0.991609628411643,0.998640896036117
LINC00656,68.6842082990226,0.0042156345286837,0.432289458245565,0.00975187908998,0.992219249559271,0.998669598798746
LOC100129138,42.0839935012455,0.0024980701118133,0.30622031091423,0.0081577544753817,0.993491125846485,0.998928453746772
LAMTOR2,128.678608870271,0.0012577157834054,0.21070717997114,0.0059690219553872,0.995237437819785,0.999037464752989
LOC100130744,210.833664049458,0.0017971722540971,0.334058705735018,0.0053798096659174,0.995707553633099,0.999037464752989
IL18BP,422.996645570032,-0.0005373046709115,0.21581287322967,-0.0024896785018922,0.99801352601417,0.999211119007865
ZNF354B,28.5441480894238,-0.0008821102490734,0.49995299749406,-0.0017643863593076,0.998592224095032,0.999278005875254
LINC01132,8.49049023577041,0.0,1.76619238620337,0.0,1.0,1.0
MIR6728,3.87228966431467,-0.959307600305167,1.9027745101816,-0.504162524341159,0.614147172852245,
HCRTR1,6.52018820124063,1.81327243902144,0.95899876560285,1.89079746925595,0.05865138515027,
MIR3605,8.11496789668288,-1.81171751020287,1.0185382372255,-1.77874275504667,0.0752819461606717,
RNVU1-19,3.08012020997477,1.45862495650916,1.37900612185193,1.05773638956027,0.290175640176352,
TCHH,7.09284761402733,0.905549011068072,1.4526586665349,0.623373564574619,0.533039065610287,
RUSC1-AS1,3.3372959743017,2.02009458483926,1.44565179637647,1.39735902511423,0.162305634338074,
IQGAP3,4.21534439056903,-1.4142465044867,1.35142388220752,-1.04648624543808,0.295336592072647,
OR6K3,3.23419999376924,-0.655845917000446,1.335912948221,-0.490934621057321,0.623472689364168,
MIR4260,7.58512405177677,1.79646095343208,0.940183100976223,1.91075648090969,0.0560358827130649,
LYPLAL1-AS1,2.85292792638344,2.59219622388197,1.61229434549196,1.6077686007706,0.107885867691105,
CYP26A1,5.84784266388896,1.67284497899214,1.19442501647627,1.40054415799769,0.161350429733706,
KCNQ1-AS1,4.11494834312079,2.09471659014647,1.26130401214053,1.66075471891314,0.0967627187469653,
OR52W1,5.40615815634443,2.64171369646305,0.996942128997154,2.64981649348133,0.0080535500973947,
RAB3IL1,6.02797825222486,-1.83158433551489,1.03734304848173,-1.76564959701193,0.0774546536941495,
LOC283214,3.0576986534605,-0.0403899361404687,1.47322919428886,-0.0274159216346275,0.978127999393894,
MMP19,6.37649448581193,1.33179976895995,1.30154050836241,1.02324880432313,0.306190222930715,
MIRLET7I,4.26592628827698,5.1079095914828,1.49776961729375,3.41034397580588,0.0006488099465643,
LINC00648,7.05097127798724,0.472944346490844,0.759464917417128,0.622733632119947,0.533459577761022,
MIR4308,5.96896197220274,3.40383996384399,1.42678406483406,2.38567282025249,0.0170479103079738,
SLC25A47,5.19251191883057,0.903220701506653,0.978053101906485,0.923488407476073,0.355752738839272,
EXOC3L4,5.81994862491409,3.74211110864094,1.09589221452954,3.41467076691244,0.0006385914942778,
GOLGA6L2,5.0925501594275,-3.32176009757959,1.11388403926782,-2.98214174947966,0.0028623943472959,
MIR628,5.70953941491525,-1.00814215843916,0.850733658330265,-1.18502676903349,0.236006863091554,
TMEM114,2.33599828046781,1.68826822790006,1.61605901042588,1.04468229007006,0.296169832633707,
DNAH3,5.07292594397899,0.866235493836732,1.00232450919891,0.864226591175606,0.387463427344651,
COX6A2,4.18638207765775,0.728411310603526,1.45618452960256,0.500219097096393,0.616920812921421,
MT1G,7.73215343405576,1.53951164607616,0.739891575555551,2.08072601032147,0.0374589919007233,
MT1H,2.34344731086513,2.21036278196302,1.69468473193258,1.30429143563616,0.192134234276977,
MT1IP,2.41820437433885,1.59968666973118,1.522167048653,1.05092714439376,0.293292052355813,
SLC9A5,4.06554056251906,2.53879258202987,1.56093139006757,1.62646007261086,0.103851820503742,
LOC100506281,5.02208317707379,0.912989229969099,1.05177919901212,0.868042675522223,0.385370970810435,
MIR6775,8.00516385306371,0.40775457717454,0.946026686193266,0.431018049623221,0.666455246401113,
SLC35G6,4.69555844287498,2.70369680946303,1.31494811120395,2.05612433405266,0.0397705332526745,
SNORD3A,5.12105050722452,1.77204225643454,1.09062211612643,1.62479948850506,0.104205290086184,
TIAF1,8.11054542443594,1.07811017933711,0.845167370075792,1.27561737178807,0.202090810166323,
SLC35G3,6.32179055616791,0.898161331743815,1.39347637413752,0.644547226213092,0.51922064378054,
MIR4734,3.95429373273823,3.53324802321191,1.39817484343395,2.52704305173606,0.0115027401288653,
PCGF2,3.61789828848422,-0.106196407436775,1.47463744621511,-0.0720152656568872,0.942589759157753,
SNORA21,8.13968209913781,0.0970970994131879,0.773515993664905,0.125526944767029,0.900106394902391,
CSF3,6.36972694849359,6.76819665410471,1.36011932221709,4.97617859223709,6.485181694743e-07,
WNK4,5.63012638348336,0.728335877761038,1.17551765860036,0.619587355776722,0.535529493405002,
RBFOX3,3.07440468187336,0.862617864656029,1.35010770620408,0.638925221070946,0.522871579767555,
ZNF812,6.8811544712995,2.88591532336894,1.02773956458,2.80802201533257,0.0049846818997687,
MIR4748,4.63824547385161,-0.570664479089676,1.49902399776819,-0.380690689368087,0.703432778392408,
BEST2,2.95264661972715,0.481028494070911,1.34393870129204,0.357924430339313,0.720399867499106,
LOC729966,6.83722862479142,1.76267243484533,1.27747495959579,1.37980977365151,0.167645222558922,
PRR19,7.40785321383435,1.104781015179,1.37986994351385,0.800641408541494,0.423339271247703,
KLK4,4.86243163374635,1.60367220818759,1.12543219947005,1.42493897805904,0.154174841175798,
MIR6807,7.02970432692397,0.984099693903816,0.953902279653333,1.03165671672517,0.302232960666099,
MATN3,5.07384023584046,3.4707541161175,1.32565842527528,2.61813605220122,0.0088411547125029,
ATP6V1B1-AS1,5.37186578801728,-0.944050993718077,0.963135880226708,-0.980184637598446,0.326994986277894,
ANKRD53,5.81984516092151,0.18199690184625,0.962308173775949,0.189125382913586,0.849994547785736,
EGR4,2.89917687160553,3.00201376723177,1.70151352630625,1.76431966059578,0.0776781756947601,
MIR3128,7.66509993913512,1.74156863880753,0.99018037617171,1.75883978385926,0.0786047253199804,
LOC100507140,2.4980276990103,2.44304980933717,1.60338157554958,1.52368584408848,0.127587207329537,
LOC100130264,5.78841882594463,-0.938885274584882,0.865882903593874,-1.08430974983801,0.278227483813755,
LINC01431,8.14907832832464,0.453473146524854,0.981507922889644,0.462016796756759,0.644069275220371,
FAM83C,2.33912382473685,0.799266097189527,1.76290961517032,0.453378942579712,0.650275896761443,
MGC39584,5.8304799325312,0.962798396630199,1.8457154167821,0.521639678509476,0.601921231307257,
MITF,7.14719512944813,1.35464777556596,0.941169390636299,1.43932408878079,0.150058720902048,
GXYLT2,6.39188125242853,3.79669949997042,1.24465830317082,3.05039502833682,0.0022854055466603,
CAMK2N2,2.43510364165594,1.05727570883849,1.96004304278505,0.539414536191101,0.589600853160018,
CXCL10,6.22709382208934,0.272310802740266,1.0997985726005,0.247600614807473,0.804443434988858,
PRSS12,6.08653082372937,0.505564868132838,1.0359783541005,0.488007173250065,0.625544760144362,
HSPA4L,5.20102056038913,2.10236797192576,1.278764322502,1.64406211131409,0.100163373254183,
MIR4645,6.09858286038746,2.43092689374133,1.00329522634771,2.42294274895599,0.0153953527185076,
HCG4,3.74534923134797,2.17414719992239,1.22671259005391,1.77233625671588,0.076338756121265,
MIR877,2.63677500960054,1.9142443484329,1.61072708800289,1.18843493891093,0.23466209814146,
MIR6835,4.51698159188175,1.68835699516018,1.51324956006939,1.1157161645451,0.264543649119271,
MRAP2,4.78780138515144,2.3688038157917,1.24633543625711,1.90061499246583,0.0573524603074479,
SLC22A3,4.35284394521224,0.450939138264775,1.19482211434529,0.377411108189832,0.705868113081351,
IL6,2.91726198994465,3.662531378733,1.902456581332,1.92515898374337,0.0542094716643559,
LOC102723885,6.88015109307964,2.07971785769792,1.01796774956757,2.04300957332036,0.041051490445878,
DNAJC5B,3.52466278788376,0.833394745830395,1.90722440694313,0.436967324241695,0.662135045424717,
MIR6847,4.18732835402341,1.0063705719969,1.61071083720309,0.624799032049979,0.53210296605474,
FAM166A,7.546802714961,-0.181461991340983,1.22619907829679,-0.147987381945382,0.882352726342088,
RS1,7.14761970108111,-0.838688193300568,0.848911713210062,-0.987956910300088,0.323173751761134,
